Warning: KiotaBuilder OpenAPI warning: #/paths/~1admin~1serviceAnnouncement~1healthOverviews~1{serviceHealth-id}~1issues~1{serviceHealthIssue-id}~1incidentReport()/get/responses/2XX/content/application~1octet-stream/schema/properties/value - The format base64url is not supported by Kiota for the type Null, String and the string type will be used.
Warning: KiotaBuilder OpenAPI warning: #/paths/~1admin~1serviceAnnouncement~1issues~1{serviceHealthIssue-id}~1incidentReport()/get/responses/2XX/content/application~1octet-stream/schema/properties/value - The format base64url is not supported by Kiota for the type Null, String and the string type will be used.
Warning: KiotaBuilder OpenAPI warning: #/paths/~1administrativeUnits~1validateProperties/post/requestBody/content/application~1json/schema/properties/onBehalfOfUserId - The format uuid is not supported by Kiota for the type Null, String and the string type will be used.
Warning: KiotaBuilder OpenAPI warning: #/paths/~1app~1calls~1{call-id}~1answer/post/requestBody/content/application~1json/schema/properties/participantCapacity - The format int32 is not supported by Kiota for the type Null, Number and the string type will be used.
Warning: KiotaBuilder OpenAPI warning: #/paths/~1app~1calls~1{call-id}~1record/post/requestBody/content/application~1json/schema/properties/initialSilenceTimeoutInSeconds - The format int32 is not supported by Kiota for the type Null, Number and the string type will be used.
Warning: KiotaBuilder OpenAPI warning: #/paths/~1app~1calls~1{call-id}~1record/post/requestBody/content/application~1json/schema/properties/maxSilenceTimeoutInSeconds - The format int32 is not supported by Kiota for the type Null, Number and the string type will be used.
Warning: KiotaBuilder OpenAPI warning: #/paths/~1app~1calls~1{call-id}~1record/post/requestBody/content/application~1json/schema/properties/maxRecordDurationInSeconds - The format int32 is not supported by Kiota for the type Null, Number and the string type will be used.
Warning: KiotaBuilder OpenAPI warning: #/paths/~1app~1calls~1{call-id}~1recordResponse/post/requestBody/content/application~1json/schema/properties/initialSilenceTimeoutInSeconds - The format int32 is not supported by Kiota for the type Null, Number and the string type will be used.
Warning: KiotaBuilder OpenAPI warning: #/paths/~1app~1calls~1{call-id}~1recordResponse/post/requestBody/content/application~1json/schema/properties/maxSilenceTimeoutInSeconds - The format int32 is not supported by Kiota for the type Null, Number and the string type will be used.
Warning: KiotaBuilder OpenAPI warning: #/paths/~1app~1calls~1{call-id}~1recordResponse/post/requestBody/content/application~1json/schema/properties/maxRecordDurationInSeconds - The format int32 is not supported by Kiota for the type Null, Number and the string type will be used.
Warning: KiotaBuilder OpenAPI warning: #/paths/~1app~1calls~1{call-id}~1redirect/post/requestBody/content/application~1json/schema/properties/timeout - The format int32 is not supported by Kiota for the type Null, Number and the string type will be used.
Warning: KiotaBuilder OpenAPI warning: #/paths/~1app~1calls~1{call-id}~1sendDtmfTones/post/requestBody/content/application~1json/schema/properties/delayBetweenTonesMs - The format int32 is not supported by Kiota for the type Null, Number and the string type will be used.
Warning: KiotaBuilder OpenAPI warning: #/paths/~1app~1onlineMeetings~1createOrGet/post/requestBody/content/application~1json/schema/properties/endDateTime - The format date-time is not supported by Kiota for the type Null, String and the string type will be used.
Warning: KiotaBuilder OpenAPI warning: #/paths/~1app~1onlineMeetings~1createOrGet/post/requestBody/content/application~1json/schema/properties/startDateTime - The format date-time is not supported by Kiota for the type Null, String and the string type will be used.
Warning: KiotaBuilder OpenAPI warning: #/paths/~1app~1onlineMeetings~1getAllRecordings(meetingOrganizerUserId='@meetingOrganizerUserId',startDateTime=@startDateTime,endDateTime=@endDateTime)/parameters/1/schema - The format date-time is not supported by Kiota for the type Null, String and the string type will be used.
Warning: KiotaBuilder OpenAPI warning: #/paths/~1app~1onlineMeetings~1getAllRecordings(meetingOrganizerUserId='@meetingOrganizerUserId',startDateTime=@startDateTime,endDateTime=@endDateTime)/parameters/2/schema - The format date-time is not supported by Kiota for the type Null, String and the string type will be used.
Warning: KiotaBuilder OpenAPI warning: #/paths/~1app~1onlineMeetings~1getAllTranscripts(meetingOrganizerUserId='@meetingOrganizerUserId',startDateTime=@startDateTime,endDateTime=@endDateTime)/parameters/1/schema - The format date-time is not supported by Kiota for the type Null, String and the string type will be used.
Warning: KiotaBuilder OpenAPI warning: #/paths/~1app~1onlineMeetings~1getAllTranscripts(meetingOrganizerUserId='@meetingOrganizerUserId',startDateTime=@startDateTime,endDateTime=@endDateTime)/parameters/2/schema - The format date-time is not supported by Kiota for the type Null, String and the string type will be used.
Warning: KiotaBuilder OpenAPI warning: #/paths/~1applications~1validateProperties/post/requestBody/content/application~1json/schema/properties/onBehalfOfUserId - The format uuid is not supported by Kiota for the type Null, String and the string type will be used.
Warning: KiotaBuilder OpenAPI warning: #/paths/~1chats~1{chat-id}~1markChatUnreadForUser/post/requestBody/content/application~1json/schema/properties/lastMessageReadDateTime - The format date-time is not supported by Kiota for the type Null, String and the string type will be used.
Warning: KiotaBuilder OpenAPI warning: #/paths/~1chats~1{chat-id}~1sendActivityNotification/post/requestBody/content/application~1json/schema/properties/chainId - The format int64 is not supported by Kiota for the type Null, Number and the string type will be used.
Warning: KiotaBuilder OpenAPI warning: #/paths/~1communications~1callRecords~1microsoft.graph.callRecords.getDirectRoutingCalls(fromDateTime={fromDateTime},toDateTime={toDateTime})/parameters/0/schema - The format date-time is not supported by Kiota for the type Null, String and the string type will be used.
Warning: KiotaBuilder OpenAPI warning: #/paths/~1communications~1callRecords~1microsoft.graph.callRecords.getDirectRoutingCalls(fromDateTime={fromDateTime},toDateTime={toDateTime})/parameters/1/schema - The format date-time is not supported by Kiota for the type Null, String and the string type will be used.
Warning: KiotaBuilder OpenAPI warning: #/paths/~1communications~1callRecords~1microsoft.graph.callRecords.getPstnBlockedUsersLog(fromDateTime={fromDateTime},toDateTime={toDateTime})/parameters/0/schema - The format date-time is not supported by Kiota for the type Null, String and the string type will be used.
Warning: KiotaBuilder OpenAPI warning: #/paths/~1communications~1callRecords~1microsoft.graph.callRecords.getPstnBlockedUsersLog(fromDateTime={fromDateTime},toDateTime={toDateTime})/parameters/1/schema - The format date-time is not supported by Kiota for the type Null, String and the string type will be used.
Warning: KiotaBuilder OpenAPI warning: #/paths/~1communications~1callRecords~1microsoft.graph.callRecords.getPstnCalls(fromDateTime={fromDateTime},toDateTime={toDateTime})/parameters/0/schema - The format date-time is not supported by Kiota for the type Null, String and the string type will be used.
Warning: KiotaBuilder OpenAPI warning: #/paths/~1communications~1callRecords~1microsoft.graph.callRecords.getPstnCalls(fromDateTime={fromDateTime},toDateTime={toDateTime})/parameters/1/schema - The format date-time is not supported by Kiota for the type Null, String and the string type will be used.
Warning: KiotaBuilder OpenAPI warning: #/paths/~1communications~1callRecords~1microsoft.graph.callRecords.getPstnOnlineMeetingDialoutReport(fromDateTime={fromDateTime},toDateTime={toDateTime})/parameters/0/schema - The format date-time is not supported by Kiota for the type Null, String and the string type will be used.
Warning: KiotaBuilder OpenAPI warning: #/paths/~1communications~1callRecords~1microsoft.graph.callRecords.getPstnOnlineMeetingDialoutReport(fromDateTime={fromDateTime},toDateTime={toDateTime})/parameters/1/schema - The format date-time is not supported by Kiota for the type Null, String and the string type will be used.
Warning: KiotaBuilder OpenAPI warning: #/paths/~1communications~1callRecords~1microsoft.graph.callRecords.getSmsLog(fromDateTime={fromDateTime},toDateTime={toDateTime})/parameters/0/schema - The format date-time is not supported by Kiota for the type Null, String and the string type will be used.
Warning: KiotaBuilder OpenAPI warning: #/paths/~1communications~1callRecords~1microsoft.graph.callRecords.getSmsLog(fromDateTime={fromDateTime},toDateTime={toDateTime})/parameters/1/schema - The format date-time is not supported by Kiota for the type Null, String and the string type will be used.
Warning: KiotaBuilder OpenAPI warning: #/paths/~1communications~1calls~1{call-id}~1answer/post/requestBody/content/application~1json/schema/properties/participantCapacity - The format int32 is not supported by Kiota for the type Null, Number and the string type will be used.
Warning: KiotaBuilder OpenAPI warning: #/paths/~1communications~1calls~1{call-id}~1record/post/requestBody/content/application~1json/schema/properties/initialSilenceTimeoutInSeconds - The format int32 is not supported by Kiota for the type Null, Number and the string type will be used.
Warning: KiotaBuilder OpenAPI warning: #/paths/~1communications~1calls~1{call-id}~1record/post/requestBody/content/application~1json/schema/properties/maxSilenceTimeoutInSeconds - The format int32 is not supported by Kiota for the type Null, Number and the string type will be used.
Warning: KiotaBuilder OpenAPI warning: #/paths/~1communications~1calls~1{call-id}~1record/post/requestBody/content/application~1json/schema/properties/maxRecordDurationInSeconds - The format int32 is not supported by Kiota for the type Null, Number and the string type will be used.
Warning: KiotaBuilder OpenAPI warning: #/paths/~1communications~1calls~1{call-id}~1recordResponse/post/requestBody/content/application~1json/schema/properties/initialSilenceTimeoutInSeconds - The format int32 is not supported by Kiota for the type Null, Number and the string type will be used.
Warning: KiotaBuilder OpenAPI warning: #/paths/~1communications~1calls~1{call-id}~1recordResponse/post/requestBody/content/application~1json/schema/properties/maxSilenceTimeoutInSeconds - The format int32 is not supported by Kiota for the type Null, Number and the string type will be used.
Warning: KiotaBuilder OpenAPI warning: #/paths/~1communications~1calls~1{call-id}~1recordResponse/post/requestBody/content/application~1json/schema/properties/maxRecordDurationInSeconds - The format int32 is not supported by Kiota for the type Null, Number and the string type will be used.
Warning: KiotaBuilder OpenAPI warning: #/paths/~1communications~1calls~1{call-id}~1redirect/post/requestBody/content/application~1json/schema/properties/timeout - The format int32 is not supported by Kiota for the type Null, Number and the string type will be used.
Warning: KiotaBuilder OpenAPI warning: #/paths/~1communications~1calls~1{call-id}~1sendDtmfTones/post/requestBody/content/application~1json/schema/properties/delayBetweenTonesMs - The format int32 is not supported by Kiota for the type Null, Number and the string type will be used.
Warning: KiotaBuilder OpenAPI warning: #/paths/~1communications~1onlineMeetings~1createOrGet/post/requestBody/content/application~1json/schema/properties/endDateTime - The format date-time is not supported by Kiota for the type Null, String and the string type will be used.
Warning: KiotaBuilder OpenAPI warning: #/paths/~1communications~1onlineMeetings~1createOrGet/post/requestBody/content/application~1json/schema/properties/startDateTime - The format date-time is not supported by Kiota for the type Null, String and the string type will be used.
Warning: KiotaBuilder OpenAPI warning: #/paths/~1communications~1onlineMeetings~1getAllRecordings(meetingOrganizerUserId='@meetingOrganizerUserId',startDateTime=@startDateTime,endDateTime=@endDateTime)/parameters/1/schema - The format date-time is not supported by Kiota for the type Null, String and the string type will be used.
Warning: KiotaBuilder OpenAPI warning: #/paths/~1communications~1onlineMeetings~1getAllRecordings(meetingOrganizerUserId='@meetingOrganizerUserId',startDateTime=@startDateTime,endDateTime=@endDateTime)/parameters/2/schema - The format date-time is not supported by Kiota for the type Null, String and the string type will be used.
Warning: KiotaBuilder OpenAPI warning: #/paths/~1communications~1onlineMeetings~1getAllTranscripts(meetingOrganizerUserId='@meetingOrganizerUserId',startDateTime=@startDateTime,endDateTime=@endDateTime)/parameters/1/schema - The format date-time is not supported by Kiota for the type Null, String and the string type will be used.
Warning: KiotaBuilder OpenAPI warning: #/paths/~1communications~1onlineMeetings~1getAllTranscripts(meetingOrganizerUserId='@meetingOrganizerUserId',startDateTime=@startDateTime,endDateTime=@endDateTime)/parameters/2/schema - The format date-time is not supported by Kiota for the type Null, String and the string type will be used.
Warning: KiotaBuilder OpenAPI warning: #/paths/~1communications~1presences~1{presence-id}~1setPresence/post/requestBody/content/application~1json/schema/properties/expirationDuration - The format duration is not supported by Kiota for the type Null, String and the string type will be used.
Warning: KiotaBuilder OpenAPI warning: #/paths/~1communications~1presences~1{presence-id}~1setUserPreferredPresence/post/requestBody/content/application~1json/schema/properties/expirationDuration - The format duration is not supported by Kiota for the type Null, String and the string type will be used.
Warning: KiotaBuilder OpenAPI warning: #/paths/~1contacts~1validateProperties/post/requestBody/content/application~1json/schema/properties/onBehalfOfUserId - The format uuid is not supported by Kiota for the type Null, String and the string type will be used.
Warning: KiotaBuilder OpenAPI warning: #/paths/~1contracts~1validateProperties/post/requestBody/content/application~1json/schema/properties/onBehalfOfUserId - The format uuid is not supported by Kiota for the type Null, String and the string type will be used.
Warning: KiotaBuilder OpenAPI warning: #/paths/~1dataClassification~1classifyFile/post/requestBody/content/application~1json/schema/properties/file - The format base64url is not supported by Kiota for the type Null, String and the string type will be used.
Warning: KiotaBuilder OpenAPI warning: #/paths/~1deviceManagement~1comanagedDevices~1bulkRestoreCloudPc/post/requestBody/content/application~1json/schema/properties/restorePointDateTime - The format date-time is not supported by Kiota for the type Null, String and the string type will be used.
Warning: KiotaBuilder OpenAPI warning: #/paths/~1deviceManagement~1comanagedDevices~1downloadAppDiagnostics/post/responses/2XX/content/application~1octet-stream/schema/properties/value - The format base64url is not supported by Kiota for the type Null, String and the string type will be used.
Warning: KiotaBuilder OpenAPI warning: #/paths/~1deviceManagement~1comanagedDevices~1downloadPowerliftAppDiagnostic/post/responses/2XX/content/application~1octet-stream/schema/properties/value - The format base64url is not supported by Kiota for the type Null, String and the string type will be used.
Warning: KiotaBuilder OpenAPI warning: #/paths/~1deviceManagement~1deviceCompliancePolicies~1getNoncompliantDevicesToRetire/post/requestBody/content/application~1json/schema/properties/skip - The format int32 is not supported by Kiota for the type Null, Number and the string type will be used.
Warning: KiotaBuilder OpenAPI warning: #/paths/~1deviceManagement~1deviceCompliancePolicies~1getNoncompliantDevicesToRetire/post/requestBody/content/application~1json/schema/properties/top - The format int32 is not supported by Kiota for the type Null, Number and the string type will be used.
Warning: KiotaBuilder OpenAPI warning: #/paths/~1deviceManagement~1deviceCompliancePolicies~1getNoncompliantDevicesToRetire/post/responses/2XX/content/application~1octet-stream/schema/properties/value - The format base64url is not supported by Kiota for the type Null, String and the string type will be used.
Warning: KiotaBuilder OpenAPI warning: #/paths/~1deviceManagement~1managedDevices~1bulkRestoreCloudPc/post/requestBody/content/application~1json/schema/properties/restorePointDateTime - The format date-time is not supported by Kiota for the type Null, String and the string type will be used.
Warning: KiotaBuilder OpenAPI warning: #/paths/~1deviceManagement~1managedDevices~1downloadAppDiagnostics/post/responses/2XX/content/application~1octet-stream/schema/properties/value - The format base64url is not supported by Kiota for the type Null, String and the string type will be used.
Warning: KiotaBuilder OpenAPI warning: #/paths/~1deviceManagement~1managedDevices~1downloadPowerliftAppDiagnostic/post/responses/2XX/content/application~1octet-stream/schema/properties/value - The format base64url is not supported by Kiota for the type Null, String and the string type will be used.
Warning: KiotaBuilder OpenAPI warning: #/paths/~1deviceManagement~1evaluateAssignmentFilter/post/responses/2XX/content/application~1octet-stream/schema/properties/value - The format base64url is not supported by Kiota for the type Null, String and the string type will be used.
Warning: KiotaBuilder OpenAPI warning: #/paths/~1deviceManagement~1getAssignmentFiltersStatusDetails/post/requestBody/content/application~1json/schema/properties/top - The format int32 is not supported by Kiota for the type Null, Number and the string type will be used.
Warning: KiotaBuilder OpenAPI warning: #/paths/~1deviceManagement~1getAssignmentFiltersStatusDetails/post/requestBody/content/application~1json/schema/properties/skip - The format int32 is not supported by Kiota for the type Null, Number and the string type will be used.
Warning: KiotaBuilder OpenAPI warning: #/paths/~1deviceManagement~1reports~1getActiveMalwareReport/post/requestBody/content/application~1json/schema/properties/skip - The format int32 is not supported by Kiota for the type Null, Number and the string type will be used.
Warning: KiotaBuilder OpenAPI warning: #/paths/~1deviceManagement~1reports~1getActiveMalwareReport/post/requestBody/content/application~1json/schema/properties/top - The format int32 is not supported by Kiota for the type Null, Number and the string type will be used.
Warning: KiotaBuilder OpenAPI warning: #/paths/~1deviceManagement~1reports~1getActiveMalwareReport/post/responses/2XX/content/application~1octet-stream/schema/properties/value - The format base64url is not supported by Kiota for the type Null, String and the string type will be used.
Warning: KiotaBuilder OpenAPI warning: #/paths/~1deviceManagement~1reports~1getActiveMalwareSummaryReport/post/requestBody/content/application~1json/schema/properties/skip - The format int32 is not supported by Kiota for the type Null, Number and the string type will be used.
Warning: KiotaBuilder OpenAPI warning: #/paths/~1deviceManagement~1reports~1getActiveMalwareSummaryReport/post/requestBody/content/application~1json/schema/properties/top - The format int32 is not supported by Kiota for the type Null, Number and the string type will be used.
Warning: KiotaBuilder OpenAPI warning: #/paths/~1deviceManagement~1reports~1getActiveMalwareSummaryReport/post/responses/2XX/content/application~1octet-stream/schema/properties/value - The format base64url is not supported by Kiota for the type Null, String and the string type will be used.
Warning: KiotaBuilder OpenAPI warning: #/paths/~1deviceManagement~1reports~1getAllCertificatesReport/post/requestBody/content/application~1json/schema/properties/skip - The format int32 is not supported by Kiota for the type Null, Number and the string type will be used.
Warning: KiotaBuilder OpenAPI warning: #/paths/~1deviceManagement~1reports~1getAllCertificatesReport/post/requestBody/content/application~1json/schema/properties/top - The format int32 is not supported by Kiota for the type Null, Number and the string type will be used.
Warning: KiotaBuilder OpenAPI warning: #/paths/~1deviceManagement~1reports~1getAllCertificatesReport/post/responses/2XX/content/application~1octet-stream/schema/properties/value - The format base64url is not supported by Kiota for the type Null, String and the string type will be used.
Warning: KiotaBuilder OpenAPI warning: #/paths/~1deviceManagement~1reports~1getAppsInstallSummaryReport/post/requestBody/content/application~1json/schema/properties/skip - The format int32 is not supported by Kiota for the type Null, Number and the string type will be used.
Warning: KiotaBuilder OpenAPI warning: #/paths/~1deviceManagement~1reports~1getAppsInstallSummaryReport/post/requestBody/content/application~1json/schema/properties/top - The format int32 is not supported by Kiota for the type Null, Number and the string type will be used.
Warning: KiotaBuilder OpenAPI warning: #/paths/~1deviceManagement~1reports~1getAppsInstallSummaryReport/post/responses/2XX/content/application~1octet-stream/schema/properties/value - The format base64url is not supported by Kiota for the type Null, String and the string type will be used.
Warning: KiotaBuilder OpenAPI warning: #/paths/~1deviceManagement~1reports~1getAppStatusOverviewReport/post/requestBody/content/application~1json/schema/properties/skip - The format int32 is not supported by Kiota for the type Null, Number and the string type will be used.
Warning: KiotaBuilder OpenAPI warning: #/paths/~1deviceManagement~1reports~1getAppStatusOverviewReport/post/requestBody/content/application~1json/schema/properties/top - The format int32 is not supported by Kiota for the type Null, Number and the string type will be used.
Warning: KiotaBuilder OpenAPI warning: #/paths/~1deviceManagement~1reports~1getAppStatusOverviewReport/post/responses/2XX/content/application~1octet-stream/schema/properties/value - The format base64url is not supported by Kiota for the type Null, String and the string type will be used.
Warning: KiotaBuilder OpenAPI warning: #/paths/~1deviceManagement~1reports~1getCachedReport/post/requestBody/content/application~1json/schema/properties/skip - The format int32 is not supported by Kiota for the type Null, Number and the string type will be used.
Warning: KiotaBuilder OpenAPI warning: #/paths/~1deviceManagement~1reports~1getCachedReport/post/requestBody/content/application~1json/schema/properties/top - The format int32 is not supported by Kiota for the type Null, Number and the string type will be used.
Warning: KiotaBuilder OpenAPI warning: #/paths/~1deviceManagement~1reports~1getCachedReport/post/responses/2XX/content/application~1octet-stream/schema/properties/value - The format base64url is not supported by Kiota for the type Null, String and the string type will be used.
Warning: KiotaBuilder OpenAPI warning: #/paths/~1deviceManagement~1reports~1getCertificatesReport/post/requestBody/content/application~1json/schema/properties/skip - The format int32 is not supported by Kiota for the type Null, Number and the string type will be used.
Warning: KiotaBuilder OpenAPI warning: #/paths/~1deviceManagement~1reports~1getCertificatesReport/post/requestBody/content/application~1json/schema/properties/top - The format int32 is not supported by Kiota for the type Null, Number and the string type will be used.
Warning: KiotaBuilder OpenAPI warning: #/paths/~1deviceManagement~1reports~1getCertificatesReport/post/responses/2XX/content/application~1octet-stream/schema/properties/value - The format base64url is not supported by Kiota for the type Null, String and the string type will be used.
Warning: KiotaBuilder OpenAPI warning: #/paths/~1deviceManagement~1reports~1getCompliancePoliciesReportForDevice/post/requestBody/content/application~1json/schema/properties/skip - The format int32 is not supported by Kiota for the type Null, Number and the string type will be used.
Warning: KiotaBuilder OpenAPI warning: #/paths/~1deviceManagement~1reports~1getCompliancePoliciesReportForDevice/post/requestBody/content/application~1json/schema/properties/top - The format int32 is not supported by Kiota for the type Null, Number and the string type will be used.
Warning: KiotaBuilder OpenAPI warning: #/paths/~1deviceManagement~1reports~1getCompliancePoliciesReportForDevice/post/responses/2XX/content/application~1octet-stream/schema/properties/value - The format base64url is not supported by Kiota for the type Null, String and the string type will be used.
Warning: KiotaBuilder OpenAPI warning: #/paths/~1deviceManagement~1reports~1getCompliancePolicyDevicesReport/post/requestBody/content/application~1json/schema/properties/skip - The format int32 is not supported by Kiota for the type Null, Number and the string type will be used.
Warning: KiotaBuilder OpenAPI warning: #/paths/~1deviceManagement~1reports~1getCompliancePolicyDevicesReport/post/requestBody/content/application~1json/schema/properties/top - The format int32 is not supported by Kiota for the type Null, Number and the string type will be used.
Warning: KiotaBuilder OpenAPI warning: #/paths/~1deviceManagement~1reports~1getCompliancePolicyDevicesReport/post/responses/2XX/content/application~1octet-stream/schema/properties/value - The format base64url is not supported by Kiota for the type Null, String and the string type will be used.
Warning: KiotaBuilder OpenAPI warning: #/paths/~1deviceManagement~1reports~1getCompliancePolicyDeviceSummaryReport/post/requestBody/content/application~1json/schema/properties/skip - The format int32 is not supported by Kiota for the type Null, Number and the string type will be used.
Warning: KiotaBuilder OpenAPI warning: #/paths/~1deviceManagement~1reports~1getCompliancePolicyDeviceSummaryReport/post/requestBody/content/application~1json/schema/properties/top - The format int32 is not supported by Kiota for the type Null, Number and the string type will be used.
Warning: KiotaBuilder OpenAPI warning: #/paths/~1deviceManagement~1reports~1getCompliancePolicyDeviceSummaryReport/post/responses/2XX/content/application~1octet-stream/schema/properties/value - The format base64url is not supported by Kiota for the type Null, String and the string type will be used.
Warning: KiotaBuilder OpenAPI warning: #/paths/~1deviceManagement~1reports~1getCompliancePolicyNonComplianceReport/post/requestBody/content/application~1json/schema/properties/skip - The format int32 is not supported by Kiota for the type Null, Number and the string type will be used.
Warning: KiotaBuilder OpenAPI warning: #/paths/~1deviceManagement~1reports~1getCompliancePolicyNonComplianceReport/post/requestBody/content/application~1json/schema/properties/top - The format int32 is not supported by Kiota for the type Null, Number and the string type will be used.
Warning: KiotaBuilder OpenAPI warning: #/paths/~1deviceManagement~1reports~1getCompliancePolicyNonComplianceReport/post/responses/2XX/content/application~1octet-stream/schema/properties/value - The format base64url is not supported by Kiota for the type Null, String and the string type will be used.
Warning: KiotaBuilder OpenAPI warning: #/paths/~1deviceManagement~1reports~1getCompliancePolicyNonComplianceSummaryReport/post/requestBody/content/application~1json/schema/properties/skip - The format int32 is not supported by Kiota for the type Null, Number and the string type will be used.
Warning: KiotaBuilder OpenAPI warning: #/paths/~1deviceManagement~1reports~1getCompliancePolicyNonComplianceSummaryReport/post/requestBody/content/application~1json/schema/properties/top - The format int32 is not supported by Kiota for the type Null, Number and the string type will be used.
Warning: KiotaBuilder OpenAPI warning: #/paths/~1deviceManagement~1reports~1getCompliancePolicyNonComplianceSummaryReport/post/responses/2XX/content/application~1octet-stream/schema/properties/value - The format base64url is not supported by Kiota for the type Null, String and the string type will be used.
Warning: KiotaBuilder OpenAPI warning: #/paths/~1deviceManagement~1reports~1getComplianceSettingDetailsReport/post/requestBody/content/application~1json/schema/properties/skip - The format int32 is not supported by Kiota for the type Null, Number and the string type will be used.
Warning: KiotaBuilder OpenAPI warning: #/paths/~1deviceManagement~1reports~1getComplianceSettingDetailsReport/post/requestBody/content/application~1json/schema/properties/top - The format int32 is not supported by Kiota for the type Null, Number and the string type will be used.
Warning: KiotaBuilder OpenAPI warning: #/paths/~1deviceManagement~1reports~1getComplianceSettingDetailsReport/post/responses/2XX/content/application~1octet-stream/schema/properties/value - The format base64url is not supported by Kiota for the type Null, String and the string type will be used.
Warning: KiotaBuilder OpenAPI warning: #/paths/~1deviceManagement~1reports~1getComplianceSettingNonComplianceReport/post/requestBody/content/application~1json/schema/properties/skip - The format int32 is not supported by Kiota for the type Null, Number and the string type will be used.
Warning: KiotaBuilder OpenAPI warning: #/paths/~1deviceManagement~1reports~1getComplianceSettingNonComplianceReport/post/requestBody/content/application~1json/schema/properties/top - The format int32 is not supported by Kiota for the type Null, Number and the string type will be used.
Warning: KiotaBuilder OpenAPI warning: #/paths/~1deviceManagement~1reports~1getComplianceSettingNonComplianceReport/post/responses/2XX/content/application~1octet-stream/schema/properties/value - The format base64url is not supported by Kiota for the type Null, String and the string type will be used.
Warning: KiotaBuilder OpenAPI warning: #/paths/~1deviceManagement~1reports~1getComplianceSettingsReport/post/requestBody/content/application~1json/schema/properties/skip - The format int32 is not supported by Kiota for the type Null, Number and the string type will be used.
Warning: KiotaBuilder OpenAPI warning: #/paths/~1deviceManagement~1reports~1getComplianceSettingsReport/post/requestBody/content/application~1json/schema/properties/top - The format int32 is not supported by Kiota for the type Null, Number and the string type will be used.
Warning: KiotaBuilder OpenAPI warning: #/paths/~1deviceManagement~1reports~1getComplianceSettingsReport/post/responses/2XX/content/application~1octet-stream/schema/properties/value - The format base64url is not supported by Kiota for the type Null, String and the string type will be used.
Warning: KiotaBuilder OpenAPI warning: #/paths/~1deviceManagement~1reports~1getConfigManagerDevicePolicyStatusReport/post/requestBody/content/application~1json/schema/properties/skip - The format int32 is not supported by Kiota for the type Null, Number and the string type will be used.
Warning: KiotaBuilder OpenAPI warning: #/paths/~1deviceManagement~1reports~1getConfigManagerDevicePolicyStatusReport/post/requestBody/content/application~1json/schema/properties/top - The format int32 is not supported by Kiota for the type Null, Number and the string type will be used.
Warning: KiotaBuilder OpenAPI warning: #/paths/~1deviceManagement~1reports~1getConfigManagerDevicePolicyStatusReport/post/responses/2XX/content/application~1octet-stream/schema/properties/value - The format base64url is not supported by Kiota for the type Null, String and the string type will be used.
Warning: KiotaBuilder OpenAPI warning: #/paths/~1deviceManagement~1reports~1getConfigurationPoliciesReportForDevice/post/requestBody/content/application~1json/schema/properties/skip - The format int32 is not supported by Kiota for the type Null, Number and the string type will be used.
Warning: KiotaBuilder OpenAPI warning: #/paths/~1deviceManagement~1reports~1getConfigurationPoliciesReportForDevice/post/requestBody/content/application~1json/schema/properties/top - The format int32 is not supported by Kiota for the type Null, Number and the string type will be used.
Warning: KiotaBuilder OpenAPI warning: #/paths/~1deviceManagement~1reports~1getConfigurationPoliciesReportForDevice/post/responses/2XX/content/application~1octet-stream/schema/properties/value - The format base64url is not supported by Kiota for the type Null, String and the string type will be used.
Warning: KiotaBuilder OpenAPI warning: #/paths/~1deviceManagement~1reports~1getConfigurationPolicyDevicesReport/post/requestBody/content/application~1json/schema/properties/skip - The format int32 is not supported by Kiota for the type Null, Number and the string type will be used.
Warning: KiotaBuilder OpenAPI warning: #/paths/~1deviceManagement~1reports~1getConfigurationPolicyDevicesReport/post/requestBody/content/application~1json/schema/properties/top - The format int32 is not supported by Kiota for the type Null, Number and the string type will be used.
Warning: KiotaBuilder OpenAPI warning: #/paths/~1deviceManagement~1reports~1getConfigurationPolicyDevicesReport/post/responses/2XX/content/application~1octet-stream/schema/properties/value - The format base64url is not supported by Kiota for the type Null, String and the string type will be used.
Warning: KiotaBuilder OpenAPI warning: #/paths/~1deviceManagement~1reports~1getConfigurationPolicyDeviceSummaryReport/post/requestBody/content/application~1json/schema/properties/skip - The format int32 is not supported by Kiota for the type Null, Number and the string type will be used.
Warning: KiotaBuilder OpenAPI warning: #/paths/~1deviceManagement~1reports~1getConfigurationPolicyDeviceSummaryReport/post/requestBody/content/application~1json/schema/properties/top - The format int32 is not supported by Kiota for the type Null, Number and the string type will be used.
Warning: KiotaBuilder OpenAPI warning: #/paths/~1deviceManagement~1reports~1getConfigurationPolicyDeviceSummaryReport/post/responses/2XX/content/application~1octet-stream/schema/properties/value - The format base64url is not supported by Kiota for the type Null, String and the string type will be used.
Warning: KiotaBuilder OpenAPI warning: #/paths/~1deviceManagement~1reports~1getConfigurationPolicyNonComplianceReport/post/requestBody/content/application~1json/schema/properties/skip - The format int32 is not supported by Kiota for the type Null, Number and the string type will be used.
Warning: KiotaBuilder OpenAPI warning: #/paths/~1deviceManagement~1reports~1getConfigurationPolicyNonComplianceReport/post/requestBody/content/application~1json/schema/properties/top - The format int32 is not supported by Kiota for the type Null, Number and the string type will be used.
Warning: KiotaBuilder OpenAPI warning: #/paths/~1deviceManagement~1reports~1getConfigurationPolicyNonComplianceReport/post/responses/2XX/content/application~1octet-stream/schema/properties/value - The format base64url is not supported by Kiota for the type Null, String and the string type will be used.
Warning: KiotaBuilder OpenAPI warning: #/paths/~1deviceManagement~1reports~1getConfigurationPolicyNonComplianceSummaryReport/post/requestBody/content/application~1json/schema/properties/skip - The format int32 is not supported by Kiota for the type Null, Number and the string type will be used.
Warning: KiotaBuilder OpenAPI warning: #/paths/~1deviceManagement~1reports~1getConfigurationPolicyNonComplianceSummaryReport/post/requestBody/content/application~1json/schema/properties/top - The format int32 is not supported by Kiota for the type Null, Number and the string type will be used.
Warning: KiotaBuilder OpenAPI warning: #/paths/~1deviceManagement~1reports~1getConfigurationPolicyNonComplianceSummaryReport/post/responses/2XX/content/application~1octet-stream/schema/properties/value - The format base64url is not supported by Kiota for the type Null, String and the string type will be used.
Warning: KiotaBuilder OpenAPI warning: #/paths/~1deviceManagement~1reports~1getConfigurationPolicySettingsDeviceSummaryReport/post/requestBody/content/application~1json/schema/properties/skip - The format int32 is not supported by Kiota for the type Null, Number and the string type will be used.
Warning: KiotaBuilder OpenAPI warning: #/paths/~1deviceManagement~1reports~1getConfigurationPolicySettingsDeviceSummaryReport/post/requestBody/content/application~1json/schema/properties/top - The format int32 is not supported by Kiota for the type Null, Number and the string type will be used.
Warning: KiotaBuilder OpenAPI warning: #/paths/~1deviceManagement~1reports~1getConfigurationPolicySettingsDeviceSummaryReport/post/responses/2XX/content/application~1octet-stream/schema/properties/value - The format base64url is not supported by Kiota for the type Null, String and the string type will be used.
Warning: KiotaBuilder OpenAPI warning: #/paths/~1deviceManagement~1reports~1getConfigurationSettingDetailsReport/post/requestBody/content/application~1json/schema/properties/skip - The format int32 is not supported by Kiota for the type Null, Number and the string type will be used.
Warning: KiotaBuilder OpenAPI warning: #/paths/~1deviceManagement~1reports~1getConfigurationSettingDetailsReport/post/requestBody/content/application~1json/schema/properties/top - The format int32 is not supported by Kiota for the type Null, Number and the string type will be used.
Warning: KiotaBuilder OpenAPI warning: #/paths/~1deviceManagement~1reports~1getConfigurationSettingDetailsReport/post/responses/2XX/content/application~1octet-stream/schema/properties/value - The format base64url is not supported by Kiota for the type Null, String and the string type will be used.
Warning: KiotaBuilder OpenAPI warning: #/paths/~1deviceManagement~1reports~1getConfigurationSettingNonComplianceReport/post/requestBody/content/application~1json/schema/properties/skip - The format int32 is not supported by Kiota for the type Null, Number and the string type will be used.
Warning: KiotaBuilder OpenAPI warning: #/paths/~1deviceManagement~1reports~1getConfigurationSettingNonComplianceReport/post/requestBody/content/application~1json/schema/properties/top - The format int32 is not supported by Kiota for the type Null, Number and the string type will be used.
Warning: KiotaBuilder OpenAPI warning: #/paths/~1deviceManagement~1reports~1getConfigurationSettingNonComplianceReport/post/responses/2XX/content/application~1octet-stream/schema/properties/value - The format base64url is not supported by Kiota for the type Null, String and the string type will be used.
Warning: KiotaBuilder OpenAPI warning: #/paths/~1deviceManagement~1reports~1getConfigurationSettingsReport/post/requestBody/content/application~1json/schema/properties/skip - The format int32 is not supported by Kiota for the type Null, Number and the string type will be used.
Warning: KiotaBuilder OpenAPI warning: #/paths/~1deviceManagement~1reports~1getConfigurationSettingsReport/post/requestBody/content/application~1json/schema/properties/top - The format int32 is not supported by Kiota for the type Null, Number and the string type will be used.
Warning: KiotaBuilder OpenAPI warning: #/paths/~1deviceManagement~1reports~1getConfigurationSettingsReport/post/responses/2XX/content/application~1octet-stream/schema/properties/value - The format base64url is not supported by Kiota for the type Null, String and the string type will be used.
Warning: KiotaBuilder OpenAPI warning: #/paths/~1deviceManagement~1reports~1getDeviceConfigurationPolicySettingsSummaryReport/post/requestBody/content/application~1json/schema/properties/skip - The format int32 is not supported by Kiota for the type Null, Number and the string type will be used.
Warning: KiotaBuilder OpenAPI warning: #/paths/~1deviceManagement~1reports~1getDeviceConfigurationPolicySettingsSummaryReport/post/requestBody/content/application~1json/schema/properties/top - The format int32 is not supported by Kiota for the type Null, Number and the string type will be used.
Warning: KiotaBuilder OpenAPI warning: #/paths/~1deviceManagement~1reports~1getDeviceConfigurationPolicySettingsSummaryReport/post/responses/2XX/content/application~1octet-stream/schema/properties/value - The format base64url is not supported by Kiota for the type Null, String and the string type will be used.
Warning: KiotaBuilder OpenAPI warning: #/paths/~1deviceManagement~1reports~1getDeviceConfigurationPolicyStatusSummary/post/requestBody/content/application~1json/schema/properties/skip - The format int32 is not supported by Kiota for the type Null, Number and the string type will be used.
Warning: KiotaBuilder OpenAPI warning: #/paths/~1deviceManagement~1reports~1getDeviceConfigurationPolicyStatusSummary/post/requestBody/content/application~1json/schema/properties/top - The format int32 is not supported by Kiota for the type Null, Number and the string type will be used.
Warning: KiotaBuilder OpenAPI warning: #/paths/~1deviceManagement~1reports~1getDeviceConfigurationPolicyStatusSummary/post/responses/2XX/content/application~1octet-stream/schema/properties/value - The format base64url is not supported by Kiota for the type Null, String and the string type will be used.
Warning: KiotaBuilder OpenAPI warning: #/paths/~1deviceManagement~1reports~1getDeviceInstallStatusReport/post/requestBody/content/application~1json/schema/properties/skip - The format int32 is not supported by Kiota for the type Null, Number and the string type will be used.
Warning: KiotaBuilder OpenAPI warning: #/paths/~1deviceManagement~1reports~1getDeviceInstallStatusReport/post/requestBody/content/application~1json/schema/properties/top - The format int32 is not supported by Kiota for the type Null, Number and the string type will be used.
Warning: KiotaBuilder OpenAPI warning: #/paths/~1deviceManagement~1reports~1getDeviceInstallStatusReport/post/responses/2XX/content/application~1octet-stream/schema/properties/value - The format base64url is not supported by Kiota for the type Null, String and the string type will be used.
Warning: KiotaBuilder OpenAPI warning: #/paths/~1deviceManagement~1reports~1getDeviceManagementIntentPerSettingContributingProfiles/post/requestBody/content/application~1json/schema/properties/skip - The format int32 is not supported by Kiota for the type Null, Number and the string type will be used.
Warning: KiotaBuilder OpenAPI warning: #/paths/~1deviceManagement~1reports~1getDeviceManagementIntentPerSettingContributingProfiles/post/requestBody/content/application~1json/schema/properties/top - The format int32 is not supported by Kiota for the type Null, Number and the string type will be used.
Warning: KiotaBuilder OpenAPI warning: #/paths/~1deviceManagement~1reports~1getDeviceManagementIntentPerSettingContributingProfiles/post/responses/2XX/content/application~1octet-stream/schema/properties/value - The format base64url is not supported by Kiota for the type Null, String and the string type will be used.
Warning: KiotaBuilder OpenAPI warning: #/paths/~1deviceManagement~1reports~1getDeviceManagementIntentSettingsReport/post/requestBody/content/application~1json/schema/properties/skip - The format int32 is not supported by Kiota for the type Null, Number and the string type will be used.
Warning: KiotaBuilder OpenAPI warning: #/paths/~1deviceManagement~1reports~1getDeviceManagementIntentSettingsReport/post/requestBody/content/application~1json/schema/properties/top - The format int32 is not supported by Kiota for the type Null, Number and the string type will be used.
Warning: KiotaBuilder OpenAPI warning: #/paths/~1deviceManagement~1reports~1getDeviceManagementIntentSettingsReport/post/responses/2XX/content/application~1octet-stream/schema/properties/value - The format base64url is not supported by Kiota for the type Null, String and the string type will be used.
Warning: KiotaBuilder OpenAPI warning: #/paths/~1deviceManagement~1reports~1getDeviceNonComplianceReport/post/requestBody/content/application~1json/schema/properties/skip - The format int32 is not supported by Kiota for the type Null, Number and the string type will be used.
Warning: KiotaBuilder OpenAPI warning: #/paths/~1deviceManagement~1reports~1getDeviceNonComplianceReport/post/requestBody/content/application~1json/schema/properties/top - The format int32 is not supported by Kiota for the type Null, Number and the string type will be used.
Warning: KiotaBuilder OpenAPI warning: #/paths/~1deviceManagement~1reports~1getDeviceNonComplianceReport/post/responses/2XX/content/application~1octet-stream/schema/properties/value - The format base64url is not supported by Kiota for the type Null, String and the string type will be used.
Warning: KiotaBuilder OpenAPI warning: #/paths/~1deviceManagement~1reports~1getDevicePoliciesComplianceReport/post/requestBody/content/application~1json/schema/properties/skip - The format int32 is not supported by Kiota for the type Null, Number and the string type will be used.
Warning: KiotaBuilder OpenAPI warning: #/paths/~1deviceManagement~1reports~1getDevicePoliciesComplianceReport/post/requestBody/content/application~1json/schema/properties/top - The format int32 is not supported by Kiota for the type Null, Number and the string type will be used.
Warning: KiotaBuilder OpenAPI warning: #/paths/~1deviceManagement~1reports~1getDevicePoliciesComplianceReport/post/responses/2XX/content/application~1octet-stream/schema/properties/value - The format base64url is not supported by Kiota for the type Null, String and the string type will be used.
Warning: KiotaBuilder OpenAPI warning: #/paths/~1deviceManagement~1reports~1getDevicePolicySettingsComplianceReport/post/requestBody/content/application~1json/schema/properties/skip - The format int32 is not supported by Kiota for the type Null, Number and the string type will be used.
Warning: KiotaBuilder OpenAPI warning: #/paths/~1deviceManagement~1reports~1getDevicePolicySettingsComplianceReport/post/requestBody/content/application~1json/schema/properties/top - The format int32 is not supported by Kiota for the type Null, Number and the string type will be used.
Warning: KiotaBuilder OpenAPI warning: #/paths/~1deviceManagement~1reports~1getDevicePolicySettingsComplianceReport/post/responses/2XX/content/application~1octet-stream/schema/properties/value - The format base64url is not supported by Kiota for the type Null, String and the string type will be used.
Warning: KiotaBuilder OpenAPI warning: #/paths/~1deviceManagement~1reports~1getDevicesStatusByPolicyPlatformComplianceReport/post/requestBody/content/application~1json/schema/properties/skip - The format int32 is not supported by Kiota for the type Null, Number and the string type will be used.
Warning: KiotaBuilder OpenAPI warning: #/paths/~1deviceManagement~1reports~1getDevicesStatusByPolicyPlatformComplianceReport/post/requestBody/content/application~1json/schema/properties/top - The format int32 is not supported by Kiota for the type Null, Number and the string type will be used.
Warning: KiotaBuilder OpenAPI warning: #/paths/~1deviceManagement~1reports~1getDevicesStatusByPolicyPlatformComplianceReport/post/responses/2XX/content/application~1octet-stream/schema/properties/value - The format base64url is not supported by Kiota for the type Null, String and the string type will be used.
Warning: KiotaBuilder OpenAPI warning: #/paths/~1deviceManagement~1reports~1getDevicesStatusBySettingReport/post/requestBody/content/application~1json/schema/properties/skip - The format int32 is not supported by Kiota for the type Null, Number and the string type will be used.
Warning: KiotaBuilder OpenAPI warning: #/paths/~1deviceManagement~1reports~1getDevicesStatusBySettingReport/post/requestBody/content/application~1json/schema/properties/top - The format int32 is not supported by Kiota for the type Null, Number and the string type will be used.
Warning: KiotaBuilder OpenAPI warning: #/paths/~1deviceManagement~1reports~1getDevicesStatusBySettingReport/post/responses/2XX/content/application~1octet-stream/schema/properties/value - The format base64url is not supported by Kiota for the type Null, String and the string type will be used.
Warning: KiotaBuilder OpenAPI warning: #/paths/~1deviceManagement~1reports~1getDeviceStatusByCompliacePolicyReport/post/requestBody/content/application~1json/schema/properties/skip - The format int32 is not supported by Kiota for the type Null, Number and the string type will be used.
Warning: KiotaBuilder OpenAPI warning: #/paths/~1deviceManagement~1reports~1getDeviceStatusByCompliacePolicyReport/post/requestBody/content/application~1json/schema/properties/top - The format int32 is not supported by Kiota for the type Null, Number and the string type will be used.
Warning: KiotaBuilder OpenAPI warning: #/paths/~1deviceManagement~1reports~1getDeviceStatusByCompliacePolicyReport/post/responses/2XX/content/application~1octet-stream/schema/properties/value - The format base64url is not supported by Kiota for the type Null, String and the string type will be used.
Warning: KiotaBuilder OpenAPI warning: #/paths/~1deviceManagement~1reports~1getDeviceStatusByCompliancePolicySettingReport/post/requestBody/content/application~1json/schema/properties/skip - The format int32 is not supported by Kiota for the type Null, Number and the string type will be used.
Warning: KiotaBuilder OpenAPI warning: #/paths/~1deviceManagement~1reports~1getDeviceStatusByCompliancePolicySettingReport/post/requestBody/content/application~1json/schema/properties/top - The format int32 is not supported by Kiota for the type Null, Number and the string type will be used.
Warning: KiotaBuilder OpenAPI warning: #/paths/~1deviceManagement~1reports~1getDeviceStatusByCompliancePolicySettingReport/post/responses/2XX/content/application~1octet-stream/schema/properties/value - The format base64url is not supported by Kiota for the type Null, String and the string type will be used.
Warning: KiotaBuilder OpenAPI warning: #/paths/~1deviceManagement~1reports~1getDeviceStatusSummaryByCompliacePolicyReport/post/requestBody/content/application~1json/schema/properties/skip - The format int32 is not supported by Kiota for the type Null, Number and the string type will be used.
Warning: KiotaBuilder OpenAPI warning: #/paths/~1deviceManagement~1reports~1getDeviceStatusSummaryByCompliacePolicyReport/post/requestBody/content/application~1json/schema/properties/top - The format int32 is not supported by Kiota for the type Null, Number and the string type will be used.
Warning: KiotaBuilder OpenAPI warning: #/paths/~1deviceManagement~1reports~1getDeviceStatusSummaryByCompliacePolicyReport/post/responses/2XX/content/application~1octet-stream/schema/properties/value - The format base64url is not supported by Kiota for the type Null, String and the string type will be used.
Warning: KiotaBuilder OpenAPI warning: #/paths/~1deviceManagement~1reports~1getDeviceStatusSummaryByCompliancePolicySettingsReport/post/requestBody/content/application~1json/schema/properties/skip - The format int32 is not supported by Kiota for the type Null, Number and the string type will be used.
Warning: KiotaBuilder OpenAPI warning: #/paths/~1deviceManagement~1reports~1getDeviceStatusSummaryByCompliancePolicySettingsReport/post/requestBody/content/application~1json/schema/properties/top - The format int32 is not supported by Kiota for the type Null, Number and the string type will be used.
Warning: KiotaBuilder OpenAPI warning: #/paths/~1deviceManagement~1reports~1getDeviceStatusSummaryByCompliancePolicySettingsReport/post/responses/2XX/content/application~1octet-stream/schema/properties/value - The format base64url is not supported by Kiota for the type Null, String and the string type will be used.
Warning: KiotaBuilder OpenAPI warning: #/paths/~1deviceManagement~1reports~1getDevicesWithoutCompliancePolicyReport/post/requestBody/content/application~1json/schema/properties/skip - The format int32 is not supported by Kiota for the type Null, Number and the string type will be used.
Warning: KiotaBuilder OpenAPI warning: #/paths/~1deviceManagement~1reports~1getDevicesWithoutCompliancePolicyReport/post/requestBody/content/application~1json/schema/properties/top - The format int32 is not supported by Kiota for the type Null, Number and the string type will be used.
Warning: KiotaBuilder OpenAPI warning: #/paths/~1deviceManagement~1reports~1getDevicesWithoutCompliancePolicyReport/post/responses/2XX/content/application~1octet-stream/schema/properties/value - The format base64url is not supported by Kiota for the type Null, String and the string type will be used.
Warning: KiotaBuilder OpenAPI warning: #/paths/~1deviceManagement~1reports~1getEncryptionReportForDevices/post/requestBody/content/application~1json/schema/properties/skip - The format int32 is not supported by Kiota for the type Null, Number and the string type will be used.
Warning: KiotaBuilder OpenAPI warning: #/paths/~1deviceManagement~1reports~1getEncryptionReportForDevices/post/requestBody/content/application~1json/schema/properties/top - The format int32 is not supported by Kiota for the type Null, Number and the string type will be used.
Warning: KiotaBuilder OpenAPI warning: #/paths/~1deviceManagement~1reports~1getEncryptionReportForDevices/post/responses/2XX/content/application~1octet-stream/schema/properties/value - The format base64url is not supported by Kiota for the type Null, String and the string type will be used.
Warning: KiotaBuilder OpenAPI warning: #/paths/~1deviceManagement~1reports~1getEnrollmentConfigurationPoliciesByDevice/post/requestBody/content/application~1json/schema/properties/skip - The format int32 is not supported by Kiota for the type Null, Number and the string type will be used.
Warning: KiotaBuilder OpenAPI warning: #/paths/~1deviceManagement~1reports~1getEnrollmentConfigurationPoliciesByDevice/post/requestBody/content/application~1json/schema/properties/top - The format int32 is not supported by Kiota for the type Null, Number and the string type will be used.
Warning: KiotaBuilder OpenAPI warning: #/paths/~1deviceManagement~1reports~1getEnrollmentConfigurationPoliciesByDevice/post/responses/2XX/content/application~1octet-stream/schema/properties/value - The format base64url is not supported by Kiota for the type Null, String and the string type will be used.
Warning: KiotaBuilder OpenAPI warning: #/paths/~1deviceManagement~1reports~1getFailedMobileAppsReport/post/requestBody/content/application~1json/schema/properties/skip - The format int32 is not supported by Kiota for the type Null, Number and the string type will be used.
Warning: KiotaBuilder OpenAPI warning: #/paths/~1deviceManagement~1reports~1getFailedMobileAppsReport/post/requestBody/content/application~1json/schema/properties/top - The format int32 is not supported by Kiota for the type Null, Number and the string type will be used.
Warning: KiotaBuilder OpenAPI warning: #/paths/~1deviceManagement~1reports~1getFailedMobileAppsReport/post/responses/2XX/content/application~1octet-stream/schema/properties/value - The format base64url is not supported by Kiota for the type Null, String and the string type will be used.
Warning: KiotaBuilder OpenAPI warning: #/paths/~1deviceManagement~1reports~1getFailedMobileAppsSummaryReport/post/requestBody/content/application~1json/schema/properties/skip - The format int32 is not supported by Kiota for the type Null, Number and the string type will be used.
Warning: KiotaBuilder OpenAPI warning: #/paths/~1deviceManagement~1reports~1getFailedMobileAppsSummaryReport/post/requestBody/content/application~1json/schema/properties/top - The format int32 is not supported by Kiota for the type Null, Number and the string type will be used.
Warning: KiotaBuilder OpenAPI warning: #/paths/~1deviceManagement~1reports~1getFailedMobileAppsSummaryReport/post/responses/2XX/content/application~1octet-stream/schema/properties/value - The format base64url is not supported by Kiota for the type Null, String and the string type will be used.
Warning: KiotaBuilder OpenAPI warning: #/paths/~1deviceManagement~1reports~1getGroupPolicySettingsDeviceSettingsReport/post/requestBody/content/application~1json/schema/properties/skip - The format int32 is not supported by Kiota for the type Null, Number and the string type will be used.
Warning: KiotaBuilder OpenAPI warning: #/paths/~1deviceManagement~1reports~1getGroupPolicySettingsDeviceSettingsReport/post/requestBody/content/application~1json/schema/properties/top - The format int32 is not supported by Kiota for the type Null, Number and the string type will be used.
Warning: KiotaBuilder OpenAPI warning: #/paths/~1deviceManagement~1reports~1getGroupPolicySettingsDeviceSettingsReport/post/responses/2XX/content/application~1octet-stream/schema/properties/value - The format base64url is not supported by Kiota for the type Null, String and the string type will be used.
Warning: KiotaBuilder OpenAPI warning: #/paths/~1deviceManagement~1reports~1getHistoricalReport/post/requestBody/content/application~1json/schema/properties/skip - The format int32 is not supported by Kiota for the type Null, Number and the string type will be used.
Warning: KiotaBuilder OpenAPI warning: #/paths/~1deviceManagement~1reports~1getHistoricalReport/post/requestBody/content/application~1json/schema/properties/top - The format int32 is not supported by Kiota for the type Null, Number and the string type will be used.
Warning: KiotaBuilder OpenAPI warning: #/paths/~1deviceManagement~1reports~1getHistoricalReport/post/responses/2XX/content/application~1octet-stream/schema/properties/value - The format base64url is not supported by Kiota for the type Null, String and the string type will be used.
Warning: KiotaBuilder OpenAPI warning: #/paths/~1deviceManagement~1reports~1getMalwareSummaryReport/post/requestBody/content/application~1json/schema/properties/skip - The format int32 is not supported by Kiota for the type Null, Number and the string type will be used.
Warning: KiotaBuilder OpenAPI warning: #/paths/~1deviceManagement~1reports~1getMalwareSummaryReport/post/requestBody/content/application~1json/schema/properties/top - The format int32 is not supported by Kiota for the type Null, Number and the string type will be used.
Warning: KiotaBuilder OpenAPI warning: #/paths/~1deviceManagement~1reports~1getMalwareSummaryReport/post/responses/2XX/content/application~1octet-stream/schema/properties/value - The format base64url is not supported by Kiota for the type Null, String and the string type will be used.
Warning: KiotaBuilder OpenAPI warning: #/paths/~1deviceManagement~1reports~1getMobileApplicationManagementAppConfigurationReport/post/requestBody/content/application~1json/schema/properties/skip - The format int32 is not supported by Kiota for the type Null, Number and the string type will be used.
Warning: KiotaBuilder OpenAPI warning: #/paths/~1deviceManagement~1reports~1getMobileApplicationManagementAppConfigurationReport/post/requestBody/content/application~1json/schema/properties/top - The format int32 is not supported by Kiota for the type Null, Number and the string type will be used.
Warning: KiotaBuilder OpenAPI warning: #/paths/~1deviceManagement~1reports~1getMobileApplicationManagementAppConfigurationReport/post/responses/2XX/content/application~1octet-stream/schema/properties/value - The format base64url is not supported by Kiota for the type Null, String and the string type will be used.
Warning: KiotaBuilder OpenAPI warning: #/paths/~1deviceManagement~1reports~1getMobileApplicationManagementAppRegistrationSummaryReport/post/requestBody/content/application~1json/schema/properties/skip - The format int32 is not supported by Kiota for the type Null, Number and the string type will be used.
Warning: KiotaBuilder OpenAPI warning: #/paths/~1deviceManagement~1reports~1getMobileApplicationManagementAppRegistrationSummaryReport/post/requestBody/content/application~1json/schema/properties/top - The format int32 is not supported by Kiota for the type Null, Number and the string type will be used.
Warning: KiotaBuilder OpenAPI warning: #/paths/~1deviceManagement~1reports~1getMobileApplicationManagementAppRegistrationSummaryReport/post/responses/2XX/content/application~1octet-stream/schema/properties/value - The format base64url is not supported by Kiota for the type Null, String and the string type will be used.
Warning: KiotaBuilder OpenAPI warning: #/paths/~1deviceManagement~1reports~1getNoncompliantDevicesAndSettingsReport/post/requestBody/content/application~1json/schema/properties/skip - The format int32 is not supported by Kiota for the type Null, Number and the string type will be used.
Warning: KiotaBuilder OpenAPI warning: #/paths/~1deviceManagement~1reports~1getNoncompliantDevicesAndSettingsReport/post/requestBody/content/application~1json/schema/properties/top - The format int32 is not supported by Kiota for the type Null, Number and the string type will be used.
Warning: KiotaBuilder OpenAPI warning: #/paths/~1deviceManagement~1reports~1getNoncompliantDevicesAndSettingsReport/post/responses/2XX/content/application~1octet-stream/schema/properties/value - The format base64url is not supported by Kiota for the type Null, String and the string type will be used.
Warning: KiotaBuilder OpenAPI warning: #/paths/~1deviceManagement~1reports~1getPolicyNonComplianceMetadata/post/requestBody/content/application~1json/schema/properties/skip - The format int32 is not supported by Kiota for the type Null, Number and the string type will be used.
Warning: KiotaBuilder OpenAPI warning: #/paths/~1deviceManagement~1reports~1getPolicyNonComplianceMetadata/post/requestBody/content/application~1json/schema/properties/top - The format int32 is not supported by Kiota for the type Null, Number and the string type will be used.
Warning: KiotaBuilder OpenAPI warning: #/paths/~1deviceManagement~1reports~1getPolicyNonComplianceMetadata/post/responses/2XX/content/application~1octet-stream/schema/properties/value - The format base64url is not supported by Kiota for the type Null, String and the string type will be used.
Warning: KiotaBuilder OpenAPI warning: #/paths/~1deviceManagement~1reports~1getPolicyNonComplianceReport/post/requestBody/content/application~1json/schema/properties/skip - The format int32 is not supported by Kiota for the type Null, Number and the string type will be used.
Warning: KiotaBuilder OpenAPI warning: #/paths/~1deviceManagement~1reports~1getPolicyNonComplianceReport/post/requestBody/content/application~1json/schema/properties/top - The format int32 is not supported by Kiota for the type Null, Number and the string type will be used.
Warning: KiotaBuilder OpenAPI warning: #/paths/~1deviceManagement~1reports~1getPolicyNonComplianceReport/post/responses/2XX/content/application~1octet-stream/schema/properties/value - The format base64url is not supported by Kiota for the type Null, String and the string type will be used.
Warning: KiotaBuilder OpenAPI warning: #/paths/~1deviceManagement~1reports~1getPolicyNonComplianceSummaryReport/post/requestBody/content/application~1json/schema/properties/skip - The format int32 is not supported by Kiota for the type Null, Number and the string type will be used.
Warning: KiotaBuilder OpenAPI warning: #/paths/~1deviceManagement~1reports~1getPolicyNonComplianceSummaryReport/post/requestBody/content/application~1json/schema/properties/top - The format int32 is not supported by Kiota for the type Null, Number and the string type will be used.
Warning: KiotaBuilder OpenAPI warning: #/paths/~1deviceManagement~1reports~1getPolicyNonComplianceSummaryReport/post/responses/2XX/content/application~1octet-stream/schema/properties/value - The format base64url is not supported by Kiota for the type Null, String and the string type will be used.
Warning: KiotaBuilder OpenAPI warning: #/paths/~1deviceManagement~1reports~1getQuietTimePolicyUsersReport/post/requestBody/content/application~1json/schema/properties/skip - The format int32 is not supported by Kiota for the type Null, Number and the string type will be used.
Warning: KiotaBuilder OpenAPI warning: #/paths/~1deviceManagement~1reports~1getQuietTimePolicyUsersReport/post/requestBody/content/application~1json/schema/properties/top - The format int32 is not supported by Kiota for the type Null, Number and the string type will be used.
Warning: KiotaBuilder OpenAPI warning: #/paths/~1deviceManagement~1reports~1getQuietTimePolicyUsersReport/post/responses/2XX/content/application~1octet-stream/schema/properties/value - The format base64url is not supported by Kiota for the type Null, String and the string type will be used.
Warning: KiotaBuilder OpenAPI warning: #/paths/~1deviceManagement~1reports~1getQuietTimePolicyUserSummaryReport/post/requestBody/content/application~1json/schema/properties/skip - The format int32 is not supported by Kiota for the type Null, Number and the string type will be used.
Warning: KiotaBuilder OpenAPI warning: #/paths/~1deviceManagement~1reports~1getQuietTimePolicyUserSummaryReport/post/requestBody/content/application~1json/schema/properties/top - The format int32 is not supported by Kiota for the type Null, Number and the string type will be used.
Warning: KiotaBuilder OpenAPI warning: #/paths/~1deviceManagement~1reports~1getQuietTimePolicyUserSummaryReport/post/responses/2XX/content/application~1octet-stream/schema/properties/value - The format base64url is not supported by Kiota for the type Null, String and the string type will be used.
Warning: KiotaBuilder OpenAPI warning: #/paths/~1deviceManagement~1reports~1getRelatedAppsStatusReport/post/requestBody/content/application~1json/schema/properties/skip - The format int32 is not supported by Kiota for the type Null, Number and the string type will be used.
Warning: KiotaBuilder OpenAPI warning: #/paths/~1deviceManagement~1reports~1getRelatedAppsStatusReport/post/requestBody/content/application~1json/schema/properties/top - The format int32 is not supported by Kiota for the type Null, Number and the string type will be used.
Warning: KiotaBuilder OpenAPI warning: #/paths/~1deviceManagement~1reports~1getRelatedAppsStatusReport/post/responses/2XX/content/application~1octet-stream/schema/properties/value - The format base64url is not supported by Kiota for the type Null, String and the string type will be used.
Warning: KiotaBuilder OpenAPI warning: #/paths/~1deviceManagement~1reports~1getRemoteAssistanceSessionsReport/post/requestBody/content/application~1json/schema/properties/skip - The format int32 is not supported by Kiota for the type Null, Number and the string type will be used.
Warning: KiotaBuilder OpenAPI warning: #/paths/~1deviceManagement~1reports~1getRemoteAssistanceSessionsReport/post/requestBody/content/application~1json/schema/properties/top - The format int32 is not supported by Kiota for the type Null, Number and the string type will be used.
Warning: KiotaBuilder OpenAPI warning: #/paths/~1deviceManagement~1reports~1getRemoteAssistanceSessionsReport/post/responses/2XX/content/application~1octet-stream/schema/properties/value - The format base64url is not supported by Kiota for the type Null, String and the string type will be used.
Warning: KiotaBuilder OpenAPI warning: #/paths/~1deviceManagement~1reports~1getReportFilters/post/requestBody/content/application~1json/schema/properties/skip - The format int32 is not supported by Kiota for the type Null, Number and the string type will be used.
Warning: KiotaBuilder OpenAPI warning: #/paths/~1deviceManagement~1reports~1getReportFilters/post/requestBody/content/application~1json/schema/properties/top - The format int32 is not supported by Kiota for the type Null, Number and the string type will be used.
Warning: KiotaBuilder OpenAPI warning: #/paths/~1deviceManagement~1reports~1getReportFilters/post/responses/2XX/content/application~1octet-stream/schema/properties/value - The format base64url is not supported by Kiota for the type Null, String and the string type will be used.
Warning: KiotaBuilder OpenAPI warning: #/paths/~1deviceManagement~1reports~1getSettingNonComplianceReport/post/requestBody/content/application~1json/schema/properties/skip - The format int32 is not supported by Kiota for the type Null, Number and the string type will be used.
Warning: KiotaBuilder OpenAPI warning: #/paths/~1deviceManagement~1reports~1getSettingNonComplianceReport/post/requestBody/content/application~1json/schema/properties/top - The format int32 is not supported by Kiota for the type Null, Number and the string type will be used.
Warning: KiotaBuilder OpenAPI warning: #/paths/~1deviceManagement~1reports~1getSettingNonComplianceReport/post/responses/2XX/content/application~1octet-stream/schema/properties/value - The format base64url is not supported by Kiota for the type Null, String and the string type will be used.
Warning: KiotaBuilder OpenAPI warning: #/paths/~1deviceManagement~1reports~1getUnhealthyDefenderAgentsReport/post/requestBody/content/application~1json/schema/properties/skip - The format int32 is not supported by Kiota for the type Null, Number and the string type will be used.
Warning: KiotaBuilder OpenAPI warning: #/paths/~1deviceManagement~1reports~1getUnhealthyDefenderAgentsReport/post/requestBody/content/application~1json/schema/properties/top - The format int32 is not supported by Kiota for the type Null, Number and the string type will be used.
Warning: KiotaBuilder OpenAPI warning: #/paths/~1deviceManagement~1reports~1getUnhealthyDefenderAgentsReport/post/responses/2XX/content/application~1octet-stream/schema/properties/value - The format base64url is not supported by Kiota for the type Null, String and the string type will be used.
Warning: KiotaBuilder OpenAPI warning: #/paths/~1deviceManagement~1reports~1getUnhealthyFirewallReport/post/requestBody/content/application~1json/schema/properties/skip - The format int32 is not supported by Kiota for the type Null, Number and the string type will be used.
Warning: KiotaBuilder OpenAPI warning: #/paths/~1deviceManagement~1reports~1getUnhealthyFirewallReport/post/requestBody/content/application~1json/schema/properties/top - The format int32 is not supported by Kiota for the type Null, Number and the string type will be used.
Warning: KiotaBuilder OpenAPI warning: #/paths/~1deviceManagement~1reports~1getUnhealthyFirewallReport/post/responses/2XX/content/application~1octet-stream/schema/properties/value - The format base64url is not supported by Kiota for the type Null, String and the string type will be used.
Warning: KiotaBuilder OpenAPI warning: #/paths/~1deviceManagement~1reports~1getUnhealthyFirewallSummaryReport/post/requestBody/content/application~1json/schema/properties/skip - The format int32 is not supported by Kiota for the type Null, Number and the string type will be used.
Warning: KiotaBuilder OpenAPI warning: #/paths/~1deviceManagement~1reports~1getUnhealthyFirewallSummaryReport/post/requestBody/content/application~1json/schema/properties/top - The format int32 is not supported by Kiota for the type Null, Number and the string type will be used.
Warning: KiotaBuilder OpenAPI warning: #/paths/~1deviceManagement~1reports~1getUnhealthyFirewallSummaryReport/post/responses/2XX/content/application~1octet-stream/schema/properties/value - The format base64url is not supported by Kiota for the type Null, String and the string type will be used.
Warning: KiotaBuilder OpenAPI warning: #/paths/~1deviceManagement~1reports~1getUserInstallStatusReport/post/requestBody/content/application~1json/schema/properties/skip - The format int32 is not supported by Kiota for the type Null, Number and the string type will be used.
Warning: KiotaBuilder OpenAPI warning: #/paths/~1deviceManagement~1reports~1getUserInstallStatusReport/post/requestBody/content/application~1json/schema/properties/top - The format int32 is not supported by Kiota for the type Null, Number and the string type will be used.
Warning: KiotaBuilder OpenAPI warning: #/paths/~1deviceManagement~1reports~1getUserInstallStatusReport/post/responses/2XX/content/application~1octet-stream/schema/properties/value - The format base64url is not supported by Kiota for the type Null, String and the string type will be used.
Warning: KiotaBuilder OpenAPI warning: #/paths/~1deviceManagement~1reports~1getWindowsDriverUpdateAlertsPerPolicyPerDeviceReport/post/requestBody/content/application~1json/schema/properties/skip - The format int32 is not supported by Kiota for the type Null, Number and the string type will be used.
Warning: KiotaBuilder OpenAPI warning: #/paths/~1deviceManagement~1reports~1getWindowsDriverUpdateAlertsPerPolicyPerDeviceReport/post/requestBody/content/application~1json/schema/properties/top - The format int32 is not supported by Kiota for the type Null, Number and the string type will be used.
Warning: KiotaBuilder OpenAPI warning: #/paths/~1deviceManagement~1reports~1getWindowsDriverUpdateAlertsPerPolicyPerDeviceReport/post/responses/2XX/content/application~1octet-stream/schema/properties/value - The format base64url is not supported by Kiota for the type Null, String and the string type will be used.
Warning: KiotaBuilder OpenAPI warning: #/paths/~1deviceManagement~1reports~1getWindowsDriverUpdateAlertSummaryReport/post/requestBody/content/application~1json/schema/properties/skip - The format int32 is not supported by Kiota for the type Null, Number and the string type will be used.
Warning: KiotaBuilder OpenAPI warning: #/paths/~1deviceManagement~1reports~1getWindowsDriverUpdateAlertSummaryReport/post/requestBody/content/application~1json/schema/properties/top - The format int32 is not supported by Kiota for the type Null, Number and the string type will be used.
Warning: KiotaBuilder OpenAPI warning: #/paths/~1deviceManagement~1reports~1getWindowsDriverUpdateAlertSummaryReport/post/responses/2XX/content/application~1octet-stream/schema/properties/value - The format base64url is not supported by Kiota for the type Null, String and the string type will be used.
Warning: KiotaBuilder OpenAPI warning: #/paths/~1deviceManagement~1reports~1getWindowsQualityUpdateAlertsPerPolicyPerDeviceReport/post/requestBody/content/application~1json/schema/properties/skip - The format int32 is not supported by Kiota for the type Null, Number and the string type will be used.
Warning: KiotaBuilder OpenAPI warning: #/paths/~1deviceManagement~1reports~1getWindowsQualityUpdateAlertsPerPolicyPerDeviceReport/post/requestBody/content/application~1json/schema/properties/top - The format int32 is not supported by Kiota for the type Null, Number and the string type will be used.
Warning: KiotaBuilder OpenAPI warning: #/paths/~1deviceManagement~1reports~1getWindowsQualityUpdateAlertsPerPolicyPerDeviceReport/post/responses/2XX/content/application~1octet-stream/schema/properties/value - The format base64url is not supported by Kiota for the type Null, String and the string type will be used.
Warning: KiotaBuilder OpenAPI warning: #/paths/~1deviceManagement~1reports~1getWindowsQualityUpdateAlertSummaryReport/post/requestBody/content/application~1json/schema/properties/skip - The format int32 is not supported by Kiota for the type Null, Number and the string type will be used.
Warning: KiotaBuilder OpenAPI warning: #/paths/~1deviceManagement~1reports~1getWindowsQualityUpdateAlertSummaryReport/post/requestBody/content/application~1json/schema/properties/top - The format int32 is not supported by Kiota for the type Null, Number and the string type will be used.
Warning: KiotaBuilder OpenAPI warning: #/paths/~1deviceManagement~1reports~1getWindowsQualityUpdateAlertSummaryReport/post/responses/2XX/content/application~1octet-stream/schema/properties/value - The format base64url is not supported by Kiota for the type Null, String and the string type will be used.
Warning: KiotaBuilder OpenAPI warning: #/paths/~1deviceManagement~1reports~1getWindowsUpdateAlertsPerPolicyPerDeviceReport/post/requestBody/content/application~1json/schema/properties/skip - The format int32 is not supported by Kiota for the type Null, Number and the string type will be used.
Warning: KiotaBuilder OpenAPI warning: #/paths/~1deviceManagement~1reports~1getWindowsUpdateAlertsPerPolicyPerDeviceReport/post/requestBody/content/application~1json/schema/properties/top - The format int32 is not supported by Kiota for the type Null, Number and the string type will be used.
Warning: KiotaBuilder OpenAPI warning: #/paths/~1deviceManagement~1reports~1getWindowsUpdateAlertsPerPolicyPerDeviceReport/post/responses/2XX/content/application~1octet-stream/schema/properties/value - The format base64url is not supported by Kiota for the type Null, String and the string type will be used.
Warning: KiotaBuilder OpenAPI warning: #/paths/~1deviceManagement~1reports~1getWindowsUpdateAlertSummaryReport/post/requestBody/content/application~1json/schema/properties/skip - The format int32 is not supported by Kiota for the type Null, Number and the string type will be used.
Warning: KiotaBuilder OpenAPI warning: #/paths/~1deviceManagement~1reports~1getWindowsUpdateAlertSummaryReport/post/requestBody/content/application~1json/schema/properties/top - The format int32 is not supported by Kiota for the type Null, Number and the string type will be used.
Warning: KiotaBuilder OpenAPI warning: #/paths/~1deviceManagement~1reports~1getWindowsUpdateAlertSummaryReport/post/responses/2XX/content/application~1octet-stream/schema/properties/value - The format base64url is not supported by Kiota for the type Null, String and the string type will be used.
Warning: KiotaBuilder OpenAPI warning: #/paths/~1deviceManagement~1reports~1getZebraFotaDeploymentReport/post/responses/2XX/content/application~1octet-stream/schema/properties/value - The format base64url is not supported by Kiota for the type Null, String and the string type will be used.
Warning: KiotaBuilder OpenAPI warning: #/paths/~1deviceManagement~1reports~1retrieveCloudPkiLeafCertificateReport/post/responses/2XX/content/application~1octet-stream/schema/properties/value - The format base64url is not supported by Kiota for the type Null, String and the string type will be used.
Warning: KiotaBuilder OpenAPI warning: #/paths/~1deviceManagement~1reports~1retrieveCloudPkiLeafCertificateSummaryReport/post/responses/2XX/content/application~1octet-stream/schema/properties/value - The format base64url is not supported by Kiota for the type Null, String and the string type will be used.
Warning: KiotaBuilder OpenAPI warning: #/paths/~1deviceManagement~1reports~1retrieveDeviceAppInstallationStatusReport/post/requestBody/content/application~1json/schema/properties/skip - The format int32 is not supported by Kiota for the type Null, Number and the string type will be used.
Warning: KiotaBuilder OpenAPI warning: #/paths/~1deviceManagement~1reports~1retrieveDeviceAppInstallationStatusReport/post/requestBody/content/application~1json/schema/properties/top - The format int32 is not supported by Kiota for the type Null, Number and the string type will be used.
Warning: KiotaBuilder OpenAPI warning: #/paths/~1deviceManagement~1reports~1retrieveDeviceAppInstallationStatusReport/post/responses/2XX/content/application~1octet-stream/schema/properties/value - The format base64url is not supported by Kiota for the type Null, String and the string type will be used.
Warning: KiotaBuilder OpenAPI warning: #/paths/~1deviceManagement~1reports~1retrieveSecurityTaskAppsReport/post/requestBody/content/application~1json/schema/properties/skip - The format int32 is not supported by Kiota for the type Null, Number and the string type will be used.
Warning: KiotaBuilder OpenAPI warning: #/paths/~1deviceManagement~1reports~1retrieveSecurityTaskAppsReport/post/requestBody/content/application~1json/schema/properties/top - The format int32 is not supported by Kiota for the type Null, Number and the string type will be used.
Warning: KiotaBuilder OpenAPI warning: #/paths/~1deviceManagement~1reports~1retrieveSecurityTaskAppsReport/post/responses/2XX/content/application~1octet-stream/schema/properties/value - The format base64url is not supported by Kiota for the type Null, String and the string type will be used.
Warning: KiotaBuilder OpenAPI warning: #/paths/~1deviceManagement~1reports~1retrieveWin32CatalogAppsUpdateReport/post/requestBody/content/application~1json/schema/properties/skip - The format int32 is not supported by Kiota for the type Null, Number and the string type will be used.
Warning: KiotaBuilder OpenAPI warning: #/paths/~1deviceManagement~1reports~1retrieveWin32CatalogAppsUpdateReport/post/requestBody/content/application~1json/schema/properties/top - The format int32 is not supported by Kiota for the type Null, Number and the string type will be used.
Warning: KiotaBuilder OpenAPI warning: #/paths/~1deviceManagement~1reports~1retrieveWin32CatalogAppsUpdateReport/post/responses/2XX/content/application~1octet-stream/schema/properties/value - The format base64url is not supported by Kiota for the type Null, String and the string type will be used.
Warning: KiotaBuilder OpenAPI warning: #/paths/~1deviceManagement~1virtualEndpoint~1provisioningPolicies~1{cloudPcProvisioningPolicy-id}~1apply/post/requestBody/content/application~1json/schema/properties/reservePercentage - The format int32 is not supported by Kiota for the type Null, Number and the string type will be used.
Warning: KiotaBuilder OpenAPI warning: #/paths/~1deviceManagement~1virtualEndpoint~1reports~1getActionStatusReports/post/requestBody/content/application~1json/schema/properties/skip - The format int32 is not supported by Kiota for the type Null, Number and the string type will be used.
Warning: KiotaBuilder OpenAPI warning: #/paths/~1deviceManagement~1virtualEndpoint~1reports~1getActionStatusReports/post/requestBody/content/application~1json/schema/properties/top - The format int32 is not supported by Kiota for the type Null, Number and the string type will be used.
Warning: KiotaBuilder OpenAPI warning: #/paths/~1deviceManagement~1virtualEndpoint~1reports~1getActionStatusReports/post/responses/2XX/content/application~1octet-stream/schema/properties/value - The format base64url is not supported by Kiota for the type Null, String and the string type will be used.
Warning: KiotaBuilder OpenAPI warning: #/paths/~1deviceManagement~1virtualEndpoint~1reports~1getCloudPcPerformanceReport/post/requestBody/content/application~1json/schema/properties/skip - The format int32 is not supported by Kiota for the type Null, Number and the string type will be used.
Warning: KiotaBuilder OpenAPI warning: #/paths/~1deviceManagement~1virtualEndpoint~1reports~1getCloudPcPerformanceReport/post/requestBody/content/application~1json/schema/properties/top - The format int32 is not supported by Kiota for the type Null, Number and the string type will be used.
Warning: KiotaBuilder OpenAPI warning: #/paths/~1deviceManagement~1virtualEndpoint~1reports~1getCloudPcPerformanceReport/post/responses/2XX/content/application~1octet-stream/schema/properties/value - The format base64url is not supported by Kiota for the type Null, String and the string type will be used.
Warning: KiotaBuilder OpenAPI warning: #/paths/~1deviceManagement~1virtualEndpoint~1reports~1getCloudPcRecommendationReports/post/requestBody/content/application~1json/schema/properties/skip - The format int32 is not supported by Kiota for the type Null, Number and the string type will be used.
Warning: KiotaBuilder OpenAPI warning: #/paths/~1deviceManagement~1virtualEndpoint~1reports~1getCloudPcRecommendationReports/post/requestBody/content/application~1json/schema/properties/top - The format int32 is not supported by Kiota for the type Null, Number and the string type will be used.
Warning: KiotaBuilder OpenAPI warning: #/paths/~1deviceManagement~1virtualEndpoint~1reports~1getCloudPcRecommendationReports/post/responses/2XX/content/application~1octet-stream/schema/properties/value - The format base64url is not supported by Kiota for the type Null, String and the string type will be used.
Warning: KiotaBuilder OpenAPI warning: #/paths/~1deviceManagement~1virtualEndpoint~1reports~1getConnectionQualityReports/post/requestBody/content/application~1json/schema/properties/skip - The format int32 is not supported by Kiota for the type Null, Number and the string type will be used.
Warning: KiotaBuilder OpenAPI warning: #/paths/~1deviceManagement~1virtualEndpoint~1reports~1getConnectionQualityReports/post/requestBody/content/application~1json/schema/properties/top - The format int32 is not supported by Kiota for the type Null, Number and the string type will be used.
Warning: KiotaBuilder OpenAPI warning: #/paths/~1deviceManagement~1virtualEndpoint~1reports~1getConnectionQualityReports/post/responses/2XX/content/application~1octet-stream/schema/properties/value - The format base64url is not supported by Kiota for the type Null, String and the string type will be used.
Warning: KiotaBuilder OpenAPI warning: #/paths/~1deviceManagement~1virtualEndpoint~1reports~1getDailyAggregatedRemoteConnectionReports/post/requestBody/content/application~1json/schema/properties/skip - The format int32 is not supported by Kiota for the type Null, Number and the string type will be used.
Warning: KiotaBuilder OpenAPI warning: #/paths/~1deviceManagement~1virtualEndpoint~1reports~1getDailyAggregatedRemoteConnectionReports/post/requestBody/content/application~1json/schema/properties/top - The format int32 is not supported by Kiota for the type Null, Number and the string type will be used.
Warning: KiotaBuilder OpenAPI warning: #/paths/~1deviceManagement~1virtualEndpoint~1reports~1getDailyAggregatedRemoteConnectionReports/post/responses/2XX/content/application~1octet-stream/schema/properties/value - The format base64url is not supported by Kiota for the type Null, String and the string type will be used.
Warning: KiotaBuilder OpenAPI warning: #/paths/~1deviceManagement~1virtualEndpoint~1reports~1getFrontlineReport/post/requestBody/content/application~1json/schema/properties/skip - The format int32 is not supported by Kiota for the type Null, Number and the string type will be used.
Warning: KiotaBuilder OpenAPI warning: #/paths/~1deviceManagement~1virtualEndpoint~1reports~1getFrontlineReport/post/requestBody/content/application~1json/schema/properties/top - The format int32 is not supported by Kiota for the type Null, Number and the string type will be used.
Warning: KiotaBuilder OpenAPI warning: #/paths/~1deviceManagement~1virtualEndpoint~1reports~1getFrontlineReport/post/responses/2XX/content/application~1octet-stream/schema/properties/value - The format base64url is not supported by Kiota for the type Null, String and the string type will be used.
Warning: KiotaBuilder OpenAPI warning: #/paths/~1deviceManagement~1virtualEndpoint~1reports~1getInaccessibleCloudPcReports/post/requestBody/content/application~1json/schema/properties/skip - The format int32 is not supported by Kiota for the type Null, Number and the string type will be used.
Warning: KiotaBuilder OpenAPI warning: #/paths/~1deviceManagement~1virtualEndpoint~1reports~1getInaccessibleCloudPcReports/post/requestBody/content/application~1json/schema/properties/top - The format int32 is not supported by Kiota for the type Null, Number and the string type will be used.
Warning: KiotaBuilder OpenAPI warning: #/paths/~1deviceManagement~1virtualEndpoint~1reports~1getInaccessibleCloudPcReports/post/responses/2XX/content/application~1octet-stream/schema/properties/value - The format base64url is not supported by Kiota for the type Null, String and the string type will be used.
Warning: KiotaBuilder OpenAPI warning: #/paths/~1deviceManagement~1virtualEndpoint~1reports~1getRawRemoteConnectionReports/post/requestBody/content/application~1json/schema/properties/skip - The format int32 is not supported by Kiota for the type Null, Number and the string type will be used.
Warning: KiotaBuilder OpenAPI warning: #/paths/~1deviceManagement~1virtualEndpoint~1reports~1getRawRemoteConnectionReports/post/requestBody/content/application~1json/schema/properties/top - The format int32 is not supported by Kiota for the type Null, Number and the string type will be used.
Warning: KiotaBuilder OpenAPI warning: #/paths/~1deviceManagement~1virtualEndpoint~1reports~1getRawRemoteConnectionReports/post/responses/2XX/content/application~1octet-stream/schema/properties/value - The format base64url is not supported by Kiota for the type Null, String and the string type will be used.
Warning: KiotaBuilder OpenAPI warning: #/paths/~1deviceManagement~1virtualEndpoint~1reports~1getRealTimeRemoteConnectionLatency(cloudPcId='{cloudPcId}')/get/responses/2XX/content/application~1octet-stream/schema/properties/value - The format base64url is not supported by Kiota for the type Null, String and the string type will be used.
Warning: KiotaBuilder OpenAPI warning: #/paths/~1deviceManagement~1virtualEndpoint~1reports~1getRealTimeRemoteConnectionStatus(cloudPcId='{cloudPcId}')/get/responses/2XX/content/application~1octet-stream/schema/properties/value - The format base64url is not supported by Kiota for the type Null, String and the string type will be used.
Warning: KiotaBuilder OpenAPI warning: #/paths/~1deviceManagement~1virtualEndpoint~1reports~1getRemoteConnectionHistoricalReports/post/requestBody/content/application~1json/schema/properties/skip - The format int32 is not supported by Kiota for the type Null, Number and the string type will be used.
Warning: KiotaBuilder OpenAPI warning: #/paths/~1deviceManagement~1virtualEndpoint~1reports~1getRemoteConnectionHistoricalReports/post/requestBody/content/application~1json/schema/properties/top - The format int32 is not supported by Kiota for the type Null, Number and the string type will be used.
Warning: KiotaBuilder OpenAPI warning: #/paths/~1deviceManagement~1virtualEndpoint~1reports~1getRemoteConnectionHistoricalReports/post/responses/2XX/content/application~1octet-stream/schema/properties/value - The format base64url is not supported by Kiota for the type Null, String and the string type will be used.
Warning: KiotaBuilder OpenAPI warning: #/paths/~1deviceManagement~1virtualEndpoint~1reports~1getTotalAggregatedRemoteConnectionReports/post/requestBody/content/application~1json/schema/properties/skip - The format int32 is not supported by Kiota for the type Null, Number and the string type will be used.
Warning: KiotaBuilder OpenAPI warning: #/paths/~1deviceManagement~1virtualEndpoint~1reports~1getTotalAggregatedRemoteConnectionReports/post/requestBody/content/application~1json/schema/properties/top - The format int32 is not supported by Kiota for the type Null, Number and the string type will be used.
Warning: KiotaBuilder OpenAPI warning: #/paths/~1deviceManagement~1virtualEndpoint~1reports~1getTotalAggregatedRemoteConnectionReports/post/responses/2XX/content/application~1octet-stream/schema/properties/value - The format base64url is not supported by Kiota for the type Null, String and the string type will be used.
Warning: KiotaBuilder OpenAPI warning: #/paths/~1deviceManagement~1virtualEndpoint~1reports~1retrieveBulkActionStatusReport/post/requestBody/content/application~1json/schema/properties/skip - The format int32 is not supported by Kiota for the type Null, Number and the string type will be used.
Warning: KiotaBuilder OpenAPI warning: #/paths/~1deviceManagement~1virtualEndpoint~1reports~1retrieveBulkActionStatusReport/post/requestBody/content/application~1json/schema/properties/top - The format int32 is not supported by Kiota for the type Null, Number and the string type will be used.
Warning: KiotaBuilder OpenAPI warning: #/paths/~1deviceManagement~1virtualEndpoint~1reports~1retrieveBulkActionStatusReport/post/responses/2XX/content/application~1octet-stream/schema/properties/value - The format base64url is not supported by Kiota for the type Null, String and the string type will be used.
Warning: KiotaBuilder OpenAPI warning: #/paths/~1deviceManagement~1virtualEndpoint~1reports~1retrieveCloudPcTenantMetricsReport/post/requestBody/content/application~1json/schema/properties/skip - The format int32 is not supported by Kiota for the type Null, Number and the string type will be used.
Warning: KiotaBuilder OpenAPI warning: #/paths/~1deviceManagement~1virtualEndpoint~1reports~1retrieveCloudPcTenantMetricsReport/post/requestBody/content/application~1json/schema/properties/top - The format int32 is not supported by Kiota for the type Null, Number and the string type will be used.
Warning: KiotaBuilder OpenAPI warning: #/paths/~1deviceManagement~1virtualEndpoint~1reports~1retrieveCloudPcTenantMetricsReport/post/responses/2XX/content/application~1octet-stream/schema/properties/value - The format base64url is not supported by Kiota for the type Null, String and the string type will be used.
Warning: KiotaBuilder OpenAPI warning: #/paths/~1deviceManagement~1virtualEndpoint~1reports~1retrieveCloudPcTroubleshootReports/post/requestBody/content/application~1json/schema/properties/skip - The format int32 is not supported by Kiota for the type Null, Number and the string type will be used.
Warning: KiotaBuilder OpenAPI warning: #/paths/~1deviceManagement~1virtualEndpoint~1reports~1retrieveCloudPcTroubleshootReports/post/requestBody/content/application~1json/schema/properties/top - The format int32 is not supported by Kiota for the type Null, Number and the string type will be used.
Warning: KiotaBuilder OpenAPI warning: #/paths/~1deviceManagement~1virtualEndpoint~1reports~1retrieveCloudPcTroubleshootReports/post/responses/2XX/content/application~1octet-stream/schema/properties/value - The format base64url is not supported by Kiota for the type Null, String and the string type will be used.
Warning: KiotaBuilder OpenAPI warning: #/paths/~1deviceManagement~1virtualEndpoint~1reports~1retrieveConnectionQualityReports/post/requestBody/content/application~1json/schema/properties/skip - The format int32 is not supported by Kiota for the type Null, Number and the string type will be used.
Warning: KiotaBuilder OpenAPI warning: #/paths/~1deviceManagement~1virtualEndpoint~1reports~1retrieveConnectionQualityReports/post/requestBody/content/application~1json/schema/properties/top - The format int32 is not supported by Kiota for the type Null, Number and the string type will be used.
Warning: KiotaBuilder OpenAPI warning: #/paths/~1deviceManagement~1virtualEndpoint~1reports~1retrieveConnectionQualityReports/post/responses/2XX/content/application~1octet-stream/schema/properties/value - The format base64url is not supported by Kiota for the type Null, String and the string type will be used.
Warning: KiotaBuilder OpenAPI warning: #/paths/~1deviceManagement~1virtualEndpoint~1reports~1retrieveCrossRegionDisasterRecoveryReport/post/requestBody/content/application~1json/schema/properties/skip - The format int32 is not supported by Kiota for the type Null, Number and the string type will be used.
Warning: KiotaBuilder OpenAPI warning: #/paths/~1deviceManagement~1virtualEndpoint~1reports~1retrieveCrossRegionDisasterRecoveryReport/post/requestBody/content/application~1json/schema/properties/top - The format int32 is not supported by Kiota for the type Null, Number and the string type will be used.
Warning: KiotaBuilder OpenAPI warning: #/paths/~1deviceManagement~1virtualEndpoint~1reports~1retrieveCrossRegionDisasterRecoveryReport/post/responses/2XX/content/application~1octet-stream/schema/properties/value - The format base64url is not supported by Kiota for the type Null, String and the string type will be used.
Warning: KiotaBuilder OpenAPI warning: #/paths/~1deviceManagement~1virtualEndpoint~1reports~1retrieveFrontlineReports/post/requestBody/content/application~1json/schema/properties/skip - The format int32 is not supported by Kiota for the type Null, Number and the string type will be used.
Warning: KiotaBuilder OpenAPI warning: #/paths/~1deviceManagement~1virtualEndpoint~1reports~1retrieveFrontlineReports/post/requestBody/content/application~1json/schema/properties/top - The format int32 is not supported by Kiota for the type Null, Number and the string type will be used.
Warning: KiotaBuilder OpenAPI warning: #/paths/~1deviceManagement~1virtualEndpoint~1reports~1retrieveFrontlineReports/post/responses/2XX/content/application~1octet-stream/schema/properties/value - The format base64url is not supported by Kiota for the type Null, String and the string type will be used.
Warning: KiotaBuilder OpenAPI warning: #/paths/~1deviceManagement~1windowsDriverUpdateProfiles~1{windowsDriverUpdateProfile-id}~1executeAction/post/requestBody/content/application~1json/schema/properties/deploymentDate - The format date-time is not supported by Kiota for the type Null, String and the string type will be used.
Warning: KiotaBuilder OpenAPI warning: #/paths/~1devices~1validateProperties/post/requestBody/content/application~1json/schema/properties/onBehalfOfUserId - The format uuid is not supported by Kiota for the type Null, String and the string type will be used.
Warning: KiotaBuilder OpenAPI warning: #/paths/~1directory~1deletedItems~1validateProperties/post/requestBody/content/application~1json/schema/properties/onBehalfOfUserId - The format uuid is not supported by Kiota for the type Null, String and the string type will be used.
Warning: KiotaBuilder OpenAPI warning: #/paths/~1directoryObjects~1validateProperties/post/requestBody/content/application~1json/schema/properties/onBehalfOfUserId - The format uuid is not supported by Kiota for the type Null, String and the string type will be used.
Warning: KiotaBuilder OpenAPI warning: #/paths/~1directoryRoles~1validateProperties/post/requestBody/content/application~1json/schema/properties/onBehalfOfUserId - The format uuid is not supported by Kiota for the type Null, String and the string type will be used.
Warning: KiotaBuilder OpenAPI warning: #/paths/~1directoryRoleTemplates~1validateProperties/post/requestBody/content/application~1json/schema/properties/onBehalfOfUserId - The format uuid is not supported by Kiota for the type Null, String and the string type will be used.
Warning: KiotaBuilder OpenAPI warning: #/paths/~1directorySettingTemplates~1validateProperties/post/requestBody/content/application~1json/schema/properties/onBehalfOfUserId - The format uuid is not supported by Kiota for the type Null, String and the string type will be used.
Warning: KiotaBuilder OpenAPI warning: #/paths/~1drives~1{drive-id}~1items~1{driveItem-id}~1createLink/post/requestBody/content/application~1json/schema/properties/expirationDateTime - The format date-time is not supported by Kiota for the type Null, String and the string type will be used.
Warning: KiotaBuilder OpenAPI warning: #/paths/~1drives~1{drive-id}~1items~1{driveItem-id}~1preview/post/requestBody/content/application~1json/schema/properties/zoom/oneOf/0 - The format double is not supported by Kiota for the type Null, Number and the string type will be used.
Warning: KiotaBuilder OpenAPI warning: #/paths/~1drives~1{drive-id}~1items~1{driveItem-id}~1workbook~1names~1{workbookNamedItem-id}~1range()~1columnsAfter(count={count})/parameters/3/schema - The format int32 is not supported by Kiota for the type Null, Number and the string type will be used.
Warning: KiotaBuilder OpenAPI warning: #/paths/~1drives~1{drive-id}~1items~1{driveItem-id}~1workbook~1names~1{workbookNamedItem-id}~1range()~1columnsBefore(count={count})/parameters/3/schema - The format int32 is not supported by Kiota for the type Null, Number and the string type will be used.
Warning: KiotaBuilder OpenAPI warning: #/paths/~1drives~1{drive-id}~1items~1{driveItem-id}~1workbook~1names~1{workbookNamedItem-id}~1range()~1rowsAbove(count={count})/parameters/3/schema - The format int32 is not supported by Kiota for the type Null, Number and the string type will be used.
Warning: KiotaBuilder OpenAPI warning: #/paths/~1drives~1{drive-id}~1items~1{driveItem-id}~1workbook~1names~1{workbookNamedItem-id}~1range()~1rowsBelow(count={count})/parameters/3/schema - The format int32 is not supported by Kiota for the type Null, Number and the string type will be used.
Warning: KiotaBuilder OpenAPI warning: #/paths/~1drives~1{drive-id}~1items~1{driveItem-id}~1workbook~1tables~1{workbookTable-id}~1columns~1{workbookTableColumn-id}~1dataBodyRange()~1columnsAfter(count={count})/parameters/4/schema - The format int32 is not supported by Kiota for the type Null, Number and the string type will be used.
Warning: KiotaBuilder OpenAPI warning: #/paths/~1drives~1{drive-id}~1items~1{driveItem-id}~1workbook~1tables~1{workbookTable-id}~1columns~1{workbookTableColumn-id}~1dataBodyRange()~1columnsBefore(count={count})/parameters/4/schema - The format int32 is not supported by Kiota for the type Null, Number and the string type will be used.
Warning: KiotaBuilder OpenAPI warning: #/paths/~1drives~1{drive-id}~1items~1{driveItem-id}~1workbook~1tables~1{workbookTable-id}~1columns~1{workbookTableColumn-id}~1dataBodyRange()~1rowsAbove(count={count})/parameters/4/schema - The format int32 is not supported by Kiota for the type Null, Number and the string type will be used.
Warning: KiotaBuilder OpenAPI warning: #/paths/~1drives~1{drive-id}~1items~1{driveItem-id}~1workbook~1tables~1{workbookTable-id}~1columns~1{workbookTableColumn-id}~1dataBodyRange()~1rowsBelow(count={count})/parameters/4/schema - The format int32 is not supported by Kiota for the type Null, Number and the string type will be used.
Warning: KiotaBuilder OpenAPI warning: #/paths/~1drives~1{drive-id}~1items~1{driveItem-id}~1workbook~1tables~1{workbookTable-id}~1columns~1{workbookTableColumn-id}~1headerRowRange()~1columnsAfter(count={count})/parameters/4/schema - The format int32 is not supported by Kiota for the type Null, Number and the string type will be used.
Warning: KiotaBuilder OpenAPI warning: #/paths/~1drives~1{drive-id}~1items~1{driveItem-id}~1workbook~1tables~1{workbookTable-id}~1columns~1{workbookTableColumn-id}~1headerRowRange()~1columnsBefore(count={count})/parameters/4/schema - The format int32 is not supported by Kiota for the type Null, Number and the string type will be used.
Warning: KiotaBuilder OpenAPI warning: #/paths/~1drives~1{drive-id}~1items~1{driveItem-id}~1workbook~1tables~1{workbookTable-id}~1columns~1{workbookTableColumn-id}~1headerRowRange()~1rowsAbove(count={count})/parameters/4/schema - The format int32 is not supported by Kiota for the type Null, Number and the string type will be used.
Warning: KiotaBuilder OpenAPI warning: #/paths/~1drives~1{drive-id}~1items~1{driveItem-id}~1workbook~1tables~1{workbookTable-id}~1columns~1{workbookTableColumn-id}~1headerRowRange()~1rowsBelow(count={count})/parameters/4/schema - The format int32 is not supported by Kiota for the type Null, Number and the string type will be used.
Warning: KiotaBuilder OpenAPI warning: #/paths/~1drives~1{drive-id}~1items~1{driveItem-id}~1workbook~1tables~1{workbookTable-id}~1columns~1{workbookTableColumn-id}~1range()~1columnsAfter(count={count})/parameters/4/schema - The format int32 is not supported by Kiota for the type Null, Number and the string type will be used.
Warning: KiotaBuilder OpenAPI warning: #/paths/~1drives~1{drive-id}~1items~1{driveItem-id}~1workbook~1tables~1{workbookTable-id}~1columns~1{workbookTableColumn-id}~1range()~1columnsBefore(count={count})/parameters/4/schema - The format int32 is not supported by Kiota for the type Null, Number and the string type will be used.
Warning: KiotaBuilder OpenAPI warning: #/paths/~1drives~1{drive-id}~1items~1{driveItem-id}~1workbook~1tables~1{workbookTable-id}~1columns~1{workbookTableColumn-id}~1range()~1rowsAbove(count={count})/parameters/4/schema - The format int32 is not supported by Kiota for the type Null, Number and the string type will be used.
Warning: KiotaBuilder OpenAPI warning: #/paths/~1drives~1{drive-id}~1items~1{driveItem-id}~1workbook~1tables~1{workbookTable-id}~1columns~1{workbookTableColumn-id}~1range()~1rowsBelow(count={count})/parameters/4/schema - The format int32 is not supported by Kiota for the type Null, Number and the string type will be used.
Warning: KiotaBuilder OpenAPI warning: #/paths/~1drives~1{drive-id}~1items~1{driveItem-id}~1workbook~1tables~1{workbookTable-id}~1columns~1{workbookTableColumn-id}~1totalRowRange()~1columnsAfter(count={count})/parameters/4/schema - The format int32 is not supported by Kiota for the type Null, Number and the string type will be used.
Warning: KiotaBuilder OpenAPI warning: #/paths/~1drives~1{drive-id}~1items~1{driveItem-id}~1workbook~1tables~1{workbookTable-id}~1columns~1{workbookTableColumn-id}~1totalRowRange()~1columnsBefore(count={count})/parameters/4/schema - The format int32 is not supported by Kiota for the type Null, Number and the string type will be used.
Warning: KiotaBuilder OpenAPI warning: #/paths/~1drives~1{drive-id}~1items~1{driveItem-id}~1workbook~1tables~1{workbookTable-id}~1columns~1{workbookTableColumn-id}~1totalRowRange()~1rowsAbove(count={count})/parameters/4/schema - The format int32 is not supported by Kiota for the type Null, Number and the string type will be used.
Warning: KiotaBuilder OpenAPI warning: #/paths/~1drives~1{drive-id}~1items~1{driveItem-id}~1workbook~1tables~1{workbookTable-id}~1columns~1{workbookTableColumn-id}~1totalRowRange()~1rowsBelow(count={count})/parameters/4/schema - The format int32 is not supported by Kiota for the type Null, Number and the string type will be used.
Warning: KiotaBuilder OpenAPI warning: #/paths/~1drives~1{drive-id}~1items~1{driveItem-id}~1workbook~1tables~1{workbookTable-id}~1columns~1add/post/requestBody/content/application~1json/schema/properties/index - The format int32 is not supported by Kiota for the type Null, Number and the string type will be used.
Warning: KiotaBuilder OpenAPI warning: #/paths/~1drives~1{drive-id}~1items~1{driveItem-id}~1workbook~1tables~1{workbookTable-id}~1dataBodyRange()~1columnsAfter(count={count})/parameters/3/schema - The format int32 is not supported by Kiota for the type Null, Number and the string type will be used.
Warning: KiotaBuilder OpenAPI warning: #/paths/~1drives~1{drive-id}~1items~1{driveItem-id}~1workbook~1tables~1{workbookTable-id}~1dataBodyRange()~1columnsBefore(count={count})/parameters/3/schema - The format int32 is not supported by Kiota for the type Null, Number and the string type will be used.
Warning: KiotaBuilder OpenAPI warning: #/paths/~1drives~1{drive-id}~1items~1{driveItem-id}~1workbook~1tables~1{workbookTable-id}~1dataBodyRange()~1rowsAbove(count={count})/parameters/3/schema - The format int32 is not supported by Kiota for the type Null, Number and the string type will be used.
Warning: KiotaBuilder OpenAPI warning: #/paths/~1drives~1{drive-id}~1items~1{driveItem-id}~1workbook~1tables~1{workbookTable-id}~1dataBodyRange()~1rowsBelow(count={count})/parameters/3/schema - The format int32 is not supported by Kiota for the type Null, Number and the string type will be used.
Warning: KiotaBuilder OpenAPI warning: #/paths/~1drives~1{drive-id}~1items~1{driveItem-id}~1workbook~1tables~1{workbookTable-id}~1headerRowRange()~1columnsAfter(count={count})/parameters/3/schema - The format int32 is not supported by Kiota for the type Null, Number and the string type will be used.
Warning: KiotaBuilder OpenAPI warning: #/paths/~1drives~1{drive-id}~1items~1{driveItem-id}~1workbook~1tables~1{workbookTable-id}~1headerRowRange()~1columnsBefore(count={count})/parameters/3/schema - The format int32 is not supported by Kiota for the type Null, Number and the string type will be used.
Warning: KiotaBuilder OpenAPI warning: #/paths/~1drives~1{drive-id}~1items~1{driveItem-id}~1workbook~1tables~1{workbookTable-id}~1headerRowRange()~1rowsAbove(count={count})/parameters/3/schema - The format int32 is not supported by Kiota for the type Null, Number and the string type will be used.
Warning: KiotaBuilder OpenAPI warning: #/paths/~1drives~1{drive-id}~1items~1{driveItem-id}~1workbook~1tables~1{workbookTable-id}~1headerRowRange()~1rowsBelow(count={count})/parameters/3/schema - The format int32 is not supported by Kiota for the type Null, Number and the string type will be used.
Warning: KiotaBuilder OpenAPI warning: #/paths/~1drives~1{drive-id}~1items~1{driveItem-id}~1workbook~1tables~1{workbookTable-id}~1range()~1columnsAfter(count={count})/parameters/3/schema - The format int32 is not supported by Kiota for the type Null, Number and the string type will be used.
Warning: KiotaBuilder OpenAPI warning: #/paths/~1drives~1{drive-id}~1items~1{driveItem-id}~1workbook~1tables~1{workbookTable-id}~1range()~1columnsBefore(count={count})/parameters/3/schema - The format int32 is not supported by Kiota for the type Null, Number and the string type will be used.
Warning: KiotaBuilder OpenAPI warning: #/paths/~1drives~1{drive-id}~1items~1{driveItem-id}~1workbook~1tables~1{workbookTable-id}~1range()~1rowsAbove(count={count})/parameters/3/schema - The format int32 is not supported by Kiota for the type Null, Number and the string type will be used.
Warning: KiotaBuilder OpenAPI warning: #/paths/~1drives~1{drive-id}~1items~1{driveItem-id}~1workbook~1tables~1{workbookTable-id}~1range()~1rowsBelow(count={count})/parameters/3/schema - The format int32 is not supported by Kiota for the type Null, Number and the string type will be used.
Warning: KiotaBuilder OpenAPI warning: #/paths/~1drives~1{drive-id}~1items~1{driveItem-id}~1workbook~1tables~1{workbookTable-id}~1totalRowRange()~1columnsAfter(count={count})/parameters/3/schema - The format int32 is not supported by Kiota for the type Null, Number and the string type will be used.
Warning: KiotaBuilder OpenAPI warning: #/paths/~1drives~1{drive-id}~1items~1{driveItem-id}~1workbook~1tables~1{workbookTable-id}~1totalRowRange()~1columnsBefore(count={count})/parameters/3/schema - The format int32 is not supported by Kiota for the type Null, Number and the string type will be used.
Warning: KiotaBuilder OpenAPI warning: #/paths/~1drives~1{drive-id}~1items~1{driveItem-id}~1workbook~1tables~1{workbookTable-id}~1totalRowRange()~1rowsAbove(count={count})/parameters/3/schema - The format int32 is not supported by Kiota for the type Null, Number and the string type will be used.
Warning: KiotaBuilder OpenAPI warning: #/paths/~1drives~1{drive-id}~1items~1{driveItem-id}~1workbook~1tables~1{workbookTable-id}~1totalRowRange()~1rowsBelow(count={count})/parameters/3/schema - The format int32 is not supported by Kiota for the type Null, Number and the string type will be used.
Warning: KiotaBuilder OpenAPI warning: #/paths/~1drives~1{drive-id}~1items~1{driveItem-id}~1workbook~1tables~1{workbookTable-id}~1rows~1{workbookTableRow-id}~1range()~1columnsAfter(count={count})/parameters/4/schema - The format int32 is not supported by Kiota for the type Null, Number and the string type will be used.
Warning: KiotaBuilder OpenAPI warning: #/paths/~1drives~1{drive-id}~1items~1{driveItem-id}~1workbook~1tables~1{workbookTable-id}~1rows~1{workbookTableRow-id}~1range()~1columnsBefore(count={count})/parameters/4/schema - The format int32 is not supported by Kiota for the type Null, Number and the string type will be used.
Warning: KiotaBuilder OpenAPI warning: #/paths/~1drives~1{drive-id}~1items~1{driveItem-id}~1workbook~1tables~1{workbookTable-id}~1rows~1{workbookTableRow-id}~1range()~1rowsAbove(count={count})/parameters/4/schema - The format int32 is not supported by Kiota for the type Null, Number and the string type will be used.
Warning: KiotaBuilder OpenAPI warning: #/paths/~1drives~1{drive-id}~1items~1{driveItem-id}~1workbook~1tables~1{workbookTable-id}~1rows~1{workbookTableRow-id}~1range()~1rowsBelow(count={count})/parameters/4/schema - The format int32 is not supported by Kiota for the type Null, Number and the string type will be used.
Warning: KiotaBuilder OpenAPI warning: #/paths/~1drives~1{drive-id}~1items~1{driveItem-id}~1workbook~1tables~1{workbookTable-id}~1rows~1add/post/requestBody/content/application~1json/schema/properties/index - The format int32 is not supported by Kiota for the type Null, Number and the string type will be used.
Warning: KiotaBuilder OpenAPI warning: #/paths/~1drives~1{drive-id}~1items~1{driveItem-id}~1workbook~1worksheets~1{workbookWorksheet-id}~1cell(row={row},column={column})~1columnsAfter(count={count})/parameters/5/schema - The format int32 is not supported by Kiota for the type Null, Number and the string type will be used.
Warning: KiotaBuilder OpenAPI warning: #/paths/~1drives~1{drive-id}~1items~1{driveItem-id}~1workbook~1worksheets~1{workbookWorksheet-id}~1cell(row={row},column={column})~1columnsBefore(count={count})/parameters/5/schema - The format int32 is not supported by Kiota for the type Null, Number and the string type will be used.
Warning: KiotaBuilder OpenAPI warning: #/paths/~1drives~1{drive-id}~1items~1{driveItem-id}~1workbook~1worksheets~1{workbookWorksheet-id}~1cell(row={row},column={column})~1rowsAbove(count={count})/parameters/5/schema - The format int32 is not supported by Kiota for the type Null, Number and the string type will be used.
Warning: KiotaBuilder OpenAPI warning: #/paths/~1drives~1{drive-id}~1items~1{driveItem-id}~1workbook~1worksheets~1{workbookWorksheet-id}~1cell(row={row},column={column})~1rowsBelow(count={count})/parameters/5/schema - The format int32 is not supported by Kiota for the type Null, Number and the string type will be used.
Warning: KiotaBuilder OpenAPI warning: #/paths/~1drives~1{drive-id}~1items~1{driveItem-id}~1workbook~1worksheets~1{workbookWorksheet-id}~1range()~1columnsAfter(count={count})/parameters/3/schema - The format int32 is not supported by Kiota for the type Null, Number and the string type will be used.
Warning: KiotaBuilder OpenAPI warning: #/paths/~1drives~1{drive-id}~1items~1{driveItem-id}~1workbook~1worksheets~1{workbookWorksheet-id}~1range()~1columnsBefore(count={count})/parameters/3/schema - The format int32 is not supported by Kiota for the type Null, Number and the string type will be used.
Warning: KiotaBuilder OpenAPI warning: #/paths/~1drives~1{drive-id}~1items~1{driveItem-id}~1workbook~1worksheets~1{workbookWorksheet-id}~1range()~1rowsAbove(count={count})/parameters/3/schema - The format int32 is not supported by Kiota for the type Null, Number and the string type will be used.
Warning: KiotaBuilder OpenAPI warning: #/paths/~1drives~1{drive-id}~1items~1{driveItem-id}~1workbook~1worksheets~1{workbookWorksheet-id}~1range()~1rowsBelow(count={count})/parameters/3/schema - The format int32 is not supported by Kiota for the type Null, Number and the string type will be used.
Warning: KiotaBuilder OpenAPI warning: #/paths/~1drives~1{drive-id}~1items~1{driveItem-id}~1workbook~1worksheets~1{workbookWorksheet-id}~1range(address='{address}')~1columnsAfter(count={count})/parameters/4/schema - The format int32 is not supported by Kiota for the type Null, Number and the string type will be used.
Warning: KiotaBuilder OpenAPI warning: #/paths/~1drives~1{drive-id}~1items~1{driveItem-id}~1workbook~1worksheets~1{workbookWorksheet-id}~1range(address='{address}')~1columnsBefore(count={count})/parameters/4/schema - The format int32 is not supported by Kiota for the type Null, Number and the string type will be used.
Warning: KiotaBuilder OpenAPI warning: #/paths/~1drives~1{drive-id}~1items~1{driveItem-id}~1workbook~1worksheets~1{workbookWorksheet-id}~1range(address='{address}')~1rowsAbove(count={count})/parameters/4/schema - The format int32 is not supported by Kiota for the type Null, Number and the string type will be used.
Warning: KiotaBuilder OpenAPI warning: #/paths/~1drives~1{drive-id}~1items~1{driveItem-id}~1workbook~1worksheets~1{workbookWorksheet-id}~1range(address='{address}')~1rowsBelow(count={count})/parameters/4/schema - The format int32 is not supported by Kiota for the type Null, Number and the string type will be used.
Warning: KiotaBuilder OpenAPI warning: #/paths/~1drives~1{drive-id}~1items~1{driveItem-id}~1workbook~1worksheets~1{workbookWorksheet-id}~1usedRange()~1columnsAfter(count={count})/parameters/3/schema - The format int32 is not supported by Kiota for the type Null, Number and the string type will be used.
Warning: KiotaBuilder OpenAPI warning: #/paths/~1drives~1{drive-id}~1items~1{driveItem-id}~1workbook~1worksheets~1{workbookWorksheet-id}~1usedRange()~1columnsBefore(count={count})/parameters/3/schema - The format int32 is not supported by Kiota for the type Null, Number and the string type will be used.
Warning: KiotaBuilder OpenAPI warning: #/paths/~1drives~1{drive-id}~1items~1{driveItem-id}~1workbook~1worksheets~1{workbookWorksheet-id}~1usedRange()~1rowsAbove(count={count})/parameters/3/schema - The format int32 is not supported by Kiota for the type Null, Number and the string type will be used.
Warning: KiotaBuilder OpenAPI warning: #/paths/~1drives~1{drive-id}~1items~1{driveItem-id}~1workbook~1worksheets~1{workbookWorksheet-id}~1usedRange()~1rowsBelow(count={count})/parameters/3/schema - The format int32 is not supported by Kiota for the type Null, Number and the string type will be used.
Warning: KiotaBuilder OpenAPI warning: #/paths/~1drives~1{drive-id}~1items~1{driveItem-id}~1workbook~1worksheets~1{workbookWorksheet-id}~1usedRange(valuesOnly={valuesOnly})~1columnsAfter(count={count})/parameters/4/schema - The format int32 is not supported by Kiota for the type Null, Number and the string type will be used.
Warning: KiotaBuilder OpenAPI warning: #/paths/~1drives~1{drive-id}~1items~1{driveItem-id}~1workbook~1worksheets~1{workbookWorksheet-id}~1usedRange(valuesOnly={valuesOnly})~1columnsBefore(count={count})/parameters/4/schema - The format int32 is not supported by Kiota for the type Null, Number and the string type will be used.
Warning: KiotaBuilder OpenAPI warning: #/paths/~1drives~1{drive-id}~1items~1{driveItem-id}~1workbook~1worksheets~1{workbookWorksheet-id}~1usedRange(valuesOnly={valuesOnly})~1rowsAbove(count={count})/parameters/4/schema - The format int32 is not supported by Kiota for the type Null, Number and the string type will be used.
Warning: KiotaBuilder OpenAPI warning: #/paths/~1drives~1{drive-id}~1items~1{driveItem-id}~1workbook~1worksheets~1{workbookWorksheet-id}~1usedRange(valuesOnly={valuesOnly})~1rowsBelow(count={count})/parameters/4/schema - The format int32 is not supported by Kiota for the type Null, Number and the string type will be used.
Warning: KiotaBuilder OpenAPI warning: #/paths/~1drives~1{drive-id}~1items~1{driveItem-id}~1workbook~1worksheets~1{workbookWorksheet-id}~1names~1{workbookNamedItem-id}~1range()~1columnsAfter(count={count})/parameters/4/schema - The format int32 is not supported by Kiota for the type Null, Number and the string type will be used.
Warning: KiotaBuilder OpenAPI warning: #/paths/~1drives~1{drive-id}~1items~1{driveItem-id}~1workbook~1worksheets~1{workbookWorksheet-id}~1names~1{workbookNamedItem-id}~1range()~1columnsBefore(count={count})/parameters/4/schema - The format int32 is not supported by Kiota for the type Null, Number and the string type will be used.
Warning: KiotaBuilder OpenAPI warning: #/paths/~1drives~1{drive-id}~1items~1{driveItem-id}~1workbook~1worksheets~1{workbookWorksheet-id}~1names~1{workbookNamedItem-id}~1range()~1rowsAbove(count={count})/parameters/4/schema - The format int32 is not supported by Kiota for the type Null, Number and the string type will be used.
Warning: KiotaBuilder OpenAPI warning: #/paths/~1drives~1{drive-id}~1items~1{driveItem-id}~1workbook~1worksheets~1{workbookWorksheet-id}~1names~1{workbookNamedItem-id}~1range()~1rowsBelow(count={count})/parameters/4/schema - The format int32 is not supported by Kiota for the type Null, Number and the string type will be used.
Warning: KiotaBuilder OpenAPI warning: #/paths/~1drives~1{drive-id}~1items~1{driveItem-id}~1workbook~1worksheets~1{workbookWorksheet-id}~1tables~1{workbookTable-id}~1columns~1{workbookTableColumn-id}~1dataBodyRange()~1columnsAfter(count={count})/parameters/5/schema - The format int32 is not supported by Kiota for the type Null, Number and the string type will be used.
Warning: KiotaBuilder OpenAPI warning: #/paths/~1drives~1{drive-id}~1items~1{driveItem-id}~1workbook~1worksheets~1{workbookWorksheet-id}~1tables~1{workbookTable-id}~1columns~1{workbookTableColumn-id}~1dataBodyRange()~1columnsBefore(count={count})/parameters/5/schema - The format int32 is not supported by Kiota for the type Null, Number and the string type will be used.
Warning: KiotaBuilder OpenAPI warning: #/paths/~1drives~1{drive-id}~1items~1{driveItem-id}~1workbook~1worksheets~1{workbookWorksheet-id}~1tables~1{workbookTable-id}~1columns~1{workbookTableColumn-id}~1dataBodyRange()~1rowsAbove(count={count})/parameters/5/schema - The format int32 is not supported by Kiota for the type Null, Number and the string type will be used.
Warning: KiotaBuilder OpenAPI warning: #/paths/~1drives~1{drive-id}~1items~1{driveItem-id}~1workbook~1worksheets~1{workbookWorksheet-id}~1tables~1{workbookTable-id}~1columns~1{workbookTableColumn-id}~1dataBodyRange()~1rowsBelow(count={count})/parameters/5/schema - The format int32 is not supported by Kiota for the type Null, Number and the string type will be used.
Warning: KiotaBuilder OpenAPI warning: #/paths/~1drives~1{drive-id}~1items~1{driveItem-id}~1workbook~1worksheets~1{workbookWorksheet-id}~1tables~1{workbookTable-id}~1columns~1{workbookTableColumn-id}~1headerRowRange()~1columnsAfter(count={count})/parameters/5/schema - The format int32 is not supported by Kiota for the type Null, Number and the string type will be used.
Warning: KiotaBuilder OpenAPI warning: #/paths/~1drives~1{drive-id}~1items~1{driveItem-id}~1workbook~1worksheets~1{workbookWorksheet-id}~1tables~1{workbookTable-id}~1columns~1{workbookTableColumn-id}~1headerRowRange()~1columnsBefore(count={count})/parameters/5/schema - The format int32 is not supported by Kiota for the type Null, Number and the string type will be used.
Warning: KiotaBuilder OpenAPI warning: #/paths/~1drives~1{drive-id}~1items~1{driveItem-id}~1workbook~1worksheets~1{workbookWorksheet-id}~1tables~1{workbookTable-id}~1columns~1{workbookTableColumn-id}~1headerRowRange()~1rowsAbove(count={count})/parameters/5/schema - The format int32 is not supported by Kiota for the type Null, Number and the string type will be used.
Warning: KiotaBuilder OpenAPI warning: #/paths/~1drives~1{drive-id}~1items~1{driveItem-id}~1workbook~1worksheets~1{workbookWorksheet-id}~1tables~1{workbookTable-id}~1columns~1{workbookTableColumn-id}~1headerRowRange()~1rowsBelow(count={count})/parameters/5/schema - The format int32 is not supported by Kiota for the type Null, Number and the string type will be used.
Warning: KiotaBuilder OpenAPI warning: #/paths/~1drives~1{drive-id}~1items~1{driveItem-id}~1workbook~1worksheets~1{workbookWorksheet-id}~1tables~1{workbookTable-id}~1columns~1{workbookTableColumn-id}~1range()~1columnsAfter(count={count})/parameters/5/schema - The format int32 is not supported by Kiota for the type Null, Number and the string type will be used.
Warning: KiotaBuilder OpenAPI warning: #/paths/~1drives~1{drive-id}~1items~1{driveItem-id}~1workbook~1worksheets~1{workbookWorksheet-id}~1tables~1{workbookTable-id}~1columns~1{workbookTableColumn-id}~1range()~1columnsBefore(count={count})/parameters/5/schema - The format int32 is not supported by Kiota for the type Null, Number and the string type will be used.
Warning: KiotaBuilder OpenAPI warning: #/paths/~1drives~1{drive-id}~1items~1{driveItem-id}~1workbook~1worksheets~1{workbookWorksheet-id}~1tables~1{workbookTable-id}~1columns~1{workbookTableColumn-id}~1range()~1rowsAbove(count={count})/parameters/5/schema - The format int32 is not supported by Kiota for the type Null, Number and the string type will be used.
Warning: KiotaBuilder OpenAPI warning: #/paths/~1drives~1{drive-id}~1items~1{driveItem-id}~1workbook~1worksheets~1{workbookWorksheet-id}~1tables~1{workbookTable-id}~1columns~1{workbookTableColumn-id}~1range()~1rowsBelow(count={count})/parameters/5/schema - The format int32 is not supported by Kiota for the type Null, Number and the string type will be used.
Warning: KiotaBuilder OpenAPI warning: #/paths/~1drives~1{drive-id}~1items~1{driveItem-id}~1workbook~1worksheets~1{workbookWorksheet-id}~1tables~1{workbookTable-id}~1columns~1{workbookTableColumn-id}~1totalRowRange()~1columnsAfter(count={count})/parameters/5/schema - The format int32 is not supported by Kiota for the type Null, Number and the string type will be used.
Warning: KiotaBuilder OpenAPI warning: #/paths/~1drives~1{drive-id}~1items~1{driveItem-id}~1workbook~1worksheets~1{workbookWorksheet-id}~1tables~1{workbookTable-id}~1columns~1{workbookTableColumn-id}~1totalRowRange()~1columnsBefore(count={count})/parameters/5/schema - The format int32 is not supported by Kiota for the type Null, Number and the string type will be used.
Warning: KiotaBuilder OpenAPI warning: #/paths/~1drives~1{drive-id}~1items~1{driveItem-id}~1workbook~1worksheets~1{workbookWorksheet-id}~1tables~1{workbookTable-id}~1columns~1{workbookTableColumn-id}~1totalRowRange()~1rowsAbove(count={count})/parameters/5/schema - The format int32 is not supported by Kiota for the type Null, Number and the string type will be used.
Warning: KiotaBuilder OpenAPI warning: #/paths/~1drives~1{drive-id}~1items~1{driveItem-id}~1workbook~1worksheets~1{workbookWorksheet-id}~1tables~1{workbookTable-id}~1columns~1{workbookTableColumn-id}~1totalRowRange()~1rowsBelow(count={count})/parameters/5/schema - The format int32 is not supported by Kiota for the type Null, Number and the string type will be used.
Warning: KiotaBuilder OpenAPI warning: #/paths/~1drives~1{drive-id}~1items~1{driveItem-id}~1workbook~1worksheets~1{workbookWorksheet-id}~1tables~1{workbookTable-id}~1columns~1add/post/requestBody/content/application~1json/schema/properties/index - The format int32 is not supported by Kiota for the type Null, Number and the string type will be used.
Warning: KiotaBuilder OpenAPI warning: #/paths/~1drives~1{drive-id}~1items~1{driveItem-id}~1workbook~1worksheets~1{workbookWorksheet-id}~1tables~1{workbookTable-id}~1dataBodyRange()~1columnsAfter(count={count})/parameters/4/schema - The format int32 is not supported by Kiota for the type Null, Number and the string type will be used.
Warning: KiotaBuilder OpenAPI warning: #/paths/~1drives~1{drive-id}~1items~1{driveItem-id}~1workbook~1worksheets~1{workbookWorksheet-id}~1tables~1{workbookTable-id}~1dataBodyRange()~1columnsBefore(count={count})/parameters/4/schema - The format int32 is not supported by Kiota for the type Null, Number and the string type will be used.
Warning: KiotaBuilder OpenAPI warning: #/paths/~1drives~1{drive-id}~1items~1{driveItem-id}~1workbook~1worksheets~1{workbookWorksheet-id}~1tables~1{workbookTable-id}~1dataBodyRange()~1rowsAbove(count={count})/parameters/4/schema - The format int32 is not supported by Kiota for the type Null, Number and the string type will be used.
Warning: KiotaBuilder OpenAPI warning: #/paths/~1drives~1{drive-id}~1items~1{driveItem-id}~1workbook~1worksheets~1{workbookWorksheet-id}~1tables~1{workbookTable-id}~1dataBodyRange()~1rowsBelow(count={count})/parameters/4/schema - The format int32 is not supported by Kiota for the type Null, Number and the string type will be used.
Warning: KiotaBuilder OpenAPI warning: #/paths/~1drives~1{drive-id}~1items~1{driveItem-id}~1workbook~1worksheets~1{workbookWorksheet-id}~1tables~1{workbookTable-id}~1headerRowRange()~1columnsAfter(count={count})/parameters/4/schema - The format int32 is not supported by Kiota for the type Null, Number and the string type will be used.
Warning: KiotaBuilder OpenAPI warning: #/paths/~1drives~1{drive-id}~1items~1{driveItem-id}~1workbook~1worksheets~1{workbookWorksheet-id}~1tables~1{workbookTable-id}~1headerRowRange()~1columnsBefore(count={count})/parameters/4/schema - The format int32 is not supported by Kiota for the type Null, Number and the string type will be used.
Warning: KiotaBuilder OpenAPI warning: #/paths/~1drives~1{drive-id}~1items~1{driveItem-id}~1workbook~1worksheets~1{workbookWorksheet-id}~1tables~1{workbookTable-id}~1headerRowRange()~1rowsAbove(count={count})/parameters/4/schema - The format int32 is not supported by Kiota for the type Null, Number and the string type will be used.
Warning: KiotaBuilder OpenAPI warning: #/paths/~1drives~1{drive-id}~1items~1{driveItem-id}~1workbook~1worksheets~1{workbookWorksheet-id}~1tables~1{workbookTable-id}~1headerRowRange()~1rowsBelow(count={count})/parameters/4/schema - The format int32 is not supported by Kiota for the type Null, Number and the string type will be used.
Warning: KiotaBuilder OpenAPI warning: #/paths/~1drives~1{drive-id}~1items~1{driveItem-id}~1workbook~1worksheets~1{workbookWorksheet-id}~1tables~1{workbookTable-id}~1range()~1columnsAfter(count={count})/parameters/4/schema - The format int32 is not supported by Kiota for the type Null, Number and the string type will be used.
Warning: KiotaBuilder OpenAPI warning: #/paths/~1drives~1{drive-id}~1items~1{driveItem-id}~1workbook~1worksheets~1{workbookWorksheet-id}~1tables~1{workbookTable-id}~1range()~1columnsBefore(count={count})/parameters/4/schema - The format int32 is not supported by Kiota for the type Null, Number and the string type will be used.
Warning: KiotaBuilder OpenAPI warning: #/paths/~1drives~1{drive-id}~1items~1{driveItem-id}~1workbook~1worksheets~1{workbookWorksheet-id}~1tables~1{workbookTable-id}~1range()~1rowsAbove(count={count})/parameters/4/schema - The format int32 is not supported by Kiota for the type Null, Number and the string type will be used.
Warning: KiotaBuilder OpenAPI warning: #/paths/~1drives~1{drive-id}~1items~1{driveItem-id}~1workbook~1worksheets~1{workbookWorksheet-id}~1tables~1{workbookTable-id}~1range()~1rowsBelow(count={count})/parameters/4/schema - The format int32 is not supported by Kiota for the type Null, Number and the string type will be used.
Warning: KiotaBuilder OpenAPI warning: #/paths/~1drives~1{drive-id}~1items~1{driveItem-id}~1workbook~1worksheets~1{workbookWorksheet-id}~1tables~1{workbookTable-id}~1totalRowRange()~1columnsAfter(count={count})/parameters/4/schema - The format int32 is not supported by Kiota for the type Null, Number and the string type will be used.
Warning: KiotaBuilder OpenAPI warning: #/paths/~1drives~1{drive-id}~1items~1{driveItem-id}~1workbook~1worksheets~1{workbookWorksheet-id}~1tables~1{workbookTable-id}~1totalRowRange()~1columnsBefore(count={count})/parameters/4/schema - The format int32 is not supported by Kiota for the type Null, Number and the string type will be used.
Warning: KiotaBuilder OpenAPI warning: #/paths/~1drives~1{drive-id}~1items~1{driveItem-id}~1workbook~1worksheets~1{workbookWorksheet-id}~1tables~1{workbookTable-id}~1totalRowRange()~1rowsAbove(count={count})/parameters/4/schema - The format int32 is not supported by Kiota for the type Null, Number and the string type will be used.
Warning: KiotaBuilder OpenAPI warning: #/paths/~1drives~1{drive-id}~1items~1{driveItem-id}~1workbook~1worksheets~1{workbookWorksheet-id}~1tables~1{workbookTable-id}~1totalRowRange()~1rowsBelow(count={count})/parameters/4/schema - The format int32 is not supported by Kiota for the type Null, Number and the string type will be used.
Warning: KiotaBuilder OpenAPI warning: #/paths/~1drives~1{drive-id}~1items~1{driveItem-id}~1workbook~1worksheets~1{workbookWorksheet-id}~1tables~1{workbookTable-id}~1rows~1{workbookTableRow-id}~1range()~1columnsAfter(count={count})/parameters/5/schema - The format int32 is not supported by Kiota for the type Null, Number and the string type will be used.
Warning: KiotaBuilder OpenAPI warning: #/paths/~1drives~1{drive-id}~1items~1{driveItem-id}~1workbook~1worksheets~1{workbookWorksheet-id}~1tables~1{workbookTable-id}~1rows~1{workbookTableRow-id}~1range()~1columnsBefore(count={count})/parameters/5/schema - The format int32 is not supported by Kiota for the type Null, Number and the string type will be used.
Warning: KiotaBuilder OpenAPI warning: #/paths/~1drives~1{drive-id}~1items~1{driveItem-id}~1workbook~1worksheets~1{workbookWorksheet-id}~1tables~1{workbookTable-id}~1rows~1{workbookTableRow-id}~1range()~1rowsAbove(count={count})/parameters/5/schema - The format int32 is not supported by Kiota for the type Null, Number and the string type will be used.
Warning: KiotaBuilder OpenAPI warning: #/paths/~1drives~1{drive-id}~1items~1{driveItem-id}~1workbook~1worksheets~1{workbookWorksheet-id}~1tables~1{workbookTable-id}~1rows~1{workbookTableRow-id}~1range()~1rowsBelow(count={count})/parameters/5/schema - The format int32 is not supported by Kiota for the type Null, Number and the string type will be used.
Warning: KiotaBuilder OpenAPI warning: #/paths/~1drives~1{drive-id}~1items~1{driveItem-id}~1workbook~1worksheets~1{workbookWorksheet-id}~1tables~1{workbookTable-id}~1rows~1add/post/requestBody/content/application~1json/schema/properties/index - The format int32 is not supported by Kiota for the type Null, Number and the string type will be used.
Warning: KiotaBuilder OpenAPI warning: #/paths/~1drives~1{drive-id}~1list~1items~1{listItem-id}~1createLink/post/requestBody/content/application~1json/schema/properties/expirationDateTime - The format date-time is not supported by Kiota for the type Null, String and the string type will be used.
Warning: KiotaBuilder OpenAPI warning: #/paths/~1groups~1{group-id}~1calendar~1getSchedule/post/requestBody/content/application~1json/schema/properties/AvailabilityViewInterval - The format int32 is not supported by Kiota for the type Null, Number and the string type will be used.
Warning: KiotaBuilder OpenAPI warning: #/paths/~1groups~1{group-id}~1validateProperties/post/requestBody/content/application~1json/schema/properties/onBehalfOfUserId - The format uuid is not supported by Kiota for the type Null, String and the string type will be used.
Warning: KiotaBuilder OpenAPI warning: #/paths/~1groups~1{group-id}~1sites~1{site-id}~1lists~1{list-id}~1items~1{listItem-id}~1createLink/post/requestBody/content/application~1json/schema/properties/expirationDateTime - The format date-time is not supported by Kiota for the type Null, String and the string type will be used.
Warning: KiotaBuilder OpenAPI warning: #/paths/~1groups~1{group-id}~1team~1sendActivityNotification/post/requestBody/content/application~1json/schema/properties/chainId - The format int64 is not supported by Kiota for the type Null, Number and the string type will be used.
Warning: KiotaBuilder OpenAPI warning: #/paths/~1groups~1{group-id}~1team~1schedule~1share/post/requestBody/content/application~1json/schema/properties/startDateTime - The format date-time is not supported by Kiota for the type Null, String and the string type will be used.
Warning: KiotaBuilder OpenAPI warning: #/paths/~1groups~1{group-id}~1team~1schedule~1share/post/requestBody/content/application~1json/schema/properties/endDateTime - The format date-time is not supported by Kiota for the type Null, String and the string type will be used.
Warning: KiotaBuilder OpenAPI warning: #/paths/~1groups~1validateProperties/post/requestBody/content/application~1json/schema/properties/onBehalfOfUserId - The format uuid is not supported by Kiota for the type Null, String and the string type will be used.
Warning: KiotaBuilder OpenAPI warning: #/paths/~1me~1authentication~1fido2Methods~1creationOptions(challengeTimeoutInMinutes=@challengeTimeoutInMinutes)/parameters/0/schema - The format int32 is not supported by Kiota for the type Null, Number and the string type will be used.
Warning: KiotaBuilder OpenAPI warning: #/paths/~1me~1calendar~1getSchedule/post/requestBody/content/application~1json/schema/properties/AvailabilityViewInterval - The format int32 is not supported by Kiota for the type Null, Number and the string type will be used.
Warning: KiotaBuilder OpenAPI warning: #/paths/~1me~1calendarGroups~1{calendarGroup-id}~1calendars~1{calendar-id}~1getSchedule/post/requestBody/content/application~1json/schema/properties/AvailabilityViewInterval - The format int32 is not supported by Kiota for the type Null, Number and the string type will be used.
Warning: KiotaBuilder OpenAPI warning: #/paths/~1me~1calendars~1{calendar-id}~1getSchedule/post/requestBody/content/application~1json/schema/properties/AvailabilityViewInterval - The format int32 is not supported by Kiota for the type Null, Number and the string type will be used.
Warning: KiotaBuilder OpenAPI warning: #/paths/~1me~1chats~1{chat-id}~1markChatUnreadForUser/post/requestBody/content/application~1json/schema/properties/lastMessageReadDateTime - The format date-time is not supported by Kiota for the type Null, String and the string type will be used.
Warning: KiotaBuilder OpenAPI warning: #/paths/~1me~1chats~1{chat-id}~1sendActivityNotification/post/requestBody/content/application~1json/schema/properties/chainId - The format int64 is not supported by Kiota for the type Null, Number and the string type will be used.
Warning: KiotaBuilder OpenAPI warning: #/paths/~1me~1managedDevices~1bulkRestoreCloudPc/post/requestBody/content/application~1json/schema/properties/restorePointDateTime - The format date-time is not supported by Kiota for the type Null, String and the string type will be used.
Warning: KiotaBuilder OpenAPI warning: #/paths/~1me~1managedDevices~1downloadAppDiagnostics/post/responses/2XX/content/application~1octet-stream/schema/properties/value - The format base64url is not supported by Kiota for the type Null, String and the string type will be used.
Warning: KiotaBuilder OpenAPI warning: #/paths/~1me~1managedDevices~1downloadPowerliftAppDiagnostic/post/responses/2XX/content/application~1octet-stream/schema/properties/value - The format base64url is not supported by Kiota for the type Null, String and the string type will be used.
Warning: KiotaBuilder OpenAPI warning: #/paths/~1me~1onlineMeetings~1createOrGet/post/requestBody/content/application~1json/schema/properties/endDateTime - The format date-time is not supported by Kiota for the type Null, String and the string type will be used.
Warning: KiotaBuilder OpenAPI warning: #/paths/~1me~1onlineMeetings~1createOrGet/post/requestBody/content/application~1json/schema/properties/startDateTime - The format date-time is not supported by Kiota for the type Null, String and the string type will be used.
Warning: KiotaBuilder OpenAPI warning: #/paths/~1me~1onlineMeetings~1getAllRecordings(meetingOrganizerUserId='@meetingOrganizerUserId',startDateTime=@startDateTime,endDateTime=@endDateTime)/parameters/1/schema - The format date-time is not supported by Kiota for the type Null, String and the string type will be used.
Warning: KiotaBuilder OpenAPI warning: #/paths/~1me~1onlineMeetings~1getAllRecordings(meetingOrganizerUserId='@meetingOrganizerUserId',startDateTime=@startDateTime,endDateTime=@endDateTime)/parameters/2/schema - The format date-time is not supported by Kiota for the type Null, String and the string type will be used.
Warning: KiotaBuilder OpenAPI warning: #/paths/~1me~1onlineMeetings~1getAllTranscripts(meetingOrganizerUserId='@meetingOrganizerUserId',startDateTime=@startDateTime,endDateTime=@endDateTime)/parameters/1/schema - The format date-time is not supported by Kiota for the type Null, String and the string type will be used.
Warning: KiotaBuilder OpenAPI warning: #/paths/~1me~1onlineMeetings~1getAllTranscripts(meetingOrganizerUserId='@meetingOrganizerUserId',startDateTime=@startDateTime,endDateTime=@endDateTime)/parameters/2/schema - The format date-time is not supported by Kiota for the type Null, String and the string type will be used.
Warning: KiotaBuilder OpenAPI warning: #/paths/~1me~1presence~1setPresence/post/requestBody/content/application~1json/schema/properties/expirationDuration - The format duration is not supported by Kiota for the type Null, String and the string type will be used.
Warning: KiotaBuilder OpenAPI warning: #/paths/~1me~1presence~1setUserPreferredPresence/post/requestBody/content/application~1json/schema/properties/expirationDuration - The format duration is not supported by Kiota for the type Null, String and the string type will be used.
Warning: KiotaBuilder OpenAPI warning: #/paths/~1me~1teamwork~1sendActivityNotification/post/requestBody/content/application~1json/schema/properties/chainId - The format int64 is not supported by Kiota for the type Null, Number and the string type will be used.
Warning: KiotaBuilder OpenAPI warning: #/paths/~1organization~1validateProperties/post/requestBody/content/application~1json/schema/properties/onBehalfOfUserId - The format uuid is not supported by Kiota for the type Null, String and the string type will be used.
Warning: KiotaBuilder OpenAPI warning: #/paths/~1permissionGrants~1validateProperties/post/requestBody/content/application~1json/schema/properties/onBehalfOfUserId - The format uuid is not supported by Kiota for the type Null, String and the string type will be used.
Warning: KiotaBuilder OpenAPI warning: #/paths/~1privacy~1subjectRightsRequests~1{subjectRightsRequest-id}~1getFinalAttachment()/get/responses/2XX/content/application~1octet-stream/schema/properties/value - The format base64url is not supported by Kiota for the type Null, String and the string type will be used.
Warning: KiotaBuilder OpenAPI warning: #/paths/~1privacy~1subjectRightsRequests~1{subjectRightsRequest-id}~1getFinalReport()/get/responses/2XX/content/application~1octet-stream/schema/properties/value - The format base64url is not supported by Kiota for the type Null, String and the string type will be used.
Warning: KiotaBuilder OpenAPI warning: #/paths/~1reports~1getGroupArchivedPrintJobs(groupId='{groupId}',startDateTime={startDateTime},endDateTime={endDateTime})/parameters/1/schema - The format date-time is not supported by Kiota for the type Null, String and the string type will be used.
Warning: KiotaBuilder OpenAPI warning: #/paths/~1reports~1getGroupArchivedPrintJobs(groupId='{groupId}',startDateTime={startDateTime},endDateTime={endDateTime})/parameters/2/schema - The format date-time is not supported by Kiota for the type Null, String and the string type will be used.
Warning: KiotaBuilder OpenAPI warning: #/paths/~1reports~1getPrinterArchivedPrintJobs(printerId='{printerId}',startDateTime={startDateTime},endDateTime={endDateTime})/parameters/1/schema - The format date-time is not supported by Kiota for the type Null, String and the string type will be used.
Warning: KiotaBuilder OpenAPI warning: #/paths/~1reports~1getPrinterArchivedPrintJobs(printerId='{printerId}',startDateTime={startDateTime},endDateTime={endDateTime})/parameters/2/schema - The format date-time is not supported by Kiota for the type Null, String and the string type will be used.
Warning: KiotaBuilder OpenAPI warning: #/paths/~1reports~1getUserArchivedPrintJobs(userId='{userId}',startDateTime={startDateTime},endDateTime={endDateTime})/parameters/1/schema - The format date-time is not supported by Kiota for the type Null, String and the string type will be used.
Warning: KiotaBuilder OpenAPI warning: #/paths/~1reports~1getUserArchivedPrintJobs(userId='{userId}',startDateTime={startDateTime},endDateTime={endDateTime})/parameters/2/schema - The format date-time is not supported by Kiota for the type Null, String and the string type will be used.
Warning: KiotaBuilder OpenAPI warning: #/paths/~1reports~1managedDeviceEnrollmentAbandonmentDetails(skip={skip},top={top},filter='{filter}',skipToken='{skipToken}')/parameters/0/schema - The format int32 is not supported by Kiota for the type Null, Number and the string type will be used.
Warning: KiotaBuilder OpenAPI warning: #/paths/~1reports~1managedDeviceEnrollmentAbandonmentDetails(skip={skip},top={top},filter='{filter}',skipToken='{skipToken}')/parameters/1/schema - The format int32 is not supported by Kiota for the type Null, Number and the string type will be used.
Warning: KiotaBuilder OpenAPI warning: #/paths/~1reports~1managedDeviceEnrollmentAbandonmentSummary(skip={skip},top={top},filter='{filter}',skipToken='{skipToken}')/parameters/0/schema - The format int32 is not supported by Kiota for the type Null, Number and the string type will be used.
Warning: KiotaBuilder OpenAPI warning: #/paths/~1reports~1managedDeviceEnrollmentAbandonmentSummary(skip={skip},top={top},filter='{filter}',skipToken='{skipToken}')/parameters/1/schema - The format int32 is not supported by Kiota for the type Null, Number and the string type will be used.
Warning: KiotaBuilder OpenAPI warning: #/paths/~1reports~1managedDeviceEnrollmentFailureDetails(skip={skip},top={top},filter='{filter}',skipToken='{skipToken}')/parameters/0/schema - The format int32 is not supported by Kiota for the type Null, Number and the string type will be used.
Warning: KiotaBuilder OpenAPI warning: #/paths/~1reports~1managedDeviceEnrollmentFailureDetails(skip={skip},top={top},filter='{filter}',skipToken='{skipToken}')/parameters/1/schema - The format int32 is not supported by Kiota for the type Null, Number and the string type will be used.
Warning: KiotaBuilder OpenAPI warning: #/paths/~1reports~1serviceActivity~1getActiveUserMetricsForDesktopMailByReadEmail(inclusiveIntervalStartDateTime={inclusiveIntervalStartDateTime},exclusiveIntervalEndDateTime={exclusiveIntervalEndDateTime},aggregationIntervalInMinutes=@aggregationIntervalInMinutes)/parameters/2/schema - The format int32 is not supported by Kiota for the type Null, Number and the string type will be used.
Warning: KiotaBuilder OpenAPI warning: #/paths/~1reports~1serviceActivity~1getActiveUserMetricsForEmailByModernAuthentication(inclusiveIntervalStartDateTime={inclusiveIntervalStartDateTime},exclusiveIntervalEndDateTime={exclusiveIntervalEndDateTime},aggregationIntervalInMinutes=@aggregationIntervalInMinutes)/parameters/2/schema - The format int32 is not supported by Kiota for the type Null, Number and the string type will be used.
Warning: KiotaBuilder OpenAPI warning: #/paths/~1reports~1serviceActivity~1getActiveUserMetricsForExcelWeb(inclusiveIntervalStartDateTime={inclusiveIntervalStartDateTime},exclusiveIntervalEndDateTime={exclusiveIntervalEndDateTime},aggregationIntervalInMinutes=@aggregationIntervalInMinutes)/parameters/2/schema - The format int32 is not supported by Kiota for the type Null, Number and the string type will be used.
Warning: KiotaBuilder OpenAPI warning: #/paths/~1reports~1serviceActivity~1getActiveUserMetricsForiOSOrAndroidMailByReadEmail(inclusiveIntervalStartDateTime={inclusiveIntervalStartDateTime},exclusiveIntervalEndDateTime={exclusiveIntervalEndDateTime},aggregationIntervalInMinutes=@aggregationIntervalInMinutes)/parameters/2/schema - The format int32 is not supported by Kiota for the type Null, Number and the string type will be used.
Warning: KiotaBuilder OpenAPI warning: #/paths/~1reports~1serviceActivity~1getActiveUserMetricsForOneNoteWeb(inclusiveIntervalStartDateTime={inclusiveIntervalStartDateTime},exclusiveIntervalEndDateTime={exclusiveIntervalEndDateTime},aggregationIntervalInMinutes=@aggregationIntervalInMinutes)/parameters/2/schema - The format int32 is not supported by Kiota for the type Null, Number and the string type will be used.
Warning: KiotaBuilder OpenAPI warning: #/paths/~1reports~1serviceActivity~1getActiveUserMetricsForOutlookMacByReadEmail(inclusiveIntervalStartDateTime={inclusiveIntervalStartDateTime},exclusiveIntervalEndDateTime={exclusiveIntervalEndDateTime},aggregationIntervalInMinutes=@aggregationIntervalInMinutes)/parameters/2/schema - The format int32 is not supported by Kiota for the type Null, Number and the string type will be used.
Warning: KiotaBuilder OpenAPI warning: #/paths/~1reports~1serviceActivity~1getActiveUserMetricsForOutlookMobileByReadEmail(inclusiveIntervalStartDateTime={inclusiveIntervalStartDateTime},exclusiveIntervalEndDateTime={exclusiveIntervalEndDateTime},aggregationIntervalInMinutes=@aggregationIntervalInMinutes)/parameters/2/schema - The format int32 is not supported by Kiota for the type Null, Number and the string type will be used.
Warning: KiotaBuilder OpenAPI warning: #/paths/~1reports~1serviceActivity~1getActiveUserMetricsForOutlookWebByAppOpening(inclusiveIntervalStartDateTime={inclusiveIntervalStartDateTime},exclusiveIntervalEndDateTime={exclusiveIntervalEndDateTime},aggregationIntervalInMinutes=@aggregationIntervalInMinutes)/parameters/2/schema - The format int32 is not supported by Kiota for the type Null, Number and the string type will be used.
Warning: KiotaBuilder OpenAPI warning: #/paths/~1reports~1serviceActivity~1getActiveUserMetricsForOutlookWebByReadEmail(inclusiveIntervalStartDateTime={inclusiveIntervalStartDateTime},exclusiveIntervalEndDateTime={exclusiveIntervalEndDateTime},aggregationIntervalInMinutes=@aggregationIntervalInMinutes)/parameters/2/schema - The format int32 is not supported by Kiota for the type Null, Number and the string type will be used.
Warning: KiotaBuilder OpenAPI warning: #/paths/~1reports~1serviceActivity~1getActiveUserMetricsForPowerPointWeb(inclusiveIntervalStartDateTime={inclusiveIntervalStartDateTime},exclusiveIntervalEndDateTime={exclusiveIntervalEndDateTime},aggregationIntervalInMinutes=@aggregationIntervalInMinutes)/parameters/2/schema - The format int32 is not supported by Kiota for the type Null, Number and the string type will be used.
Warning: KiotaBuilder OpenAPI warning: #/paths/~1reports~1serviceActivity~1getActiveUserMetricsForVisioWeb(inclusiveIntervalStartDateTime={inclusiveIntervalStartDateTime},exclusiveIntervalEndDateTime={exclusiveIntervalEndDateTime},aggregationIntervalInMinutes=@aggregationIntervalInMinutes)/parameters/2/schema - The format int32 is not supported by Kiota for the type Null, Number and the string type will be used.
Warning: KiotaBuilder OpenAPI warning: #/paths/~1reports~1serviceActivity~1getActiveUserMetricsForWordWeb(inclusiveIntervalStartDateTime={inclusiveIntervalStartDateTime},exclusiveIntervalEndDateTime={exclusiveIntervalEndDateTime},aggregationIntervalInMinutes=@aggregationIntervalInMinutes)/parameters/2/schema - The format int32 is not supported by Kiota for the type Null, Number and the string type will be used.
Warning: KiotaBuilder OpenAPI warning: #/paths/~1reports~1serviceActivity~1getAudioStreamQoEMetricsForTeams(inclusiveIntervalStartDateTime={inclusiveIntervalStartDateTime},exclusiveIntervalEndDateTime={exclusiveIntervalEndDateTime},aggregationIntervalInMinutes=@aggregationIntervalInMinutes)/parameters/2/schema - The format int32 is not supported by Kiota for the type Null, Number and the string type will be used.
Warning: KiotaBuilder OpenAPI warning: #/paths/~1reports~1serviceActivity~1getAudioStreamsOverUdpMetricsForTeams(inclusiveIntervalStartDateTime={inclusiveIntervalStartDateTime},exclusiveIntervalEndDateTime={exclusiveIntervalEndDateTime},aggregationIntervalInMinutes=@aggregationIntervalInMinutes)/parameters/2/schema - The format int32 is not supported by Kiota for the type Null, Number and the string type will be used.
Warning: KiotaBuilder OpenAPI warning: #/paths/~1reports~1serviceActivity~1getConnectivityMetricsForExchange(inclusiveIntervalStartDateTime={inclusiveIntervalStartDateTime},exclusiveIntervalEndDateTime={exclusiveIntervalEndDateTime},aggregationIntervalInMinutes=@aggregationIntervalInMinutes)/parameters/2/schema - The format int32 is not supported by Kiota for the type Null, Number and the string type will be used.
Warning: KiotaBuilder OpenAPI warning: #/paths/~1reports~1serviceActivity~1getMessageVolumeMetricsForEmailDelivery(inclusiveIntervalStartDateTime={inclusiveIntervalStartDateTime},exclusiveIntervalEndDateTime={exclusiveIntervalEndDateTime},aggregationIntervalInMinutes=@aggregationIntervalInMinutes)/parameters/2/schema - The format int32 is not supported by Kiota for the type Null, Number and the string type will be used.
Warning: KiotaBuilder OpenAPI warning: #/paths/~1reports~1serviceActivity~1getMessageVolumeMetricsForTeamsChat(inclusiveIntervalStartDateTime={inclusiveIntervalStartDateTime},exclusiveIntervalEndDateTime={exclusiveIntervalEndDateTime},aggregationIntervalInMinutes=@aggregationIntervalInMinutes)/parameters/2/schema - The format int32 is not supported by Kiota for the type Null, Number and the string type will be used.
Warning: KiotaBuilder OpenAPI warning: #/paths/~1reports~1serviceActivity~1getMetricsForConditionalAccessCompliantDevicesSignInSuccess(inclusiveIntervalStartDateTime={inclusiveIntervalStartDateTime},exclusiveIntervalEndDateTime={exclusiveIntervalEndDateTime},aggregationIntervalInMinutes=@aggregationIntervalInMinutes)/parameters/2/schema - The format int32 is not supported by Kiota for the type Null, Number and the string type will be used.
Warning: KiotaBuilder OpenAPI warning: #/paths/~1reports~1serviceActivity~1getMetricsForConditionalAccessManagedDevicesSignInSuccess(inclusiveIntervalStartDateTime={inclusiveIntervalStartDateTime},exclusiveIntervalEndDateTime={exclusiveIntervalEndDateTime},aggregationIntervalInMinutes=@aggregationIntervalInMinutes)/parameters/2/schema - The format int32 is not supported by Kiota for the type Null, Number and the string type will be used.
Warning: KiotaBuilder OpenAPI warning: #/paths/~1reports~1serviceActivity~1getMetricsForMfaSignInFailure(inclusiveIntervalStartDateTime={inclusiveIntervalStartDateTime},exclusiveIntervalEndDateTime={exclusiveIntervalEndDateTime},aggregationIntervalInMinutes=@aggregationIntervalInMinutes)/parameters/2/schema - The format int32 is not supported by Kiota for the type Null, Number and the string type will be used.
Warning: KiotaBuilder OpenAPI warning: #/paths/~1reports~1serviceActivity~1getMetricsForMfaSignInSuccess(inclusiveIntervalStartDateTime={inclusiveIntervalStartDateTime},exclusiveIntervalEndDateTime={exclusiveIntervalEndDateTime},aggregationIntervalInMinutes=@aggregationIntervalInMinutes)/parameters/2/schema - The format int32 is not supported by Kiota for the type Null, Number and the string type will be used.
Warning: KiotaBuilder OpenAPI warning: #/paths/~1reports~1serviceActivity~1getMetricsForSamlSignInSuccess(inclusiveIntervalStartDateTime={inclusiveIntervalStartDateTime},exclusiveIntervalEndDateTime={exclusiveIntervalEndDateTime},aggregationIntervalInMinutes=@aggregationIntervalInMinutes)/parameters/2/schema - The format int32 is not supported by Kiota for the type Null, Number and the string type will be used.
Warning: KiotaBuilder OpenAPI warning: #/paths/~1reports~1serviceActivity~1getUsageMetricsForTeamsByLaunch(inclusiveIntervalStartDateTime={inclusiveIntervalStartDateTime},exclusiveIntervalEndDateTime={exclusiveIntervalEndDateTime},aggregationIntervalInMinutes=@aggregationIntervalInMinutes)/parameters/2/schema - The format int32 is not supported by Kiota for the type Null, Number and the string type will be used.
Warning: KiotaBuilder OpenAPI warning: #/paths/~1reports~1serviceActivity~1getUsageMetricsForTeamsByMeetingsJoined(inclusiveIntervalStartDateTime={inclusiveIntervalStartDateTime},exclusiveIntervalEndDateTime={exclusiveIntervalEndDateTime},aggregationIntervalInMinutes=@aggregationIntervalInMinutes)/parameters/2/schema - The format int32 is not supported by Kiota for the type Null, Number and the string type will be used.
Warning: KiotaBuilder OpenAPI warning: #/paths/~1security~1dataDiscovery~1cloudAppDiscovery~1uploadedStreams~1{cloudAppDiscoveryReport-id}~1microsoft.graph.security.aggregatedAppsDetails(period={period})/parameters/1/schema - The format duration is not supported by Kiota for the type Null, String and the string type will be used.
Warning: KiotaBuilder OpenAPI warning: #/paths/~1security~1subjectRightsRequests~1{subjectRightsRequest-id}~1getFinalAttachment()/get/responses/2XX/content/application~1octet-stream/schema/properties/value - The format base64url is not supported by Kiota for the type Null, String and the string type will be used.
Warning: KiotaBuilder OpenAPI warning: #/paths/~1security~1subjectRightsRequests~1{subjectRightsRequest-id}~1getFinalReport()/get/responses/2XX/content/application~1octet-stream/schema/properties/value - The format base64url is not supported by Kiota for the type Null, String and the string type will be used.
Warning: KiotaBuilder OpenAPI warning: #/paths/~1servicePrincipals~1{servicePrincipal-id}~1addTokenSigningCertificate/post/requestBody/content/application~1json/schema/properties/endDateTime - The format date-time is not supported by Kiota for the type Null, String and the string type will be used.
Warning: KiotaBuilder OpenAPI warning: #/paths/~1servicePrincipals~1validateProperties/post/requestBody/content/application~1json/schema/properties/onBehalfOfUserId - The format uuid is not supported by Kiota for the type Null, String and the string type will be used.
Warning: KiotaBuilder OpenAPI warning: #/paths/~1shares~1{sharedDriveItem-id}~1list~1items~1{listItem-id}~1createLink/post/requestBody/content/application~1json/schema/properties/expirationDateTime - The format date-time is not supported by Kiota for the type Null, String and the string type will be used.
Warning: KiotaBuilder OpenAPI warning: #/paths/~1sites~1{site-id}~1lists~1{list-id}~1items~1{listItem-id}~1createLink/post/requestBody/content/application~1json/schema/properties/expirationDateTime - The format date-time is not supported by Kiota for the type Null, String and the string type will be used.
Warning: KiotaBuilder OpenAPI warning: #/paths/~1teams~1{team-id}~1sendActivityNotification/post/requestBody/content/application~1json/schema/properties/chainId - The format int64 is not supported by Kiota for the type Null, Number and the string type will be used.
Warning: KiotaBuilder OpenAPI warning: #/paths/~1teams~1{team-id}~1schedule~1share/post/requestBody/content/application~1json/schema/properties/startDateTime - The format date-time is not supported by Kiota for the type Null, String and the string type will be used.
Warning: KiotaBuilder OpenAPI warning: #/paths/~1teams~1{team-id}~1schedule~1share/post/requestBody/content/application~1json/schema/properties/endDateTime - The format date-time is not supported by Kiota for the type Null, String and the string type will be used.
Warning: KiotaBuilder OpenAPI warning: #/paths/~1teamTemplateDefinition~1{teamTemplateDefinition-id}~1teamDefinition~1sendActivityNotification/post/requestBody/content/application~1json/schema/properties/chainId - The format int64 is not supported by Kiota for the type Null, Number and the string type will be used.
Warning: KiotaBuilder OpenAPI warning: #/paths/~1teamTemplateDefinition~1{teamTemplateDefinition-id}~1teamDefinition~1schedule~1share/post/requestBody/content/application~1json/schema/properties/startDateTime - The format date-time is not supported by Kiota for the type Null, String and the string type will be used.
Warning: KiotaBuilder OpenAPI warning: #/paths/~1teamTemplateDefinition~1{teamTemplateDefinition-id}~1teamDefinition~1schedule~1share/post/requestBody/content/application~1json/schema/properties/endDateTime - The format date-time is not supported by Kiota for the type Null, String and the string type will be used.
Warning: KiotaBuilder OpenAPI warning: #/paths/~1teamwork~1sendActivityNotificationToRecipients/post/requestBody/content/application~1json/schema/properties/chainId - The format int64 is not supported by Kiota for the type Null, Number and the string type will be used.
Warning: KiotaBuilder OpenAPI warning: #/paths/~1teamwork~1teamTemplates~1{teamTemplate-id}~1definitions~1{teamTemplateDefinition-id}~1teamDefinition~1sendActivityNotification/post/requestBody/content/application~1json/schema/properties/chainId - The format int64 is not supported by Kiota for the type Null, Number and the string type will be used.
Warning: KiotaBuilder OpenAPI warning: #/paths/~1teamwork~1teamTemplates~1{teamTemplate-id}~1definitions~1{teamTemplateDefinition-id}~1teamDefinition~1schedule~1share/post/requestBody/content/application~1json/schema/properties/startDateTime - The format date-time is not supported by Kiota for the type Null, String and the string type will be used.
Warning: KiotaBuilder OpenAPI warning: #/paths/~1teamwork~1teamTemplates~1{teamTemplate-id}~1definitions~1{teamTemplateDefinition-id}~1teamDefinition~1schedule~1share/post/requestBody/content/application~1json/schema/properties/endDateTime - The format date-time is not supported by Kiota for the type Null, String and the string type will be used.
Warning: KiotaBuilder OpenAPI warning: #/paths/~1trustFramework~1keySets~1{trustFrameworkKeySet-id}~1generateKey/post/requestBody/content/application~1json/schema/properties/nbf - The format int64 is not supported by Kiota for the type Null, Number and the string type will be used.
Warning: KiotaBuilder OpenAPI warning: #/paths/~1trustFramework~1keySets~1{trustFrameworkKeySet-id}~1generateKey/post/requestBody/content/application~1json/schema/properties/exp - The format int64 is not supported by Kiota for the type Null, Number and the string type will be used.
Warning: KiotaBuilder OpenAPI warning: #/paths/~1trustFramework~1keySets~1{trustFrameworkKeySet-id}~1uploadSecret/post/requestBody/content/application~1json/schema/properties/nbf - The format int64 is not supported by Kiota for the type Null, Number and the string type will be used.
Warning: KiotaBuilder OpenAPI warning: #/paths/~1trustFramework~1keySets~1{trustFrameworkKeySet-id}~1uploadSecret/post/requestBody/content/application~1json/schema/properties/exp - The format int64 is not supported by Kiota for the type Null, Number and the string type will be used.
Warning: KiotaBuilder OpenAPI warning: #/paths/~1users~1{user-id}~1authentication~1fido2Methods~1creationOptions(challengeTimeoutInMinutes=@challengeTimeoutInMinutes)/parameters/1/schema - The format int32 is not supported by Kiota for the type Null, Number and the string type will be used.
Warning: KiotaBuilder OpenAPI warning: #/paths/~1users~1{user-id}~1calendar~1getSchedule/post/requestBody/content/application~1json/schema/properties/AvailabilityViewInterval - The format int32 is not supported by Kiota for the type Null, Number and the string type will be used.
Warning: KiotaBuilder OpenAPI warning: #/paths/~1users~1{user-id}~1calendarGroups~1{calendarGroup-id}~1calendars~1{calendar-id}~1getSchedule/post/requestBody/content/application~1json/schema/properties/AvailabilityViewInterval - The format int32 is not supported by Kiota for the type Null, Number and the string type will be used.
Warning: KiotaBuilder OpenAPI warning: #/paths/~1users~1{user-id}~1calendars~1{calendar-id}~1getSchedule/post/requestBody/content/application~1json/schema/properties/AvailabilityViewInterval - The format int32 is not supported by Kiota for the type Null, Number and the string type will be used.
Warning: KiotaBuilder OpenAPI warning: #/paths/~1users~1{user-id}~1chats~1{chat-id}~1markChatUnreadForUser/post/requestBody/content/application~1json/schema/properties/lastMessageReadDateTime - The format date-time is not supported by Kiota for the type Null, String and the string type will be used.
Warning: KiotaBuilder OpenAPI warning: #/paths/~1users~1{user-id}~1chats~1{chat-id}~1sendActivityNotification/post/requestBody/content/application~1json/schema/properties/chainId - The format int64 is not supported by Kiota for the type Null, Number and the string type will be used.
Warning: KiotaBuilder OpenAPI warning: #/paths/~1users~1{user-id}~1managedDevices~1bulkRestoreCloudPc/post/requestBody/content/application~1json/schema/properties/restorePointDateTime - The format date-time is not supported by Kiota for the type Null, String and the string type will be used.
Warning: KiotaBuilder OpenAPI warning: #/paths/~1users~1{user-id}~1managedDevices~1downloadAppDiagnostics/post/responses/2XX/content/application~1octet-stream/schema/properties/value - The format base64url is not supported by Kiota for the type Null, String and the string type will be used.
Warning: KiotaBuilder OpenAPI warning: #/paths/~1users~1{user-id}~1managedDevices~1downloadPowerliftAppDiagnostic/post/responses/2XX/content/application~1octet-stream/schema/properties/value - The format base64url is not supported by Kiota for the type Null, String and the string type will be used.
Warning: KiotaBuilder OpenAPI warning: #/paths/~1users~1{user-id}~1onlineMeetings~1createOrGet/post/requestBody/content/application~1json/schema/properties/endDateTime - The format date-time is not supported by Kiota for the type Null, String and the string type will be used.
Warning: KiotaBuilder OpenAPI warning: #/paths/~1users~1{user-id}~1onlineMeetings~1createOrGet/post/requestBody/content/application~1json/schema/properties/startDateTime - The format date-time is not supported by Kiota for the type Null, String and the string type will be used.
Warning: KiotaBuilder OpenAPI warning: #/paths/~1users~1{user-id}~1onlineMeetings~1getAllRecordings(meetingOrganizerUserId='@meetingOrganizerUserId',startDateTime=@startDateTime,endDateTime=@endDateTime)/parameters/2/schema - The format date-time is not supported by Kiota for the type Null, String and the string type will be used.
Warning: KiotaBuilder OpenAPI warning: #/paths/~1users~1{user-id}~1onlineMeetings~1getAllRecordings(meetingOrganizerUserId='@meetingOrganizerUserId',startDateTime=@startDateTime,endDateTime=@endDateTime)/parameters/3/schema - The format date-time is not supported by Kiota for the type Null, String and the string type will be used.
Warning: KiotaBuilder OpenAPI warning: #/paths/~1users~1{user-id}~1onlineMeetings~1getAllTranscripts(meetingOrganizerUserId='@meetingOrganizerUserId',startDateTime=@startDateTime,endDateTime=@endDateTime)/parameters/2/schema - The format date-time is not supported by Kiota for the type Null, String and the string type will be used.
Warning: KiotaBuilder OpenAPI warning: #/paths/~1users~1{user-id}~1onlineMeetings~1getAllTranscripts(meetingOrganizerUserId='@meetingOrganizerUserId',startDateTime=@startDateTime,endDateTime=@endDateTime)/parameters/3/schema - The format date-time is not supported by Kiota for the type Null, String and the string type will be used.
Warning: KiotaBuilder OpenAPI warning: #/paths/~1users~1{user-id}~1presence~1setPresence/post/requestBody/content/application~1json/schema/properties/expirationDuration - The format duration is not supported by Kiota for the type Null, String and the string type will be used.
Warning: KiotaBuilder OpenAPI warning: #/paths/~1users~1{user-id}~1presence~1setUserPreferredPresence/post/requestBody/content/application~1json/schema/properties/expirationDuration - The format duration is not supported by Kiota for the type Null, String and the string type will be used.
Warning: KiotaBuilder OpenAPI warning: #/paths/~1users~1{user-id}~1teamwork~1sendActivityNotification/post/requestBody/content/application~1json/schema/properties/chainId - The format int64 is not supported by Kiota for the type Null, Number and the string type will be used.
Warning: KiotaBuilder OpenAPI warning: #/paths/~1users~1validateProperties/post/requestBody/content/application~1json/schema/properties/onBehalfOfUserId - The format uuid is not supported by Kiota for the type Null, String and the string type will be used.
Warning: KiotaBuilder OpenAPI warning: #/components/schemas/microsoft.graph.accessPackage/allOf/1/properties/createdDateTime - The format date-time is not supported by Kiota for the type Null, String and the string type will be used.
Warning: KiotaBuilder OpenAPI warning: #/components/schemas/microsoft.graph.accessPackage/allOf/1/properties/modifiedDateTime - The format date-time is not supported by Kiota for the type Null, String and the string type will be used.
Warning: KiotaBuilder OpenAPI warning: #/components/schemas/microsoft.graph.accessPackageAssignment/allOf/1/properties/expiredDateTime - The format date-time is not supported by Kiota for the type Null, String and the string type will be used.
Warning: KiotaBuilder OpenAPI warning: #/components/schemas/microsoft.graph.accessPackageAssignmentPolicy/allOf/1/properties/createdDateTime - The format date-time is not supported by Kiota for the type Null, String and the string type will be used.
Warning: KiotaBuilder OpenAPI warning: #/components/schemas/microsoft.graph.accessPackageAssignmentPolicy/allOf/1/properties/durationInDays - The format int32 is not supported by Kiota for the type Null, Number and the string type will be used.
Warning: KiotaBuilder OpenAPI warning: #/components/schemas/microsoft.graph.accessPackageAssignmentPolicy/allOf/1/properties/expirationDateTime - The format date-time is not supported by Kiota for the type Null, String and the string type will be used.
Warning: KiotaBuilder OpenAPI warning: #/components/schemas/microsoft.graph.accessPackageAssignmentPolicy/allOf/1/properties/modifiedDateTime - The format date-time is not supported by Kiota for the type Null, String and the string type will be used.
Warning: KiotaBuilder OpenAPI warning: #/components/schemas/microsoft.graph.accessPackageAssignmentRequest/allOf/1/properties/completedDate - The format date-time is not supported by Kiota for the type Null, String and the string type will be used.
Warning: KiotaBuilder OpenAPI warning: #/components/schemas/microsoft.graph.accessPackageAssignmentRequest/allOf/1/properties/createdDateTime - The format date-time is not supported by Kiota for the type Null, String and the string type will be used.
Warning: KiotaBuilder OpenAPI warning: #/components/schemas/microsoft.graph.accessPackageAssignmentRequest/allOf/1/properties/expirationDateTime - The format date-time is not supported by Kiota for the type Null, String and the string type will be used.
Warning: KiotaBuilder OpenAPI warning: #/components/schemas/microsoft.graph.accessPackageAssignmentRequestWorkflowExtension/allOf/1/properties/createdDateTime - The format date-time is not supported by Kiota for the type Null, String and the string type will be used.
Warning: KiotaBuilder OpenAPI warning: #/components/schemas/microsoft.graph.accessPackageAssignmentRequestWorkflowExtension/allOf/1/properties/lastModifiedDateTime - The format date-time is not supported by Kiota for the type Null, String and the string type will be used.
Warning: KiotaBuilder OpenAPI warning: #/components/schemas/microsoft.graph.accessPackageAssignmentWorkflowExtension/allOf/1/properties/createdDateTime - The format date-time is not supported by Kiota for the type Null, String and the string type will be used.
Warning: KiotaBuilder OpenAPI warning: #/components/schemas/microsoft.graph.accessPackageAssignmentWorkflowExtension/allOf/1/properties/lastModifiedDateTime - The format date-time is not supported by Kiota for the type Null, String and the string type will be used.
Warning: KiotaBuilder OpenAPI warning: #/components/schemas/microsoft.graph.accessPackageCatalog/allOf/1/properties/createdDateTime - The format date-time is not supported by Kiota for the type Null, String and the string type will be used.
Warning: KiotaBuilder OpenAPI warning: #/components/schemas/microsoft.graph.accessPackageCatalog/allOf/1/properties/modifiedDateTime - The format date-time is not supported by Kiota for the type Null, String and the string type will be used.
Warning: KiotaBuilder OpenAPI warning: #/components/schemas/microsoft.graph.accessPackageResource/allOf/1/properties/addedOn - The format date-time is not supported by Kiota for the type Null, String and the string type will be used.
Warning: KiotaBuilder OpenAPI warning: #/components/schemas/microsoft.graph.accessPackageResourceEnvironment/allOf/1/properties/createdDateTime - The format date-time is not supported by Kiota for the type Null, String and the string type will be used.
Warning: KiotaBuilder OpenAPI warning: #/components/schemas/microsoft.graph.accessPackageResourceEnvironment/allOf/1/properties/modifiedDateTime - The format date-time is not supported by Kiota for the type Null, String and the string type will be used.
Warning: KiotaBuilder OpenAPI warning: #/components/schemas/microsoft.graph.accessPackageResourceRequest/allOf/1/properties/expirationDateTime - The format date-time is not supported by Kiota for the type Null, String and the string type will be used.
Warning: KiotaBuilder OpenAPI warning: #/components/schemas/microsoft.graph.accessPackageResourceRoleScope/allOf/1/properties/createdDateTime - The format date-time is not supported by Kiota for the type Null, String and the string type will be used.
Warning: KiotaBuilder OpenAPI warning: #/components/schemas/microsoft.graph.accessPackageResourceRoleScope/allOf/1/properties/modifiedDateTime - The format date-time is not supported by Kiota for the type Null, String and the string type will be used.
Warning: KiotaBuilder OpenAPI warning: #/components/schemas/microsoft.graph.accessPackageSubject/allOf/1/properties/cleanupScheduledDateTime - The format date-time is not supported by Kiota for the type Null, String and the string type will be used.
Warning: KiotaBuilder OpenAPI warning: #/components/schemas/microsoft.graph.accessReviewDecision/allOf/1/properties/appliedDateTime - The format date-time is not supported by Kiota for the type Null, String and the string type will be used.
Warning: KiotaBuilder OpenAPI warning: #/components/schemas/microsoft.graph.accessReviewDecision/allOf/1/properties/reviewedDateTime - The format date-time is not supported by Kiota for the type Null, String and the string type will be used.
Warning: KiotaBuilder OpenAPI warning: #/components/schemas/microsoft.graph.accessReviewHistoryDefinition/allOf/1/properties/fulfilledDateTime - The format date-time is not supported by Kiota for the type Null, String and the string type will be used.
Warning: KiotaBuilder OpenAPI warning: #/components/schemas/microsoft.graph.accessReviewHistoryInstance/allOf/1/properties/fulfilledDateTime - The format date-time is not supported by Kiota for the type Null, String and the string type will be used.
Warning: KiotaBuilder OpenAPI warning: #/components/schemas/microsoft.graph.accessReviewHistoryInstance/allOf/1/properties/reviewHistoryPeriodEndDateTime - The format date-time is not supported by Kiota for the type Null, String and the string type will be used.
Warning: KiotaBuilder OpenAPI warning: #/components/schemas/microsoft.graph.accessReviewHistoryInstance/allOf/1/properties/reviewHistoryPeriodStartDateTime - The format date-time is not supported by Kiota for the type Null, String and the string type will be used.
Warning: KiotaBuilder OpenAPI warning: #/components/schemas/microsoft.graph.accessReviewInstance/allOf/1/properties/endDateTime - The format date-time is not supported by Kiota for the type Null, String and the string type will be used.
Warning: KiotaBuilder OpenAPI warning: #/components/schemas/microsoft.graph.accessReviewInstance/allOf/1/properties/startDateTime - The format date-time is not supported by Kiota for the type Null, String and the string type will be used.
Warning: KiotaBuilder OpenAPI warning: #/components/schemas/microsoft.graph.accessReviewInstanceDecisionItem/allOf/1/properties/appliedDateTime - The format date-time is not supported by Kiota for the type Null, String and the string type will be used.
Warning: KiotaBuilder OpenAPI warning: #/components/schemas/microsoft.graph.accessReviewInstanceDecisionItem/allOf/1/properties/reviewedDateTime - The format date-time is not supported by Kiota for the type Null, String and the string type will be used.
Warning: KiotaBuilder OpenAPI warning: #/components/schemas/microsoft.graph.accessReviewReviewer/allOf/1/properties/createdDateTime - The format date-time is not supported by Kiota for the type Null, String and the string type will be used.
Warning: KiotaBuilder OpenAPI warning: #/components/schemas/microsoft.graph.accessReviewScheduleDefinition/allOf/1/properties/createdDateTime - The format date-time is not supported by Kiota for the type Null, String and the string type will be used.
Warning: KiotaBuilder OpenAPI warning: #/components/schemas/microsoft.graph.accessReviewScheduleDefinition/allOf/1/properties/lastModifiedDateTime - The format date-time is not supported by Kiota for the type Null, String and the string type will be used.
Warning: KiotaBuilder OpenAPI warning: #/components/schemas/microsoft.graph.accessReviewStage/allOf/1/properties/endDateTime - The format date-time is not supported by Kiota for the type Null, String and the string type will be used.
Warning: KiotaBuilder OpenAPI warning: #/components/schemas/microsoft.graph.accessReviewStage/allOf/1/properties/startDateTime - The format date-time is not supported by Kiota for the type Null, String and the string type will be used.
Warning: KiotaBuilder OpenAPI warning: #/components/schemas/microsoft.graph.account/properties/lastModifiedDateTime - The format date-time is not supported by Kiota for the type Null, String and the string type will be used.
Warning: KiotaBuilder OpenAPI warning: #/components/schemas/microsoft.graph.activityHistoryItem/allOf/1/properties/activeDurationSeconds - The format int32 is not supported by Kiota for the type Null, Number and the string type will be used.
Warning: KiotaBuilder OpenAPI warning: #/components/schemas/microsoft.graph.activityHistoryItem/allOf/1/properties/createdDateTime - The format date-time is not supported by Kiota for the type Null, String and the string type will be used.
Warning: KiotaBuilder OpenAPI warning: #/components/schemas/microsoft.graph.activityHistoryItem/allOf/1/properties/expirationDateTime - The format date-time is not supported by Kiota for the type Null, String and the string type will be used.
Warning: KiotaBuilder OpenAPI warning: #/components/schemas/microsoft.graph.activityHistoryItem/allOf/1/properties/lastActiveDateTime - The format date-time is not supported by Kiota for the type Null, String and the string type will be used.
Warning: KiotaBuilder OpenAPI warning: #/components/schemas/microsoft.graph.activityHistoryItem/allOf/1/properties/lastModifiedDateTime - The format date-time is not supported by Kiota for the type Null, String and the string type will be used.
Warning: KiotaBuilder OpenAPI warning: #/components/schemas/microsoft.graph.agedAccountsPayable/properties/agedAsOfDate - The format date is not supported by Kiota for the type Null, String and the string type will be used.
Warning: KiotaBuilder OpenAPI warning: #/components/schemas/microsoft.graph.agedAccountsPayable/properties/balanceDue - The format decimal is not supported by Kiota for the type Null, Number and the string type will be used.
Warning: KiotaBuilder OpenAPI warning: #/components/schemas/microsoft.graph.agedAccountsPayable/properties/currentAmount - The format decimal is not supported by Kiota for the type Null, Number and the string type will be used.
Warning: KiotaBuilder OpenAPI warning: #/components/schemas/microsoft.graph.agedAccountsPayable/properties/period1Amount - The format decimal is not supported by Kiota for the type Null, Number and the string type will be used.
Warning: KiotaBuilder OpenAPI warning: #/components/schemas/microsoft.graph.agedAccountsPayable/properties/period2Amount - The format decimal is not supported by Kiota for the type Null, Number and the string type will be used.
Warning: KiotaBuilder OpenAPI warning: #/components/schemas/microsoft.graph.agedAccountsPayable/properties/period3Amount - The format decimal is not supported by Kiota for the type Null, Number and the string type will be used.
Warning: KiotaBuilder OpenAPI warning: #/components/schemas/microsoft.graph.agedAccountsReceivable/properties/agedAsOfDate - The format date is not supported by Kiota for the type Null, String and the string type will be used.
Warning: KiotaBuilder OpenAPI warning: #/components/schemas/microsoft.graph.agedAccountsReceivable/properties/balanceDue - The format decimal is not supported by Kiota for the type Null, Number and the string type will be used.
Warning: KiotaBuilder OpenAPI warning: #/components/schemas/microsoft.graph.agedAccountsReceivable/properties/currentAmount - The format decimal is not supported by Kiota for the type Null, Number and the string type will be used.
Warning: KiotaBuilder OpenAPI warning: #/components/schemas/microsoft.graph.agedAccountsReceivable/properties/period1Amount - The format decimal is not supported by Kiota for the type Null, Number and the string type will be used.
Warning: KiotaBuilder OpenAPI warning: #/components/schemas/microsoft.graph.agedAccountsReceivable/properties/period2Amount - The format decimal is not supported by Kiota for the type Null, Number and the string type will be used.
Warning: KiotaBuilder OpenAPI warning: #/components/schemas/microsoft.graph.agedAccountsReceivable/properties/period3Amount - The format decimal is not supported by Kiota for the type Null, Number and the string type will be used.
Warning: KiotaBuilder OpenAPI warning: #/components/schemas/microsoft.graph.agreement/allOf/1/properties/userReacceptRequiredFrequency - The format duration is not supported by Kiota for the type Null, String and the string type will be used.
Warning: KiotaBuilder OpenAPI warning: #/components/schemas/microsoft.graph.agreementAcceptance/allOf/1/properties/expirationDateTime - The format date-time is not supported by Kiota for the type Null, String and the string type will be used.
Warning: KiotaBuilder OpenAPI warning: #/components/schemas/microsoft.graph.agreementAcceptance/allOf/1/properties/recordedDateTime - The format date-time is not supported by Kiota for the type Null, String and the string type will be used.
Warning: KiotaBuilder OpenAPI warning: #/components/schemas/microsoft.graph.agreementFileProperties/allOf/1/properties/createdDateTime - The format date-time is not supported by Kiota for the type Null, String and the string type will be used.
Warning: KiotaBuilder OpenAPI warning: #/components/schemas/microsoft.graph.aiInteraction/allOf/1/properties/createdDateTime - The format date-time is not supported by Kiota for the type Null, String and the string type will be used.
Warning: KiotaBuilder OpenAPI warning: #/components/schemas/microsoft.graph.alert/allOf/1/properties/closedDateTime - The format date-time is not supported by Kiota for the type Null, String and the string type will be used.
Warning: KiotaBuilder OpenAPI warning: #/components/schemas/microsoft.graph.alert/allOf/1/properties/confidence - The format int32 is not supported by Kiota for the type Null, Number and the string type will be used.
Warning: KiotaBuilder OpenAPI warning: #/components/schemas/microsoft.graph.alert/allOf/1/properties/createdDateTime - The format date-time is not supported by Kiota for the type Null, String and the string type will be used.
Warning: KiotaBuilder OpenAPI warning: #/components/schemas/microsoft.graph.alert/allOf/1/properties/eventDateTime - The format date-time is not supported by Kiota for the type Null, String and the string type will be used.
Warning: KiotaBuilder OpenAPI warning: #/components/schemas/microsoft.graph.alert/allOf/1/properties/lastEventDateTime - The format date-time is not supported by Kiota for the type Null, String and the string type will be used.
Warning: KiotaBuilder OpenAPI warning: #/components/schemas/microsoft.graph.alert/allOf/1/properties/lastModifiedDateTime - The format date-time is not supported by Kiota for the type Null, String and the string type will be used.
Warning: KiotaBuilder OpenAPI warning: #/components/schemas/microsoft.graph.androidCompliancePolicy/allOf/1/properties/passwordExpirationDays - The format int32 is not supported by Kiota for the type Null, Number and the string type will be used.
Warning: KiotaBuilder OpenAPI warning: #/components/schemas/microsoft.graph.androidCompliancePolicy/allOf/1/properties/passwordMinimumLength - The format int32 is not supported by Kiota for the type Null, Number and the string type will be used.
Warning: KiotaBuilder OpenAPI warning: #/components/schemas/microsoft.graph.androidCompliancePolicy/allOf/1/properties/passwordMinutesOfInactivityBeforeLock - The format int32 is not supported by Kiota for the type Null, Number and the string type will be used.
Warning: KiotaBuilder OpenAPI warning: #/components/schemas/microsoft.graph.androidCompliancePolicy/allOf/1/properties/passwordPreviousPasswordBlockCount - The format int32 is not supported by Kiota for the type Null, Number and the string type will be used.
Warning: KiotaBuilder OpenAPI warning: #/components/schemas/microsoft.graph.androidCompliancePolicy/allOf/1/properties/passwordSignInFailureCountBeforeFactoryReset - The format int32 is not supported by Kiota for the type Null, Number and the string type will be used.
Warning: KiotaBuilder OpenAPI warning: #/components/schemas/microsoft.graph.androidDeviceComplianceLocalActionLockDeviceWithPasscode/allOf/1/properties/passcodeSignInFailureCountBeforeWipe - The format int32 is not supported by Kiota for the type Null, Number and the string type will be used.
Warning: KiotaBuilder OpenAPI warning: #/components/schemas/microsoft.graph.androidDeviceOwnerCompliancePolicy/allOf/1/properties/passwordExpirationDays - The format int32 is not supported by Kiota for the type Null, Number and the string type will be used.
Warning: KiotaBuilder OpenAPI warning: #/components/schemas/microsoft.graph.androidDeviceOwnerCompliancePolicy/allOf/1/properties/passwordMinimumLength - The format int32 is not supported by Kiota for the type Null, Number and the string type will be used.
Warning: KiotaBuilder OpenAPI warning: #/components/schemas/microsoft.graph.androidDeviceOwnerCompliancePolicy/allOf/1/properties/passwordMinimumLetterCharacters - The format int32 is not supported by Kiota for the type Null, Number and the string type will be used.
Warning: KiotaBuilder OpenAPI warning: #/components/schemas/microsoft.graph.androidDeviceOwnerCompliancePolicy/allOf/1/properties/passwordMinimumLowerCaseCharacters - The format int32 is not supported by Kiota for the type Null, Number and the string type will be used.
Warning: KiotaBuilder OpenAPI warning: #/components/schemas/microsoft.graph.androidDeviceOwnerCompliancePolicy/allOf/1/properties/passwordMinimumNonLetterCharacters - The format int32 is not supported by Kiota for the type Null, Number and the string type will be used.
Warning: KiotaBuilder OpenAPI warning: #/components/schemas/microsoft.graph.androidDeviceOwnerCompliancePolicy/allOf/1/properties/passwordMinimumNumericCharacters - The format int32 is not supported by Kiota for the type Null, Number and the string type will be used.
Warning: KiotaBuilder OpenAPI warning: #/components/schemas/microsoft.graph.androidDeviceOwnerCompliancePolicy/allOf/1/properties/passwordMinimumSymbolCharacters - The format int32 is not supported by Kiota for the type Null, Number and the string type will be used.
Warning: KiotaBuilder OpenAPI warning: #/components/schemas/microsoft.graph.androidDeviceOwnerCompliancePolicy/allOf/1/properties/passwordMinimumUpperCaseCharacters - The format int32 is not supported by Kiota for the type Null, Number and the string type will be used.
Warning: KiotaBuilder OpenAPI warning: #/components/schemas/microsoft.graph.androidDeviceOwnerCompliancePolicy/allOf/1/properties/passwordMinutesOfInactivityBeforeLock - The format int32 is not supported by Kiota for the type Null, Number and the string type will be used.
Warning: KiotaBuilder OpenAPI warning: #/components/schemas/microsoft.graph.androidDeviceOwnerCompliancePolicy/allOf/1/properties/passwordPreviousPasswordCountToBlock - The format int32 is not supported by Kiota for the type Null, Number and the string type will be used.
Warning: KiotaBuilder OpenAPI warning: #/components/schemas/microsoft.graph.androidDeviceOwnerGeneralDeviceConfiguration/allOf/1/properties/kioskModeGridHeight - The format int32 is not supported by Kiota for the type Null, Number and the string type will be used.
Warning: KiotaBuilder OpenAPI warning: #/components/schemas/microsoft.graph.androidDeviceOwnerGeneralDeviceConfiguration/allOf/1/properties/kioskModeGridWidth - The format int32 is not supported by Kiota for the type Null, Number and the string type will be used.
Warning: KiotaBuilder OpenAPI warning: #/components/schemas/microsoft.graph.androidDeviceOwnerGeneralDeviceConfiguration/allOf/1/properties/kioskModeManagedHomeScreenInactiveSignOutDelayInSeconds - The format int32 is not supported by Kiota for the type Null, Number and the string type will be used.
Warning: KiotaBuilder OpenAPI warning: #/components/schemas/microsoft.graph.androidDeviceOwnerGeneralDeviceConfiguration/allOf/1/properties/kioskModeManagedHomeScreenInactiveSignOutNoticeInSeconds - The format int32 is not supported by Kiota for the type Null, Number and the string type will be used.
Warning: KiotaBuilder OpenAPI warning: #/components/schemas/microsoft.graph.androidDeviceOwnerGeneralDeviceConfiguration/allOf/1/properties/kioskModeScreenSaverDisplayTimeInSeconds - The format int32 is not supported by Kiota for the type Null, Number and the string type will be used.
Warning: KiotaBuilder OpenAPI warning: #/components/schemas/microsoft.graph.androidDeviceOwnerGeneralDeviceConfiguration/allOf/1/properties/kioskModeScreenSaverStartDelayInSeconds - The format int32 is not supported by Kiota for the type Null, Number and the string type will be used.
Warning: KiotaBuilder OpenAPI warning: #/components/schemas/microsoft.graph.androidDeviceOwnerGeneralDeviceConfiguration/allOf/1/properties/passwordExpirationDays - The format int32 is not supported by Kiota for the type Null, Number and the string type will be used.
Warning: KiotaBuilder OpenAPI warning: #/components/schemas/microsoft.graph.androidDeviceOwnerGeneralDeviceConfiguration/allOf/1/properties/passwordMinimumLength - The format int32 is not supported by Kiota for the type Null, Number and the string type will be used.
Warning: KiotaBuilder OpenAPI warning: #/components/schemas/microsoft.graph.androidDeviceOwnerGeneralDeviceConfiguration/allOf/1/properties/passwordMinimumLetterCharacters - The format int32 is not supported by Kiota for the type Null, Number and the string type will be used.
Warning: KiotaBuilder OpenAPI warning: #/components/schemas/microsoft.graph.androidDeviceOwnerGeneralDeviceConfiguration/allOf/1/properties/passwordMinimumLowerCaseCharacters - The format int32 is not supported by Kiota for the type Null, Number and the string type will be used.
Warning: KiotaBuilder OpenAPI warning: #/components/schemas/microsoft.graph.androidDeviceOwnerGeneralDeviceConfiguration/allOf/1/properties/passwordMinimumNonLetterCharacters - The format int32 is not supported by Kiota for the type Null, Number and the string type will be used.
Warning: KiotaBuilder OpenAPI warning: #/components/schemas/microsoft.graph.androidDeviceOwnerGeneralDeviceConfiguration/allOf/1/properties/passwordMinimumNumericCharacters - The format int32 is not supported by Kiota for the type Null, Number and the string type will be used.
Warning: KiotaBuilder OpenAPI warning: #/components/schemas/microsoft.graph.androidDeviceOwnerGeneralDeviceConfiguration/allOf/1/properties/passwordMinimumSymbolCharacters - The format int32 is not supported by Kiota for the type Null, Number and the string type will be used.
Warning: KiotaBuilder OpenAPI warning: #/components/schemas/microsoft.graph.androidDeviceOwnerGeneralDeviceConfiguration/allOf/1/properties/passwordMinimumUpperCaseCharacters - The format int32 is not supported by Kiota for the type Null, Number and the string type will be used.
Warning: KiotaBuilder OpenAPI warning: #/components/schemas/microsoft.graph.androidDeviceOwnerGeneralDeviceConfiguration/allOf/1/properties/passwordMinutesOfInactivityBeforeScreenTimeout - The format int32 is not supported by Kiota for the type Null, Number and the string type will be used.
Warning: KiotaBuilder OpenAPI warning: #/components/schemas/microsoft.graph.androidDeviceOwnerGeneralDeviceConfiguration/allOf/1/properties/passwordPreviousPasswordCountToBlock - The format int32 is not supported by Kiota for the type Null, Number and the string type will be used.
Warning: KiotaBuilder OpenAPI warning: #/components/schemas/microsoft.graph.androidDeviceOwnerGeneralDeviceConfiguration/allOf/1/properties/passwordSignInFailureCountBeforeFactoryReset - The format int32 is not supported by Kiota for the type Null, Number and the string type will be used.
Warning: KiotaBuilder OpenAPI warning: #/components/schemas/microsoft.graph.androidDeviceOwnerGeneralDeviceConfiguration/allOf/1/properties/systemUpdateWindowEndMinutesAfterMidnight - The format int32 is not supported by Kiota for the type Null, Number and the string type will be used.
Warning: KiotaBuilder OpenAPI warning: #/components/schemas/microsoft.graph.androidDeviceOwnerGeneralDeviceConfiguration/allOf/1/properties/systemUpdateWindowStartMinutesAfterMidnight - The format int32 is not supported by Kiota for the type Null, Number and the string type will be used.
Warning: KiotaBuilder OpenAPI warning: #/components/schemas/microsoft.graph.androidDeviceOwnerGeneralDeviceConfiguration/allOf/1/properties/workProfilePasswordExpirationDays - The format int32 is not supported by Kiota for the type Null, Number and the string type will be used.
Warning: KiotaBuilder OpenAPI warning: #/components/schemas/microsoft.graph.androidDeviceOwnerGeneralDeviceConfiguration/allOf/1/properties/workProfilePasswordMinimumLength - The format int32 is not supported by Kiota for the type Null, Number and the string type will be used.
Warning: KiotaBuilder OpenAPI warning: #/components/schemas/microsoft.graph.androidDeviceOwnerGeneralDeviceConfiguration/allOf/1/properties/workProfilePasswordMinimumLetterCharacters - The format int32 is not supported by Kiota for the type Null, Number and the string type will be used.
Warning: KiotaBuilder OpenAPI warning: #/components/schemas/microsoft.graph.androidDeviceOwnerGeneralDeviceConfiguration/allOf/1/properties/workProfilePasswordMinimumLowerCaseCharacters - The format int32 is not supported by Kiota for the type Null, Number and the string type will be used.
Warning: KiotaBuilder OpenAPI warning: #/components/schemas/microsoft.graph.androidDeviceOwnerGeneralDeviceConfiguration/allOf/1/properties/workProfilePasswordMinimumNonLetterCharacters - The format int32 is not supported by Kiota for the type Null, Number and the string type will be used.
Warning: KiotaBuilder OpenAPI warning: #/components/schemas/microsoft.graph.androidDeviceOwnerGeneralDeviceConfiguration/allOf/1/properties/workProfilePasswordMinimumNumericCharacters - The format int32 is not supported by Kiota for the type Null, Number and the string type will be used.
Warning: KiotaBuilder OpenAPI warning: #/components/schemas/microsoft.graph.androidDeviceOwnerGeneralDeviceConfiguration/allOf/1/properties/workProfilePasswordMinimumSymbolCharacters - The format int32 is not supported by Kiota for the type Null, Number and the string type will be used.
Warning: KiotaBuilder OpenAPI warning: #/components/schemas/microsoft.graph.androidDeviceOwnerGeneralDeviceConfiguration/allOf/1/properties/workProfilePasswordMinimumUpperCaseCharacters - The format int32 is not supported by Kiota for the type Null, Number and the string type will be used.
Warning: KiotaBuilder OpenAPI warning: #/components/schemas/microsoft.graph.androidDeviceOwnerGeneralDeviceConfiguration/allOf/1/properties/workProfilePasswordPreviousPasswordCountToBlock - The format int32 is not supported by Kiota for the type Null, Number and the string type will be used.
Warning: KiotaBuilder OpenAPI warning: #/components/schemas/microsoft.graph.androidDeviceOwnerGeneralDeviceConfiguration/allOf/1/properties/workProfilePasswordSignInFailureCountBeforeFactoryReset - The format int32 is not supported by Kiota for the type Null, Number and the string type will be used.
Warning: KiotaBuilder OpenAPI warning: #/components/schemas/microsoft.graph.androidDeviceOwnerWiFiConfiguration/allOf/1/properties/proxyManualPort - The format int32 is not supported by Kiota for the type Null, Number and the string type will be used.
Warning: KiotaBuilder OpenAPI warning: #/components/schemas/microsoft.graph.androidForWorkAppConfigurationSchema/allOf/1/properties/exampleJson - The format base64url is not supported by Kiota for the type Null, String and the string type will be used.
Warning: KiotaBuilder OpenAPI warning: #/components/schemas/microsoft.graph.androidForWorkCompliancePolicy/allOf/1/properties/passwordExpirationDays - The format int32 is not supported by Kiota for the type Null, Number and the string type will be used.
Warning: KiotaBuilder OpenAPI warning: #/components/schemas/microsoft.graph.androidForWorkCompliancePolicy/allOf/1/properties/passwordMinimumLength - The format int32 is not supported by Kiota for the type Null, Number and the string type will be used.
Warning: KiotaBuilder OpenAPI warning: #/components/schemas/microsoft.graph.androidForWorkCompliancePolicy/allOf/1/properties/passwordMinutesOfInactivityBeforeLock - The format int32 is not supported by Kiota for the type Null, Number and the string type will be used.
Warning: KiotaBuilder OpenAPI warning: #/components/schemas/microsoft.graph.androidForWorkCompliancePolicy/allOf/1/properties/passwordPreviousPasswordBlockCount - The format int32 is not supported by Kiota for the type Null, Number and the string type will be used.
Warning: KiotaBuilder OpenAPI warning: #/components/schemas/microsoft.graph.androidForWorkCompliancePolicy/allOf/1/properties/passwordSignInFailureCountBeforeFactoryReset - The format int32 is not supported by Kiota for the type Null, Number and the string type will be used.
Warning: KiotaBuilder OpenAPI warning: #/components/schemas/microsoft.graph.androidForWorkCompliancePolicy/allOf/1/properties/workProfileInactiveBeforeScreenLockInMinutes - The format int32 is not supported by Kiota for the type Null, Number and the string type will be used.
Warning: KiotaBuilder OpenAPI warning: #/components/schemas/microsoft.graph.androidForWorkCompliancePolicy/allOf/1/properties/workProfilePasswordExpirationInDays - The format int32 is not supported by Kiota for the type Null, Number and the string type will be used.
Warning: KiotaBuilder OpenAPI warning: #/components/schemas/microsoft.graph.androidForWorkCompliancePolicy/allOf/1/properties/workProfilePasswordMinimumLength - The format int32 is not supported by Kiota for the type Null, Number and the string type will be used.
Warning: KiotaBuilder OpenAPI warning: #/components/schemas/microsoft.graph.androidForWorkCompliancePolicy/allOf/1/properties/workProfilePreviousPasswordBlockCount - The format int32 is not supported by Kiota for the type Null, Number and the string type will be used.
Warning: KiotaBuilder OpenAPI warning: #/components/schemas/microsoft.graph.androidForWorkGeneralDeviceConfiguration/allOf/1/properties/passwordExpirationDays - The format int32 is not supported by Kiota for the type Null, Number and the string type will be used.
Warning: KiotaBuilder OpenAPI warning: #/components/schemas/microsoft.graph.androidForWorkGeneralDeviceConfiguration/allOf/1/properties/passwordMinimumLength - The format int32 is not supported by Kiota for the type Null, Number and the string type will be used.
Warning: KiotaBuilder OpenAPI warning: #/components/schemas/microsoft.graph.androidForWorkGeneralDeviceConfiguration/allOf/1/properties/passwordMinutesOfInactivityBeforeScreenTimeout - The format int32 is not supported by Kiota for the type Null, Number and the string type will be used.
Warning: KiotaBuilder OpenAPI warning: #/components/schemas/microsoft.graph.androidForWorkGeneralDeviceConfiguration/allOf/1/properties/passwordPreviousPasswordBlockCount - The format int32 is not supported by Kiota for the type Null, Number and the string type will be used.
Warning: KiotaBuilder OpenAPI warning: #/components/schemas/microsoft.graph.androidForWorkGeneralDeviceConfiguration/allOf/1/properties/passwordSignInFailureCountBeforeFactoryReset - The format int32 is not supported by Kiota for the type Null, Number and the string type will be used.
Warning: KiotaBuilder OpenAPI warning: #/components/schemas/microsoft.graph.androidForWorkGeneralDeviceConfiguration/allOf/1/properties/workProfilePasswordExpirationDays - The format int32 is not supported by Kiota for the type Null, Number and the string type will be used.
Warning: KiotaBuilder OpenAPI warning: #/components/schemas/microsoft.graph.androidForWorkGeneralDeviceConfiguration/allOf/1/properties/workProfilePasswordMinimumLength - The format int32 is not supported by Kiota for the type Null, Number and the string type will be used.
Warning: KiotaBuilder OpenAPI warning: #/components/schemas/microsoft.graph.androidForWorkGeneralDeviceConfiguration/allOf/1/properties/workProfilePasswordMinLetterCharacters - The format int32 is not supported by Kiota for the type Null, Number and the string type will be used.
Warning: KiotaBuilder OpenAPI warning: #/components/schemas/microsoft.graph.androidForWorkGeneralDeviceConfiguration/allOf/1/properties/workProfilePasswordMinLowerCaseCharacters - The format int32 is not supported by Kiota for the type Null, Number and the string type will be used.
Warning: KiotaBuilder OpenAPI warning: #/components/schemas/microsoft.graph.androidForWorkGeneralDeviceConfiguration/allOf/1/properties/workProfilePasswordMinNonLetterCharacters - The format int32 is not supported by Kiota for the type Null, Number and the string type will be used.
Warning: KiotaBuilder OpenAPI warning: #/components/schemas/microsoft.graph.androidForWorkGeneralDeviceConfiguration/allOf/1/properties/workProfilePasswordMinNumericCharacters - The format int32 is not supported by Kiota for the type Null, Number and the string type will be used.
Warning: KiotaBuilder OpenAPI warning: #/components/schemas/microsoft.graph.androidForWorkGeneralDeviceConfiguration/allOf/1/properties/workProfilePasswordMinSymbolCharacters - The format int32 is not supported by Kiota for the type Null, Number and the string type will be used.
Warning: KiotaBuilder OpenAPI warning: #/components/schemas/microsoft.graph.androidForWorkGeneralDeviceConfiguration/allOf/1/properties/workProfilePasswordMinUpperCaseCharacters - The format int32 is not supported by Kiota for the type Null, Number and the string type will be used.
Warning: KiotaBuilder OpenAPI warning: #/components/schemas/microsoft.graph.androidForWorkGeneralDeviceConfiguration/allOf/1/properties/workProfilePasswordMinutesOfInactivityBeforeScreenTimeout - The format int32 is not supported by Kiota for the type Null, Number and the string type will be used.
Warning: KiotaBuilder OpenAPI warning: #/components/schemas/microsoft.graph.androidForWorkGeneralDeviceConfiguration/allOf/1/properties/workProfilePasswordPreviousPasswordBlockCount - The format int32 is not supported by Kiota for the type Null, Number and the string type will be used.
Warning: KiotaBuilder OpenAPI warning: #/components/schemas/microsoft.graph.androidForWorkGeneralDeviceConfiguration/allOf/1/properties/workProfilePasswordSignInFailureCountBeforeFactoryReset - The format int32 is not supported by Kiota for the type Null, Number and the string type will be used.
Warning: KiotaBuilder OpenAPI warning: #/components/schemas/microsoft.graph.androidForWorkSettings/allOf/1/properties/lastAppSyncDateTime - The format date-time is not supported by Kiota for the type Null, String and the string type will be used.
Warning: KiotaBuilder OpenAPI warning: #/components/schemas/microsoft.graph.androidForWorkSettings/allOf/1/properties/lastModifiedDateTime - The format date-time is not supported by Kiota for the type Null, String and the string type will be used.
Warning: KiotaBuilder OpenAPI warning: #/components/schemas/microsoft.graph.androidGeneralDeviceConfiguration/allOf/1/properties/passwordExpirationDays - The format int32 is not supported by Kiota for the type Null, Number and the string type will be used.
Warning: KiotaBuilder OpenAPI warning: #/components/schemas/microsoft.graph.androidGeneralDeviceConfiguration/allOf/1/properties/passwordMinimumLength - The format int32 is not supported by Kiota for the type Null, Number and the string type will be used.
Warning: KiotaBuilder OpenAPI warning: #/components/schemas/microsoft.graph.androidGeneralDeviceConfiguration/allOf/1/properties/passwordMinutesOfInactivityBeforeScreenTimeout - The format int32 is not supported by Kiota for the type Null, Number and the string type will be used.
Warning: KiotaBuilder OpenAPI warning: #/components/schemas/microsoft.graph.androidGeneralDeviceConfiguration/allOf/1/properties/passwordPreviousPasswordBlockCount - The format int32 is not supported by Kiota for the type Null, Number and the string type will be used.
Warning: KiotaBuilder OpenAPI warning: #/components/schemas/microsoft.graph.androidGeneralDeviceConfiguration/allOf/1/properties/passwordSignInFailureCountBeforeFactoryReset - The format int32 is not supported by Kiota for the type Null, Number and the string type will be used.
Warning: KiotaBuilder OpenAPI warning: #/components/schemas/microsoft.graph.androidManagedStoreAccountEnterpriseSettings/allOf/1/properties/lastAppSyncDateTime - The format date-time is not supported by Kiota for the type Null, String and the string type will be used.
Warning: KiotaBuilder OpenAPI warning: #/components/schemas/microsoft.graph.androidManagedStoreAccountEnterpriseSettings/allOf/1/properties/lastModifiedDateTime - The format date-time is not supported by Kiota for the type Null, String and the string type will be used.
Warning: KiotaBuilder OpenAPI warning: #/components/schemas/microsoft.graph.androidManagedStoreAppConfigurationSchema/allOf/1/properties/exampleJson - The format base64url is not supported by Kiota for the type Null, String and the string type will be used.
Warning: KiotaBuilder OpenAPI warning: #/components/schemas/microsoft.graph.androidWorkProfileCompliancePolicy/allOf/1/properties/passwordExpirationDays - The format int32 is not supported by Kiota for the type Null, Number and the string type will be used.
Warning: KiotaBuilder OpenAPI warning: #/components/schemas/microsoft.graph.androidWorkProfileCompliancePolicy/allOf/1/properties/passwordMinimumLength - The format int32 is not supported by Kiota for the type Null, Number and the string type will be used.
Warning: KiotaBuilder OpenAPI warning: #/components/schemas/microsoft.graph.androidWorkProfileCompliancePolicy/allOf/1/properties/passwordMinutesOfInactivityBeforeLock - The format int32 is not supported by Kiota for the type Null, Number and the string type will be used.
Warning: KiotaBuilder OpenAPI warning: #/components/schemas/microsoft.graph.androidWorkProfileCompliancePolicy/allOf/1/properties/passwordPreviousPasswordBlockCount - The format int32 is not supported by Kiota for the type Null, Number and the string type will be used.
Warning: KiotaBuilder OpenAPI warning: #/components/schemas/microsoft.graph.androidWorkProfileCompliancePolicy/allOf/1/properties/passwordSignInFailureCountBeforeFactoryReset - The format int32 is not supported by Kiota for the type Null, Number and the string type will be used.
Warning: KiotaBuilder OpenAPI warning: #/components/schemas/microsoft.graph.androidWorkProfileCompliancePolicy/allOf/1/properties/workProfileInactiveBeforeScreenLockInMinutes - The format int32 is not supported by Kiota for the type Null, Number and the string type will be used.
Warning: KiotaBuilder OpenAPI warning: #/components/schemas/microsoft.graph.androidWorkProfileCompliancePolicy/allOf/1/properties/workProfilePasswordExpirationInDays - The format int32 is not supported by Kiota for the type Null, Number and the string type will be used.
Warning: KiotaBuilder OpenAPI warning: #/components/schemas/microsoft.graph.androidWorkProfileCompliancePolicy/allOf/1/properties/workProfilePasswordMinimumLength - The format int32 is not supported by Kiota for the type Null, Number and the string type will be used.
Warning: KiotaBuilder OpenAPI warning: #/components/schemas/microsoft.graph.androidWorkProfileCompliancePolicy/allOf/1/properties/workProfilePreviousPasswordBlockCount - The format int32 is not supported by Kiota for the type Null, Number and the string type will be used.
Warning: KiotaBuilder OpenAPI warning: #/components/schemas/microsoft.graph.androidWorkProfileGeneralDeviceConfiguration/allOf/1/properties/passwordExpirationDays - The format int32 is not supported by Kiota for the type Null, Number and the string type will be used.
Warning: KiotaBuilder OpenAPI warning: #/components/schemas/microsoft.graph.androidWorkProfileGeneralDeviceConfiguration/allOf/1/properties/passwordMinimumLength - The format int32 is not supported by Kiota for the type Null, Number and the string type will be used.
Warning: KiotaBuilder OpenAPI warning: #/components/schemas/microsoft.graph.androidWorkProfileGeneralDeviceConfiguration/allOf/1/properties/passwordMinutesOfInactivityBeforeScreenTimeout - The format int32 is not supported by Kiota for the type Null, Number and the string type will be used.
Warning: KiotaBuilder OpenAPI warning: #/components/schemas/microsoft.graph.androidWorkProfileGeneralDeviceConfiguration/allOf/1/properties/passwordPreviousPasswordBlockCount - The format int32 is not supported by Kiota for the type Null, Number and the string type will be used.
Warning: KiotaBuilder OpenAPI warning: #/components/schemas/microsoft.graph.androidWorkProfileGeneralDeviceConfiguration/allOf/1/properties/passwordSignInFailureCountBeforeFactoryReset - The format int32 is not supported by Kiota for the type Null, Number and the string type will be used.
Warning: KiotaBuilder OpenAPI warning: #/components/schemas/microsoft.graph.androidWorkProfileGeneralDeviceConfiguration/allOf/1/properties/workProfilePasswordExpirationDays - The format int32 is not supported by Kiota for the type Null, Number and the string type will be used.
Warning: KiotaBuilder OpenAPI warning: #/components/schemas/microsoft.graph.androidWorkProfileGeneralDeviceConfiguration/allOf/1/properties/workProfilePasswordMinimumLength - The format int32 is not supported by Kiota for the type Null, Number and the string type will be used.
Warning: KiotaBuilder OpenAPI warning: #/components/schemas/microsoft.graph.androidWorkProfileGeneralDeviceConfiguration/allOf/1/properties/workProfilePasswordMinLetterCharacters - The format int32 is not supported by Kiota for the type Null, Number and the string type will be used.
Warning: KiotaBuilder OpenAPI warning: #/components/schemas/microsoft.graph.androidWorkProfileGeneralDeviceConfiguration/allOf/1/properties/workProfilePasswordMinLowerCaseCharacters - The format int32 is not supported by Kiota for the type Null, Number and the string type will be used.
Warning: KiotaBuilder OpenAPI warning: #/components/schemas/microsoft.graph.androidWorkProfileGeneralDeviceConfiguration/allOf/1/properties/workProfilePasswordMinNonLetterCharacters - The format int32 is not supported by Kiota for the type Null, Number and the string type will be used.
Warning: KiotaBuilder OpenAPI warning: #/components/schemas/microsoft.graph.androidWorkProfileGeneralDeviceConfiguration/allOf/1/properties/workProfilePasswordMinNumericCharacters - The format int32 is not supported by Kiota for the type Null, Number and the string type will be used.
Warning: KiotaBuilder OpenAPI warning: #/components/schemas/microsoft.graph.androidWorkProfileGeneralDeviceConfiguration/allOf/1/properties/workProfilePasswordMinSymbolCharacters - The format int32 is not supported by Kiota for the type Null, Number and the string type will be used.
Warning: KiotaBuilder OpenAPI warning: #/components/schemas/microsoft.graph.androidWorkProfileGeneralDeviceConfiguration/allOf/1/properties/workProfilePasswordMinUpperCaseCharacters - The format int32 is not supported by Kiota for the type Null, Number and the string type will be used.
Warning: KiotaBuilder OpenAPI warning: #/components/schemas/microsoft.graph.androidWorkProfileGeneralDeviceConfiguration/allOf/1/properties/workProfilePasswordMinutesOfInactivityBeforeScreenTimeout - The format int32 is not supported by Kiota for the type Null, Number and the string type will be used.
Warning: KiotaBuilder OpenAPI warning: #/components/schemas/microsoft.graph.androidWorkProfileGeneralDeviceConfiguration/allOf/1/properties/workProfilePasswordPreviousPasswordBlockCount - The format int32 is not supported by Kiota for the type Null, Number and the string type will be used.
Warning: KiotaBuilder OpenAPI warning: #/components/schemas/microsoft.graph.androidWorkProfileGeneralDeviceConfiguration/allOf/1/properties/workProfilePasswordSignInFailureCountBeforeFactoryReset - The format int32 is not supported by Kiota for the type Null, Number and the string type will be used.
Warning: KiotaBuilder OpenAPI warning: #/components/schemas/microsoft.graph.aospDeviceOwnerCompliancePolicy/allOf/1/properties/passwordMinimumLength - The format int32 is not supported by Kiota for the type Null, Number and the string type will be used.
Warning: KiotaBuilder OpenAPI warning: #/components/schemas/microsoft.graph.aospDeviceOwnerCompliancePolicy/allOf/1/properties/passwordMinutesOfInactivityBeforeLock - The format int32 is not supported by Kiota for the type Null, Number and the string type will be used.
Warning: KiotaBuilder OpenAPI warning: #/components/schemas/microsoft.graph.aospDeviceOwnerDeviceConfiguration/allOf/1/properties/passwordMinimumLength - The format int32 is not supported by Kiota for the type Null, Number and the string type will be used.
Warning: KiotaBuilder OpenAPI warning: #/components/schemas/microsoft.graph.aospDeviceOwnerDeviceConfiguration/allOf/1/properties/passwordMinutesOfInactivityBeforeScreenTimeout - The format int32 is not supported by Kiota for the type Null, Number and the string type will be used.
Warning: KiotaBuilder OpenAPI warning: #/components/schemas/microsoft.graph.aospDeviceOwnerDeviceConfiguration/allOf/1/properties/passwordSignInFailureCountBeforeFactoryReset - The format int32 is not supported by Kiota for the type Null, Number and the string type will be used.
Warning: KiotaBuilder OpenAPI warning: #/components/schemas/microsoft.graph.aospDeviceOwnerWiFiConfiguration/allOf/1/properties/proxyManualPort - The format int32 is not supported by Kiota for the type Null, Number and the string type will be used.
Warning: KiotaBuilder OpenAPI warning: #/components/schemas/microsoft.graph.appCredentialSignInActivity/allOf/1/properties/createdDateTime - The format date-time is not supported by Kiota for the type Null, String and the string type will be used.
Warning: KiotaBuilder OpenAPI warning: #/components/schemas/microsoft.graph.appCredentialSignInActivity/allOf/1/properties/expirationDateTime - The format date-time is not supported by Kiota for the type Null, String and the string type will be used.
Warning: KiotaBuilder OpenAPI warning: #/components/schemas/microsoft.graph.appleVpnConfiguration/allOf/1/properties/disconnectOnIdleTimerInSeconds - The format int32 is not supported by Kiota for the type Null, Number and the string type will be used.
Warning: KiotaBuilder OpenAPI warning: #/components/schemas/microsoft.graph.application/allOf/1/properties/createdDateTime - The format date-time is not supported by Kiota for the type Null, String and the string type will be used.
Warning: KiotaBuilder OpenAPI warning: #/components/schemas/microsoft.graph.application/allOf/1/properties/tokenEncryptionKeyId - The format uuid is not supported by Kiota for the type Null, String and the string type will be used.
Warning: KiotaBuilder OpenAPI warning: #/components/schemas/microsoft.graph.applicationSignInDetailedSummary/allOf/1/properties/aggregatedEventDateTime - The format date-time is not supported by Kiota for the type Null, String and the string type will be used.
Warning: KiotaBuilder OpenAPI warning: #/components/schemas/microsoft.graph.applicationSignInDetailedSummary/allOf/1/properties/signInCount - The format int64 is not supported by Kiota for the type Null, Number and the string type will be used.
Warning: KiotaBuilder OpenAPI warning: #/components/schemas/microsoft.graph.applicationSignInSummary/allOf/1/properties/failedSignInCount - The format int64 is not supported by Kiota for the type Null, Number and the string type will be used.
Warning: KiotaBuilder OpenAPI warning: #/components/schemas/microsoft.graph.applicationSignInSummary/allOf/1/properties/successfulSignInCount - The format int64 is not supported by Kiota for the type Null, Number and the string type will be used.
Warning: KiotaBuilder OpenAPI warning: #/components/schemas/microsoft.graph.applicationSignInSummary/allOf/1/properties/successPercentage/oneOf/0 - The format double is not supported by Kiota for the type Null, Number and the string type will be used.
Warning: KiotaBuilder OpenAPI warning: #/components/schemas/microsoft.graph.appLogCollectionRequest/allOf/1/properties/completedDateTime - The format date-time is not supported by Kiota for the type Null, String and the string type will be used.
Warning: KiotaBuilder OpenAPI warning: #/components/schemas/microsoft.graph.appRoleAssignment/allOf/1/properties/creationTimestamp - The format date-time is not supported by Kiota for the type Null, String and the string type will be used.
Warning: KiotaBuilder OpenAPI warning: #/components/schemas/microsoft.graph.appRoleAssignment/allOf/1/properties/principalId - The format uuid is not supported by Kiota for the type Null, String and the string type will be used.
Warning: KiotaBuilder OpenAPI warning: #/components/schemas/microsoft.graph.appRoleAssignment/allOf/1/properties/resourceId - The format uuid is not supported by Kiota for the type Null, String and the string type will be used.
Warning: KiotaBuilder OpenAPI warning: #/components/schemas/microsoft.graph.approvalItem/allOf/1/properties/completedDateTime - The format date-time is not supported by Kiota for the type Null, String and the string type will be used.
Warning: KiotaBuilder OpenAPI warning: #/components/schemas/microsoft.graph.approvalItem/allOf/1/properties/createdDateTime - The format date-time is not supported by Kiota for the type Null, String and the string type will be used.
Warning: KiotaBuilder OpenAPI warning: #/components/schemas/microsoft.graph.approvalItemRequest/allOf/1/properties/createdDateTime - The format date-time is not supported by Kiota for the type Null, String and the string type will be used.
Warning: KiotaBuilder OpenAPI warning: #/components/schemas/microsoft.graph.approvalItemResponse/allOf/1/properties/createdDateTime - The format date-time is not supported by Kiota for the type Null, String and the string type will be used.
Warning: KiotaBuilder OpenAPI warning: #/components/schemas/microsoft.graph.approvalOperation/allOf/1/properties/createdDateTime - The format date-time is not supported by Kiota for the type Null, String and the string type will be used.
Warning: KiotaBuilder OpenAPI warning: #/components/schemas/microsoft.graph.approvalOperation/allOf/1/properties/lastActionDateTime - The format date-time is not supported by Kiota for the type Null, String and the string type will be used.
Warning: KiotaBuilder OpenAPI warning: #/components/schemas/microsoft.graph.approvalStep/allOf/1/properties/reviewedDateTime - The format date-time is not supported by Kiota for the type Null, String and the string type will be used.
Warning: KiotaBuilder OpenAPI warning: #/components/schemas/microsoft.graph.attachment/allOf/1/properties/lastModifiedDateTime - The format date-time is not supported by Kiota for the type Null, String and the string type will be used.
Warning: KiotaBuilder OpenAPI warning: #/components/schemas/microsoft.graph.attachmentBase/allOf/1/properties/lastModifiedDateTime - The format date-time is not supported by Kiota for the type Null, String and the string type will be used.
Warning: KiotaBuilder OpenAPI warning: #/components/schemas/microsoft.graph.attachmentSession/allOf/1/properties/content - The format base64url is not supported by Kiota for the type Null, String and the string type will be used.
Warning: KiotaBuilder OpenAPI warning: #/components/schemas/microsoft.graph.attachmentSession/allOf/1/properties/expirationDateTime - The format date-time is not supported by Kiota for the type Null, String and the string type will be used.
Warning: KiotaBuilder OpenAPI warning: #/components/schemas/microsoft.graph.attendanceRecord/allOf/1/properties/totalAttendanceInSeconds - The format int32 is not supported by Kiota for the type Null, Number and the string type will be used.
Warning: KiotaBuilder OpenAPI warning: #/components/schemas/microsoft.graph.attributeSet/allOf/1/properties/maxAttributesPerSet - The format int32 is not supported by Kiota for the type Null, Number and the string type will be used.
Warning: KiotaBuilder OpenAPI warning: #/components/schemas/microsoft.graph.authenticationMethod/allOf/1/properties/createdDateTime - The format date-time is not supported by Kiota for the type Null, String and the string type will be used.
Warning: KiotaBuilder OpenAPI warning: #/components/schemas/microsoft.graph.authenticationMethodsPolicy/allOf/1/properties/lastModifiedDateTime - The format date-time is not supported by Kiota for the type Null, String and the string type will be used.
Warning: KiotaBuilder OpenAPI warning: #/components/schemas/microsoft.graph.authenticationMethodsPolicy/allOf/1/properties/reconfirmationInDays - The format int32 is not supported by Kiota for the type Null, Number and the string type will be used.
Warning: KiotaBuilder OpenAPI warning: #/components/schemas/microsoft.graph.authenticationsMetric/allOf/1/properties/factDate - The format date is not supported by Kiota for the type Null, String and the string type will be used.
Warning: KiotaBuilder OpenAPI warning: #/components/schemas/microsoft.graph.authoredNote/allOf/1/properties/createdDateTime - The format date-time is not supported by Kiota for the type Null, String and the string type will be used.
Warning: KiotaBuilder OpenAPI warning: #/components/schemas/microsoft.graph.authorizationPolicy/allOf/1/properties/guestUserRoleId - The format uuid is not supported by Kiota for the type Null, String and the string type will be used.
Warning: KiotaBuilder OpenAPI warning: #/components/schemas/microsoft.graph.awsExternalSystemAccessFinding/allOf/1/properties/trustedIdentityCount - The format int32 is not supported by Kiota for the type Null, Number and the string type will be used.
Warning: KiotaBuilder OpenAPI warning: #/components/schemas/microsoft.graph.baseItemVersion/allOf/1/properties/lastModifiedDateTime - The format date-time is not supported by Kiota for the type Null, String and the string type will be used.
Warning: KiotaBuilder OpenAPI warning: #/components/schemas/microsoft.graph.bookingAppointment/allOf/1/properties/createdDateTime - The format date-time is not supported by Kiota for the type Null, String and the string type will be used.
Warning: KiotaBuilder OpenAPI warning: #/components/schemas/microsoft.graph.bookingAppointment/allOf/1/properties/invoiceAmount/oneOf/0 - The format double is not supported by Kiota for the type Null, Number and the string type will be used.
Warning: KiotaBuilder OpenAPI warning: #/components/schemas/microsoft.graph.bookingAppointment/allOf/1/properties/lastUpdatedDateTime - The format date-time is not supported by Kiota for the type Null, String and the string type will be used.
Warning: KiotaBuilder OpenAPI warning: #/components/schemas/microsoft.graph.bookingAppointment/allOf/1/properties/price/oneOf/0 - The format double is not supported by Kiota for the type Null, Number and the string type will be used.
Warning: KiotaBuilder OpenAPI warning: #/components/schemas/microsoft.graph.bookingBusiness/allOf/1/properties/createdDateTime - The format date-time is not supported by Kiota for the type Null, String and the string type will be used.
Warning: KiotaBuilder OpenAPI warning: #/components/schemas/microsoft.graph.bookingBusiness/allOf/1/properties/lastUpdatedDateTime - The format date-time is not supported by Kiota for the type Null, String and the string type will be used.
Warning: KiotaBuilder OpenAPI warning: #/components/schemas/microsoft.graph.bookingCustomer/allOf/1/properties/createdDateTime - The format date-time is not supported by Kiota for the type Null, String and the string type will be used.
Warning: KiotaBuilder OpenAPI warning: #/components/schemas/microsoft.graph.bookingCustomer/allOf/1/properties/lastUpdatedDateTime - The format date-time is not supported by Kiota for the type Null, String and the string type will be used.
Warning: KiotaBuilder OpenAPI warning: #/components/schemas/microsoft.graph.bookingCustomQuestion/allOf/1/properties/createdDateTime - The format date-time is not supported by Kiota for the type Null, String and the string type will be used.
Warning: KiotaBuilder OpenAPI warning: #/components/schemas/microsoft.graph.bookingCustomQuestion/allOf/1/properties/lastUpdatedDateTime - The format date-time is not supported by Kiota for the type Null, String and the string type will be used.
Warning: KiotaBuilder OpenAPI warning: #/components/schemas/microsoft.graph.bookingService/allOf/1/properties/createdDateTime - The format date-time is not supported by Kiota for the type Null, String and the string type will be used.
Warning: KiotaBuilder OpenAPI warning: #/components/schemas/microsoft.graph.bookingService/allOf/1/properties/defaultPrice/oneOf/0 - The format double is not supported by Kiota for the type Null, Number and the string type will be used.
Warning: KiotaBuilder OpenAPI warning: #/components/schemas/microsoft.graph.bookingService/allOf/1/properties/lastUpdatedDateTime - The format date-time is not supported by Kiota for the type Null, String and the string type will be used.
Warning: KiotaBuilder OpenAPI warning: #/components/schemas/microsoft.graph.bookingStaffMember/allOf/1/properties/colorIndex - The format int32 is not supported by Kiota for the type Null, Number and the string type will be used.
Warning: KiotaBuilder OpenAPI warning: #/components/schemas/microsoft.graph.bookingStaffMember/allOf/1/properties/createdDateTime - The format date-time is not supported by Kiota for the type Null, String and the string type will be used.
Warning: KiotaBuilder OpenAPI warning: #/components/schemas/microsoft.graph.bookingStaffMember/allOf/1/properties/lastUpdatedDateTime - The format date-time is not supported by Kiota for the type Null, String and the string type will be used.
Warning: KiotaBuilder OpenAPI warning: #/components/schemas/microsoft.graph.browserSharedCookie/allOf/1/properties/deletedDateTime - The format date-time is not supported by Kiota for the type Null, String and the string type will be used.
Warning: KiotaBuilder OpenAPI warning: #/components/schemas/microsoft.graph.browserSite/allOf/1/properties/deletedDateTime - The format date-time is not supported by Kiota for the type Null, String and the string type will be used.
Warning: KiotaBuilder OpenAPI warning: #/components/schemas/microsoft.graph.browserSiteList/allOf/1/properties/publishedDateTime - The format date-time is not supported by Kiota for the type Null, String and the string type will be used.
Warning: KiotaBuilder OpenAPI warning: #/components/schemas/microsoft.graph.calendarGroup/allOf/1/properties/classId - The format uuid is not supported by Kiota for the type Null, String and the string type will be used.
Warning: KiotaBuilder OpenAPI warning: #/components/schemas/microsoft.graph.call/allOf/1/properties/ringingTimeoutInSeconds - The format int32 is not supported by Kiota for the type Null, Number and the string type will be used.
Warning: KiotaBuilder OpenAPI warning: #/components/schemas/microsoft.graph.callAiInsight/allOf/1/properties/createdDateTime - The format date-time is not supported by Kiota for the type Null, String and the string type will be used.
Warning: KiotaBuilder OpenAPI warning: #/components/schemas/microsoft.graph.callAiInsight/allOf/1/properties/endDateTime - The format date-time is not supported by Kiota for the type Null, String and the string type will be used.
Warning: KiotaBuilder OpenAPI warning: #/components/schemas/microsoft.graph.callEvent/allOf/1/properties/eventDateTime - The format date-time is not supported by Kiota for the type Null, String and the string type will be used.
Warning: KiotaBuilder OpenAPI warning: #/components/schemas/microsoft.graph.callRecording/allOf/1/properties/content - The format base64url is not supported by Kiota for the type Null, String and the string type will be used.
Warning: KiotaBuilder OpenAPI warning: #/components/schemas/microsoft.graph.callRecording/allOf/1/properties/createdDateTime - The format date-time is not supported by Kiota for the type Null, String and the string type will be used.
Warning: KiotaBuilder OpenAPI warning: #/components/schemas/microsoft.graph.callRecording/allOf/1/properties/endDateTime - The format date-time is not supported by Kiota for the type Null, String and the string type will be used.
Warning: KiotaBuilder OpenAPI warning: #/components/schemas/microsoft.graph.callTranscript/allOf/1/properties/content - The format base64url is not supported by Kiota for the type Null, String and the string type will be used.
Warning: KiotaBuilder OpenAPI warning: #/components/schemas/microsoft.graph.callTranscript/allOf/1/properties/createdDateTime - The format date-time is not supported by Kiota for the type Null, String and the string type will be used.
Warning: KiotaBuilder OpenAPI warning: #/components/schemas/microsoft.graph.callTranscript/allOf/1/properties/endDateTime - The format date-time is not supported by Kiota for the type Null, String and the string type will be used.
Warning: KiotaBuilder OpenAPI warning: #/components/schemas/microsoft.graph.callTranscript/allOf/1/properties/metadataContent - The format base64url is not supported by Kiota for the type Null, String and the string type will be used.
Warning: KiotaBuilder OpenAPI warning: #/components/schemas/microsoft.graph.certificateAuthorityDetail/allOf/1/properties/createdDateTime - The format date-time is not supported by Kiota for the type Null, String and the string type will be used.
Warning: KiotaBuilder OpenAPI warning: #/components/schemas/microsoft.graph.changeTrackedEntity/allOf/1/properties/createdDateTime - The format date-time is not supported by Kiota for the type Null, String and the string type will be used.
Warning: KiotaBuilder OpenAPI warning: #/components/schemas/microsoft.graph.changeTrackedEntity/allOf/1/properties/lastModifiedDateTime - The format date-time is not supported by Kiota for the type Null, String and the string type will be used.
Warning: KiotaBuilder OpenAPI warning: #/components/schemas/microsoft.graph.channel/allOf/1/properties/createdDateTime - The format date-time is not supported by Kiota for the type Null, String and the string type will be used.
Warning: KiotaBuilder OpenAPI warning: #/components/schemas/microsoft.graph.chat/allOf/1/properties/createdDateTime - The format date-time is not supported by Kiota for the type Null, String and the string type will be used.
Warning: KiotaBuilder OpenAPI warning: #/components/schemas/microsoft.graph.chat/allOf/1/properties/lastUpdatedDateTime - The format date-time is not supported by Kiota for the type Null, String and the string type will be used.
Warning: KiotaBuilder OpenAPI warning: #/components/schemas/microsoft.graph.chatMessage/allOf/1/properties/createdDateTime - The format date-time is not supported by Kiota for the type Null, String and the string type will be used.
Warning: KiotaBuilder OpenAPI warning: #/components/schemas/microsoft.graph.chatMessage/allOf/1/properties/deletedDateTime - The format date-time is not supported by Kiota for the type Null, String and the string type will be used.
Warning: KiotaBuilder OpenAPI warning: #/components/schemas/microsoft.graph.chatMessage/allOf/1/properties/lastEditedDateTime - The format date-time is not supported by Kiota for the type Null, String and the string type will be used.
Warning: KiotaBuilder OpenAPI warning: #/components/schemas/microsoft.graph.chatMessage/allOf/1/properties/lastModifiedDateTime - The format date-time is not supported by Kiota for the type Null, String and the string type will be used.
Warning: KiotaBuilder OpenAPI warning: #/components/schemas/microsoft.graph.chatMessageInfo/allOf/1/properties/createdDateTime - The format date-time is not supported by Kiota for the type Null, String and the string type will be used.
Warning: KiotaBuilder OpenAPI warning: #/components/schemas/microsoft.graph.checklistItem/allOf/1/properties/checkedDateTime - The format date-time is not supported by Kiota for the type Null, String and the string type will be used.
Warning: KiotaBuilder OpenAPI warning: #/components/schemas/microsoft.graph.chromeOSOnboardingSettings/allOf/1/properties/lastDirectorySyncDateTime - The format date-time is not supported by Kiota for the type Null, String and the string type will be used.
Warning: KiotaBuilder OpenAPI warning: #/components/schemas/microsoft.graph.cloudAppSecurityProfile/allOf/1/properties/createdDateTime - The format date-time is not supported by Kiota for the type Null, String and the string type will be used.
Warning: KiotaBuilder OpenAPI warning: #/components/schemas/microsoft.graph.cloudAppSecurityProfile/allOf/1/properties/lastModifiedDateTime - The format date-time is not supported by Kiota for the type Null, String and the string type will be used.
Warning: KiotaBuilder OpenAPI warning: #/components/schemas/microsoft.graph.cloudCertificationAuthority/allOf/1/properties/createdDateTime - The format date-time is not supported by Kiota for the type Null, String and the string type will be used.
Warning: KiotaBuilder OpenAPI warning: #/components/schemas/microsoft.graph.cloudCertificationAuthority/allOf/1/properties/lastModifiedDateTime - The format date-time is not supported by Kiota for the type Null, String and the string type will be used.
Warning: KiotaBuilder OpenAPI warning: #/components/schemas/microsoft.graph.cloudCertificationAuthority/allOf/1/properties/validityEndDateTime - The format date-time is not supported by Kiota for the type Null, String and the string type will be used.
Warning: KiotaBuilder OpenAPI warning: #/components/schemas/microsoft.graph.cloudCertificationAuthority/allOf/1/properties/validityStartDateTime - The format date-time is not supported by Kiota for the type Null, String and the string type will be used.
Warning: KiotaBuilder OpenAPI warning: #/components/schemas/microsoft.graph.cloudCertificationAuthorityLeafCertificate/allOf/1/properties/revocationDateTime - The format date-time is not supported by Kiota for the type Null, String and the string type will be used.
Warning: KiotaBuilder OpenAPI warning: #/components/schemas/microsoft.graph.cloudCertificationAuthorityLeafCertificate/allOf/1/properties/validityEndDateTime - The format date-time is not supported by Kiota for the type Null, String and the string type will be used.
Warning: KiotaBuilder OpenAPI warning: #/components/schemas/microsoft.graph.cloudCertificationAuthorityLeafCertificate/allOf/1/properties/validityStartDateTime - The format date-time is not supported by Kiota for the type Null, String and the string type will be used.
Warning: KiotaBuilder OpenAPI warning: #/components/schemas/microsoft.graph.cloudClipboardItem/allOf/1/properties/lastModifiedDateTime - The format date-time is not supported by Kiota for the type Null, String and the string type will be used.
Warning: KiotaBuilder OpenAPI warning: #/components/schemas/microsoft.graph.cloudPC/allOf/1/properties/gracePeriodEndDateTime - The format date-time is not supported by Kiota for the type Null, String and the string type will be used.
Warning: KiotaBuilder OpenAPI warning: #/components/schemas/microsoft.graph.cloudPcBulkAction/allOf/1/properties/createdDateTime - The format date-time is not supported by Kiota for the type Null, String and the string type will be used.
Warning: KiotaBuilder OpenAPI warning: #/components/schemas/microsoft.graph.cloudPcDeviceImage/allOf/1/properties/expirationDate - The format date is not supported by Kiota for the type Null, String and the string type will be used.
Warning: KiotaBuilder OpenAPI warning: #/components/schemas/microsoft.graph.cloudPcDeviceImage/allOf/1/properties/lastModifiedDateTime - The format date-time is not supported by Kiota for the type Null, String and the string type will be used.
Warning: KiotaBuilder OpenAPI warning: #/components/schemas/microsoft.graph.cloudPcExportJob/allOf/1/properties/expirationDateTime - The format date-time is not supported by Kiota for the type Null, String and the string type will be used.
Warning: KiotaBuilder OpenAPI warning: #/components/schemas/microsoft.graph.cloudPcExportJob/allOf/1/properties/requestDateTime - The format date-time is not supported by Kiota for the type Null, String and the string type will be used.
Warning: KiotaBuilder OpenAPI warning: #/components/schemas/microsoft.graph.cloudPcExternalPartnerSetting/allOf/1/properties/lastSyncDateTime - The format date-time is not supported by Kiota for the type Null, String and the string type will be used.
Warning: KiotaBuilder OpenAPI warning: #/components/schemas/microsoft.graph.cloudPcFrontLineServicePlan/allOf/1/properties/allotmentLicensesCount - The format int32 is not supported by Kiota for the type Null, Number and the string type will be used.
Warning: KiotaBuilder OpenAPI warning: #/components/schemas/microsoft.graph.cloudPcFrontLineServicePlan/allOf/1/properties/totalCount - The format int32 is not supported by Kiota for the type Null, Number and the string type will be used.
Warning: KiotaBuilder OpenAPI warning: #/components/schemas/microsoft.graph.cloudPcFrontLineServicePlan/allOf/1/properties/usedCount - The format int32 is not supported by Kiota for the type Null, Number and the string type will be used.
Warning: KiotaBuilder OpenAPI warning: #/components/schemas/microsoft.graph.cloudPcGalleryImage/allOf/1/properties/endDate - The format date is not supported by Kiota for the type Null, String and the string type will be used.
Warning: KiotaBuilder OpenAPI warning: #/components/schemas/microsoft.graph.cloudPcGalleryImage/allOf/1/properties/expirationDate - The format date is not supported by Kiota for the type Null, String and the string type will be used.
Warning: KiotaBuilder OpenAPI warning: #/components/schemas/microsoft.graph.cloudPcGalleryImage/allOf/1/properties/sizeInGB - The format int32 is not supported by Kiota for the type Null, Number and the string type will be used.
Warning: KiotaBuilder OpenAPI warning: #/components/schemas/microsoft.graph.cloudPcGalleryImage/allOf/1/properties/startDate - The format date is not supported by Kiota for the type Null, String and the string type will be used.
Warning: KiotaBuilder OpenAPI warning: #/components/schemas/microsoft.graph.cloudPcProvisioningPolicy/allOf/1/properties/gracePeriodInHours - The format int32 is not supported by Kiota for the type Null, Number and the string type will be used.
Warning: KiotaBuilder OpenAPI warning: #/components/schemas/microsoft.graph.cloudPcSnapshot/allOf/1/properties/createdDateTime - The format date-time is not supported by Kiota for the type Null, String and the string type will be used.
Warning: KiotaBuilder OpenAPI warning: #/components/schemas/microsoft.graph.cloudPcSnapshot/allOf/1/properties/expirationDateTime - The format date-time is not supported by Kiota for the type Null, String and the string type will be used.
Warning: KiotaBuilder OpenAPI warning: #/components/schemas/microsoft.graph.cloudPcSnapshot/allOf/1/properties/lastRestoredDateTime - The format date-time is not supported by Kiota for the type Null, String and the string type will be used.
Warning: KiotaBuilder OpenAPI warning: #/components/schemas/microsoft.graph.cloudPcUserSetting/allOf/1/properties/createdDateTime - The format date-time is not supported by Kiota for the type Null, String and the string type will be used.
Warning: KiotaBuilder OpenAPI warning: #/components/schemas/microsoft.graph.cloudPcUserSetting/allOf/1/properties/lastModifiedDateTime - The format date-time is not supported by Kiota for the type Null, String and the string type will be used.
Warning: KiotaBuilder OpenAPI warning: #/components/schemas/microsoft.graph.cloudPcUserSettingAssignment/allOf/1/properties/createdDateTime - The format date-time is not supported by Kiota for the type Null, String and the string type will be used.
Warning: KiotaBuilder OpenAPI warning: #/components/schemas/microsoft.graph.companyInformation/properties/currentFiscalYearStartDate - The format date is not supported by Kiota for the type Null, String and the string type will be used.
Warning: KiotaBuilder OpenAPI warning: #/components/schemas/microsoft.graph.companyInformation/properties/lastModifiedDateTime - The format date-time is not supported by Kiota for the type Null, String and the string type will be used.
Warning: KiotaBuilder OpenAPI warning: #/components/schemas/microsoft.graph.companyInformation/properties/picture - The format base64url is not supported by Kiota for the type Null, String and the string type will be used.
Warning: KiotaBuilder OpenAPI warning: #/components/schemas/microsoft.graph.companySubscription/allOf/1/properties/createdDateTime - The format date-time is not supported by Kiota for the type Null, String and the string type will be used.
Warning: KiotaBuilder OpenAPI warning: #/components/schemas/microsoft.graph.companySubscription/allOf/1/properties/nextLifecycleDateTime - The format date-time is not supported by Kiota for the type Null, String and the string type will be used.
Warning: KiotaBuilder OpenAPI warning: #/components/schemas/microsoft.graph.companySubscription/allOf/1/properties/totalLicenses - The format int32 is not supported by Kiota for the type Null, Number and the string type will be used.
Warning: KiotaBuilder OpenAPI warning: #/components/schemas/microsoft.graph.conditionalAccessPolicy/allOf/1/properties/createdDateTime - The format date-time is not supported by Kiota for the type Null, String and the string type will be used.
Warning: KiotaBuilder OpenAPI warning: #/components/schemas/microsoft.graph.conditionalAccessPolicy/allOf/1/properties/modifiedDateTime - The format date-time is not supported by Kiota for the type Null, String and the string type will be used.
Warning: KiotaBuilder OpenAPI warning: #/components/schemas/microsoft.graph.connectedOrganization/allOf/1/properties/createdDateTime - The format date-time is not supported by Kiota for the type Null, String and the string type will be used.
Warning: KiotaBuilder OpenAPI warning: #/components/schemas/microsoft.graph.connectedOrganization/allOf/1/properties/modifiedDateTime - The format date-time is not supported by Kiota for the type Null, String and the string type will be used.
Warning: KiotaBuilder OpenAPI warning: #/components/schemas/microsoft.graph.contact/allOf/1/properties/birthday - The format date-time is not supported by Kiota for the type Null, String and the string type will be used.
Warning: KiotaBuilder OpenAPI warning: #/components/schemas/microsoft.graph.contact/allOf/1/properties/weddingAnniversary - The format date is not supported by Kiota for the type Null, String and the string type will be used.
Warning: KiotaBuilder OpenAPI warning: #/components/schemas/microsoft.graph.contentModel/allOf/1/properties/createdDateTime - The format date-time is not supported by Kiota for the type Null, String and the string type will be used.
Warning: KiotaBuilder OpenAPI warning: #/components/schemas/microsoft.graph.contentModel/allOf/1/properties/lastModifiedDateTime - The format date-time is not supported by Kiota for the type Null, String and the string type will be used.
Warning: KiotaBuilder OpenAPI warning: #/components/schemas/microsoft.graph.contentSharingSession/allOf/1/properties/pngOfCurrentSlide - The format base64url is not supported by Kiota for the type Null, String and the string type will be used.
Warning: KiotaBuilder OpenAPI warning: #/components/schemas/microsoft.graph.contract/allOf/1/properties/customerId - The format uuid is not supported by Kiota for the type Null, String and the string type will be used.
Warning: KiotaBuilder OpenAPI warning: #/components/schemas/microsoft.graph.conversationMember/allOf/1/properties/visibleHistoryStartDateTime - The format date-time is not supported by Kiota for the type Null, String and the string type will be used.
Warning: KiotaBuilder OpenAPI warning: #/components/schemas/microsoft.graph.corsConfiguration_v2/allOf/1/properties/maxAgeInSeconds - The format int32 is not supported by Kiota for the type Null, Number and the string type will be used.
Warning: KiotaBuilder OpenAPI warning: #/components/schemas/microsoft.graph.countryRegion/properties/lastModifiedDateTime - The format date-time is not supported by Kiota for the type Null, String and the string type will be used.
Warning: KiotaBuilder OpenAPI warning: #/components/schemas/microsoft.graph.currency/properties/amountRoundingPrecision - The format decimal is not supported by Kiota for the type Null, Number and the string type will be used.
Warning: KiotaBuilder OpenAPI warning: #/components/schemas/microsoft.graph.currency/properties/lastModifiedDateTime - The format date-time is not supported by Kiota for the type Null, String and the string type will be used.
Warning: KiotaBuilder OpenAPI warning: #/components/schemas/microsoft.graph.customAccessPackageWorkflowExtension/allOf/1/properties/createdDateTime - The format date-time is not supported by Kiota for the type Null, String and the string type will be used.
Warning: KiotaBuilder OpenAPI warning: #/components/schemas/microsoft.graph.customAccessPackageWorkflowExtension/allOf/1/properties/lastModifiedDateTime - The format date-time is not supported by Kiota for the type Null, String and the string type will be used.
Warning: KiotaBuilder OpenAPI warning: #/components/schemas/microsoft.graph.customer/properties/currencyId - The format uuid is not supported by Kiota for the type Null, String and the string type will be used.
Warning: KiotaBuilder OpenAPI warning: #/components/schemas/microsoft.graph.customer/properties/lastModifiedDateTime - The format date-time is not supported by Kiota for the type Null, String and the string type will be used.
Warning: KiotaBuilder OpenAPI warning: #/components/schemas/microsoft.graph.customer/properties/paymentMethodId - The format uuid is not supported by Kiota for the type Null, String and the string type will be used.
Warning: KiotaBuilder OpenAPI warning: #/components/schemas/microsoft.graph.customer/properties/paymentTermsId - The format uuid is not supported by Kiota for the type Null, String and the string type will be used.
Warning: KiotaBuilder OpenAPI warning: #/components/schemas/microsoft.graph.customer/properties/shipmentMethodId - The format uuid is not supported by Kiota for the type Null, String and the string type will be used.
Warning: KiotaBuilder OpenAPI warning: #/components/schemas/microsoft.graph.customer/properties/taxAreaId - The format uuid is not supported by Kiota for the type Null, String and the string type will be used.
Warning: KiotaBuilder OpenAPI warning: #/components/schemas/microsoft.graph.customerPayment/properties/amount - The format decimal is not supported by Kiota for the type Null, Number and the string type will be used.
Warning: KiotaBuilder OpenAPI warning: #/components/schemas/microsoft.graph.customerPayment/properties/appliesToInvoiceId - The format uuid is not supported by Kiota for the type Null, String and the string type will be used.
Warning: KiotaBuilder OpenAPI warning: #/components/schemas/microsoft.graph.customerPayment/properties/customerId - The format uuid is not supported by Kiota for the type Null, String and the string type will be used.
Warning: KiotaBuilder OpenAPI warning: #/components/schemas/microsoft.graph.customerPayment/properties/lastModifiedDateTime - The format date-time is not supported by Kiota for the type Null, String and the string type will be used.
Warning: KiotaBuilder OpenAPI warning: #/components/schemas/microsoft.graph.customerPayment/properties/lineNumber - The format int32 is not supported by Kiota for the type Null, Number and the string type will be used.
Warning: KiotaBuilder OpenAPI warning: #/components/schemas/microsoft.graph.customerPayment/properties/postingDate - The format date is not supported by Kiota for the type Null, String and the string type will be used.
Warning: KiotaBuilder OpenAPI warning: #/components/schemas/microsoft.graph.customerPaymentJournal/properties/balancingAccountId - The format uuid is not supported by Kiota for the type Null, String and the string type will be used.
Warning: KiotaBuilder OpenAPI warning: #/components/schemas/microsoft.graph.customerPaymentJournal/properties/lastModifiedDateTime - The format date-time is not supported by Kiota for the type Null, String and the string type will be used.
Warning: KiotaBuilder OpenAPI warning: #/components/schemas/microsoft.graph.dailyInactiveUsersByApplicationMetric/allOf/1/properties/inactive1DayCount - The format int64 is not supported by Kiota for the type Null, Number and the string type will be used.
Warning: KiotaBuilder OpenAPI warning: #/components/schemas/microsoft.graph.dailyInactiveUsersMetric/allOf/1/properties/inactive1DayCount - The format int64 is not supported by Kiota for the type Null, Number and the string type will be used.
Warning: KiotaBuilder OpenAPI warning: #/components/schemas/microsoft.graph.dataPolicyOperation/allOf/1/properties/completedDateTime - The format date-time is not supported by Kiota for the type Null, String and the string type will be used.
Warning: KiotaBuilder OpenAPI warning: #/components/schemas/microsoft.graph.dataPolicyOperation/allOf/1/properties/progress/oneOf/0 - The format double is not supported by Kiota for the type Null, Number and the string type will be used.
Warning: KiotaBuilder OpenAPI warning: #/components/schemas/microsoft.graph.dayNote/allOf/1/properties/dayNoteDate - The format date is not supported by Kiota for the type Null, String and the string type will be used.
Warning: KiotaBuilder OpenAPI warning: #/components/schemas/microsoft.graph.delegatedAdminAccessAssignment/allOf/1/properties/createdDateTime - The format date-time is not supported by Kiota for the type Null, String and the string type will be used.
Warning: KiotaBuilder OpenAPI warning: #/components/schemas/microsoft.graph.delegatedAdminAccessAssignment/allOf/1/properties/lastModifiedDateTime - The format date-time is not supported by Kiota for the type Null, String and the string type will be used.
Warning: KiotaBuilder OpenAPI warning: #/components/schemas/microsoft.graph.delegatedAdminRelationship/allOf/1/properties/activatedDateTime - The format date-time is not supported by Kiota for the type Null, String and the string type will be used.
Warning: KiotaBuilder OpenAPI warning: #/components/schemas/microsoft.graph.delegatedAdminRelationship/allOf/1/properties/autoExtendDuration - The format duration is not supported by Kiota for the type Null, String and the string type will be used.
Warning: KiotaBuilder OpenAPI warning: #/components/schemas/microsoft.graph.delegatedAdminRelationship/allOf/1/properties/createdDateTime - The format date-time is not supported by Kiota for the type Null, String and the string type will be used.
Warning: KiotaBuilder OpenAPI warning: #/components/schemas/microsoft.graph.delegatedAdminRelationship/allOf/1/properties/endDateTime - The format date-time is not supported by Kiota for the type Null, String and the string type will be used.
Warning: KiotaBuilder OpenAPI warning: #/components/schemas/microsoft.graph.delegatedAdminRelationship/allOf/1/properties/lastModifiedDateTime - The format date-time is not supported by Kiota for the type Null, String and the string type will be used.
Warning: KiotaBuilder OpenAPI warning: #/components/schemas/microsoft.graph.delegatedAdminRelationshipRequest/allOf/1/properties/createdDateTime - The format date-time is not supported by Kiota for the type Null, String and the string type will be used.
Warning: KiotaBuilder OpenAPI warning: #/components/schemas/microsoft.graph.delegatedAdminRelationshipRequest/allOf/1/properties/lastModifiedDateTime - The format date-time is not supported by Kiota for the type Null, String and the string type will be used.
Warning: KiotaBuilder OpenAPI warning: #/components/schemas/microsoft.graph.delegationSettings/allOf/1/properties/createdDateTime - The format date-time is not supported by Kiota for the type Null, String and the string type will be used.
Warning: KiotaBuilder OpenAPI warning: #/components/schemas/microsoft.graph.deltaParticipants/allOf/1/properties/sequenceNumber - The format int64 is not supported by Kiota for the type Null, Number and the string type will be used.
Warning: KiotaBuilder OpenAPI warning: #/components/schemas/microsoft.graph.depIOSEnrollmentProfile/allOf/1/properties/passcodeLockGracePeriodInSeconds - The format int32 is not supported by Kiota for the type Null, Number and the string type will be used.
Warning: KiotaBuilder OpenAPI warning: #/components/schemas/microsoft.graph.device/allOf/1/properties/approximateLastSignInDateTime - The format date-time is not supported by Kiota for the type Null, String and the string type will be used.
Warning: KiotaBuilder OpenAPI warning: #/components/schemas/microsoft.graph.device/allOf/1/properties/complianceExpirationDateTime - The format date-time is not supported by Kiota for the type Null, String and the string type will be used.
Warning: KiotaBuilder OpenAPI warning: #/components/schemas/microsoft.graph.device/allOf/1/properties/deviceVersion - The format int32 is not supported by Kiota for the type Null, Number and the string type will be used.
Warning: KiotaBuilder OpenAPI warning: #/components/schemas/microsoft.graph.device/allOf/1/properties/onPremisesLastSyncDateTime - The format date-time is not supported by Kiota for the type Null, String and the string type will be used.
Warning: KiotaBuilder OpenAPI warning: #/components/schemas/microsoft.graph.device/allOf/1/properties/registrationDateTime - The format date-time is not supported by Kiota for the type Null, String and the string type will be used.
Warning: KiotaBuilder OpenAPI warning: #/components/schemas/microsoft.graph.deviceComplianceScript/allOf/1/properties/detectionScriptContent - The format base64url is not supported by Kiota for the type Null, String and the string type will be used.
Warning: KiotaBuilder OpenAPI warning: #/components/schemas/microsoft.graph.deviceComplianceScriptDeviceState/allOf/1/properties/expectedStateUpdateDateTime - The format date-time is not supported by Kiota for the type Null, String and the string type will be used.
Warning: KiotaBuilder OpenAPI warning: #/components/schemas/microsoft.graph.deviceComplianceScriptRunSummary/allOf/1/properties/lastScriptRunDateTime - The format date-time is not supported by Kiota for the type Null, String and the string type will be used.
Warning: KiotaBuilder OpenAPI warning: #/components/schemas/microsoft.graph.deviceCustomAttributeShellScript/allOf/1/properties/scriptContent - The format base64url is not supported by Kiota for the type Null, String and the string type will be used.
Warning: KiotaBuilder OpenAPI warning: #/components/schemas/microsoft.graph.deviceHealthScript/allOf/1/properties/detectionScriptContent - The format base64url is not supported by Kiota for the type Null, String and the string type will be used.
Warning: KiotaBuilder OpenAPI warning: #/components/schemas/microsoft.graph.deviceHealthScript/allOf/1/properties/remediationScriptContent - The format base64url is not supported by Kiota for the type Null, String and the string type will be used.
Warning: KiotaBuilder OpenAPI warning: #/components/schemas/microsoft.graph.deviceHealthScriptDeviceState/allOf/1/properties/expectedStateUpdateDateTime - The format date-time is not supported by Kiota for the type Null, String and the string type will be used.
Warning: KiotaBuilder OpenAPI warning: #/components/schemas/microsoft.graph.deviceHealthScriptPolicyState/properties/expectedStateUpdateDateTime - The format date-time is not supported by Kiota for the type Null, String and the string type will be used.
Warning: KiotaBuilder OpenAPI warning: #/components/schemas/microsoft.graph.deviceHealthScriptRunSummary/allOf/1/properties/lastScriptRunDateTime - The format date-time is not supported by Kiota for the type Null, String and the string type will be used.
Warning: KiotaBuilder OpenAPI warning: #/components/schemas/microsoft.graph.deviceLogCollectionResponse/allOf/1/properties/expirationDateTimeUTC - The format date-time is not supported by Kiota for the type Null, String and the string type will be used.
Warning: KiotaBuilder OpenAPI warning: #/components/schemas/microsoft.graph.deviceLogCollectionResponse/allOf/1/properties/receivedDateTimeUTC - The format date-time is not supported by Kiota for the type Null, String and the string type will be used.
Warning: KiotaBuilder OpenAPI warning: #/components/schemas/microsoft.graph.deviceLogCollectionResponse/allOf/1/properties/requestedDateTimeUTC - The format date-time is not supported by Kiota for the type Null, String and the string type will be used.
Warning: KiotaBuilder OpenAPI warning: #/components/schemas/microsoft.graph.deviceLogCollectionResponse/allOf/1/properties/size/oneOf/0 - The format double is not supported by Kiota for the type Null, Number and the string type will be used.
Warning: KiotaBuilder OpenAPI warning: #/components/schemas/microsoft.graph.deviceLogCollectionResponse/allOf/1/properties/sizeInKB/oneOf/0 - The format double is not supported by Kiota for the type Null, Number and the string type will be used.
Warning: KiotaBuilder OpenAPI warning: #/components/schemas/microsoft.graph.deviceManagementExchangeOnPremisesPolicy/allOf/1/properties/notificationContent - The format base64url is not supported by Kiota for the type Null, String and the string type will be used.
Warning: KiotaBuilder OpenAPI warning: #/components/schemas/microsoft.graph.deviceManagementIntegerSettingInstance/allOf/1/properties/value - The format int32 is not supported by Kiota for the type Null, Number and the string type will be used.
Warning: KiotaBuilder OpenAPI warning: #/components/schemas/microsoft.graph.deviceManagementPartner/allOf/1/properties/whenPartnerDevicesWillBeMarkedAsNonCompliantDateTime - The format date-time is not supported by Kiota for the type Null, String and the string type will be used.
Warning: KiotaBuilder OpenAPI warning: #/components/schemas/microsoft.graph.deviceManagementPartner/allOf/1/properties/whenPartnerDevicesWillBeRemovedDateTime - The format date-time is not supported by Kiota for the type Null, String and the string type will be used.
Warning: KiotaBuilder OpenAPI warning: #/components/schemas/microsoft.graph.deviceManagementResourceAccessProfileBase/allOf/1/properties/creationDateTime - The format date-time is not supported by Kiota for the type Null, String and the string type will be used.
Warning: KiotaBuilder OpenAPI warning: #/components/schemas/microsoft.graph.deviceManagementResourceAccessProfileBase/allOf/1/properties/lastModifiedDateTime - The format date-time is not supported by Kiota for the type Null, String and the string type will be used.
Warning: KiotaBuilder OpenAPI warning: #/components/schemas/microsoft.graph.deviceManagementScript/allOf/1/properties/scriptContent - The format base64url is not supported by Kiota for the type Null, String and the string type will be used.
Warning: KiotaBuilder OpenAPI warning: #/components/schemas/microsoft.graph.deviceShellScript/allOf/1/properties/scriptContent - The format base64url is not supported by Kiota for the type Null, String and the string type will be used.
Warning: KiotaBuilder OpenAPI warning: #/components/schemas/microsoft.graph.dimension/properties/lastModifiedDateTime - The format date-time is not supported by Kiota for the type Null, String and the string type will be used.
Warning: KiotaBuilder OpenAPI warning: #/components/schemas/microsoft.graph.dimensionValue/properties/lastModifiedDateTime - The format date-time is not supported by Kiota for the type Null, String and the string type will be used.
Warning: KiotaBuilder OpenAPI warning: #/components/schemas/microsoft.graph.directoryDefinition/allOf/1/properties/discoveryDateTime - The format date-time is not supported by Kiota for the type Null, String and the string type will be used.
Warning: KiotaBuilder OpenAPI warning: #/components/schemas/microsoft.graph.directoryObject/allOf/1/properties/deletedDateTime - The format date-time is not supported by Kiota for the type Null, String and the string type will be used.
Warning: KiotaBuilder OpenAPI warning: #/components/schemas/microsoft.graph.directoryObjectPartnerReference/allOf/1/properties/externalPartnerTenantId - The format uuid is not supported by Kiota for the type Null, String and the string type will be used.
Warning: KiotaBuilder OpenAPI warning: #/components/schemas/microsoft.graph.documentProcessingJob/allOf/1/properties/createdDateTime - The format date-time is not supported by Kiota for the type Null, String and the string type will be used.
Warning: KiotaBuilder OpenAPI warning: #/components/schemas/microsoft.graph.documentSetVersion/allOf/1/properties/createdDateTime - The format date-time is not supported by Kiota for the type Null, String and the string type will be used.
Warning: KiotaBuilder OpenAPI warning: #/components/schemas/microsoft.graph.domain/allOf/1/properties/passwordNotificationWindowInDays - The format int32 is not supported by Kiota for the type Null, Number and the string type will be used.
Warning: KiotaBuilder OpenAPI warning: #/components/schemas/microsoft.graph.domain/allOf/1/properties/passwordValidityPeriodInDays - The format int32 is not supported by Kiota for the type Null, Number and the string type will be used.
Warning: KiotaBuilder OpenAPI warning: #/components/schemas/microsoft.graph.domainDnsMxRecord/allOf/1/properties/preference - The format int32 is not supported by Kiota for the type Null, Number and the string type will be used.
Warning: KiotaBuilder OpenAPI warning: #/components/schemas/microsoft.graph.domainDnsSrvRecord/allOf/1/properties/port - The format int32 is not supported by Kiota for the type Null, Number and the string type will be used.
Warning: KiotaBuilder OpenAPI warning: #/components/schemas/microsoft.graph.domainDnsSrvRecord/allOf/1/properties/priority - The format int32 is not supported by Kiota for the type Null, Number and the string type will be used.
Warning: KiotaBuilder OpenAPI warning: #/components/schemas/microsoft.graph.domainDnsSrvRecord/allOf/1/properties/weight - The format int32 is not supported by Kiota for the type Null, Number and the string type will be used.
Warning: KiotaBuilder OpenAPI warning: #/components/schemas/microsoft.graph.domainSecurityProfile/allOf/1/properties/countHits - The format int32 is not supported by Kiota for the type Null, Number and the string type will be used.
Warning: KiotaBuilder OpenAPI warning: #/components/schemas/microsoft.graph.domainSecurityProfile/allOf/1/properties/countInOrg - The format int32 is not supported by Kiota for the type Null, Number and the string type will be used.
Warning: KiotaBuilder OpenAPI warning: #/components/schemas/microsoft.graph.domainSecurityProfile/allOf/1/properties/domainRegisteredDateTime - The format date-time is not supported by Kiota for the type Null, String and the string type will be used.
Warning: KiotaBuilder OpenAPI warning: #/components/schemas/microsoft.graph.domainSecurityProfile/allOf/1/properties/firstSeenDateTime - The format date-time is not supported by Kiota for the type Null, String and the string type will be used.
Warning: KiotaBuilder OpenAPI warning: #/components/schemas/microsoft.graph.domainSecurityProfile/allOf/1/properties/lastSeenDateTime - The format date-time is not supported by Kiota for the type Null, String and the string type will be used.
Warning: KiotaBuilder OpenAPI warning: #/components/schemas/microsoft.graph.driveItem/allOf/1/properties/content - The format base64url is not supported by Kiota for the type Null, String and the string type will be used.
Warning: KiotaBuilder OpenAPI warning: #/components/schemas/microsoft.graph.driveItem/allOf/1/properties/contentStream - The format base64url is not supported by Kiota for the type Null, String and the string type will be used.
Warning: KiotaBuilder OpenAPI warning: #/components/schemas/microsoft.graph.driveItem/allOf/1/properties/size - The format int64 is not supported by Kiota for the type Null, Number and the string type will be used.
Warning: KiotaBuilder OpenAPI warning: #/components/schemas/microsoft.graph.driveItemVersion/allOf/1/properties/content - The format base64url is not supported by Kiota for the type Null, String and the string type will be used.
Warning: KiotaBuilder OpenAPI warning: #/components/schemas/microsoft.graph.driveItemVersion/allOf/1/properties/size - The format int64 is not supported by Kiota for the type Null, Number and the string type will be used.
Warning: KiotaBuilder OpenAPI warning: #/components/schemas/microsoft.graph.educationalActivity/allOf/1/properties/completionMonthYear - The format date is not supported by Kiota for the type Null, String and the string type will be used.
Warning: KiotaBuilder OpenAPI warning: #/components/schemas/microsoft.graph.educationalActivity/allOf/1/properties/endMonthYear - The format date is not supported by Kiota for the type Null, String and the string type will be used.
Warning: KiotaBuilder OpenAPI warning: #/components/schemas/microsoft.graph.educationalActivity/allOf/1/properties/startMonthYear - The format date is not supported by Kiota for the type Null, String and the string type will be used.
Warning: KiotaBuilder OpenAPI warning: #/components/schemas/microsoft.graph.educationAssignment/allOf/1/properties/assignDateTime - The format date-time is not supported by Kiota for the type Null, String and the string type will be used.
Warning: KiotaBuilder OpenAPI warning: #/components/schemas/microsoft.graph.educationAssignment/allOf/1/properties/assignedDateTime - The format date-time is not supported by Kiota for the type Null, String and the string type will be used.
Warning: KiotaBuilder OpenAPI warning: #/components/schemas/microsoft.graph.educationAssignment/allOf/1/properties/closeDateTime - The format date-time is not supported by Kiota for the type Null, String and the string type will be used.
Warning: KiotaBuilder OpenAPI warning: #/components/schemas/microsoft.graph.educationAssignment/allOf/1/properties/createdDateTime - The format date-time is not supported by Kiota for the type Null, String and the string type will be used.
Warning: KiotaBuilder OpenAPI warning: #/components/schemas/microsoft.graph.educationAssignment/allOf/1/properties/dueDateTime - The format date-time is not supported by Kiota for the type Null, String and the string type will be used.
Warning: KiotaBuilder OpenAPI warning: #/components/schemas/microsoft.graph.educationAssignment/allOf/1/properties/lastModifiedDateTime - The format date-time is not supported by Kiota for the type Null, String and the string type will be used.
Warning: KiotaBuilder OpenAPI warning: #/components/schemas/microsoft.graph.educationAssignmentDefaults/allOf/1/properties/dueTime - The format time is not supported by Kiota for the type Null, String and the string type will be used.
Warning: KiotaBuilder OpenAPI warning: #/components/schemas/microsoft.graph.educationModule/allOf/1/properties/createdDateTime - The format date-time is not supported by Kiota for the type Null, String and the string type will be used.
Warning: KiotaBuilder OpenAPI warning: #/components/schemas/microsoft.graph.educationModule/allOf/1/properties/lastModifiedDateTime - The format date-time is not supported by Kiota for the type Null, String and the string type will be used.
Warning: KiotaBuilder OpenAPI warning: #/components/schemas/microsoft.graph.educationOutcome/allOf/1/properties/lastModifiedDateTime - The format date-time is not supported by Kiota for the type Null, String and the string type will be used.
Warning: KiotaBuilder OpenAPI warning: #/components/schemas/microsoft.graph.educationRubric/allOf/1/properties/createdDateTime - The format date-time is not supported by Kiota for the type Null, String and the string type will be used.
Warning: KiotaBuilder OpenAPI warning: #/components/schemas/microsoft.graph.educationRubric/allOf/1/properties/lastModifiedDateTime - The format date-time is not supported by Kiota for the type Null, String and the string type will be used.
Warning: KiotaBuilder OpenAPI warning: #/components/schemas/microsoft.graph.educationSubmission/allOf/1/properties/excusedDateTime - The format date-time is not supported by Kiota for the type Null, String and the string type will be used.
Warning: KiotaBuilder OpenAPI warning: #/components/schemas/microsoft.graph.educationSubmission/allOf/1/properties/lastModifiedDateTime - The format date-time is not supported by Kiota for the type Null, String and the string type will be used.
Warning: KiotaBuilder OpenAPI warning: #/components/schemas/microsoft.graph.educationSubmission/allOf/1/properties/reassignedDateTime - The format date-time is not supported by Kiota for the type Null, String and the string type will be used.
Warning: KiotaBuilder OpenAPI warning: #/components/schemas/microsoft.graph.educationSubmission/allOf/1/properties/returnedDateTime - The format date-time is not supported by Kiota for the type Null, String and the string type will be used.
Warning: KiotaBuilder OpenAPI warning: #/components/schemas/microsoft.graph.educationSubmission/allOf/1/properties/submittedDateTime - The format date-time is not supported by Kiota for the type Null, String and the string type will be used.
Warning: KiotaBuilder OpenAPI warning: #/components/schemas/microsoft.graph.educationSubmission/allOf/1/properties/unsubmittedDateTime - The format date-time is not supported by Kiota for the type Null, String and the string type will be used.
Warning: KiotaBuilder OpenAPI warning: #/components/schemas/microsoft.graph.educationUser/allOf/1/properties/refreshTokensValidFromDateTime - The format date-time is not supported by Kiota for the type Null, String and the string type will be used.
Warning: KiotaBuilder OpenAPI warning: #/components/schemas/microsoft.graph.embeddedSIMDeviceState/allOf/1/properties/lastSyncDateTime - The format date-time is not supported by Kiota for the type Null, String and the string type will be used.
Warning: KiotaBuilder OpenAPI warning: #/components/schemas/microsoft.graph.employee/properties/birthDate - The format date is not supported by Kiota for the type Null, String and the string type will be used.
Warning: KiotaBuilder OpenAPI warning: #/components/schemas/microsoft.graph.employee/properties/employmentDate - The format date is not supported by Kiota for the type Null, String and the string type will be used.
Warning: KiotaBuilder OpenAPI warning: #/components/schemas/microsoft.graph.employee/properties/lastModifiedDateTime - The format date-time is not supported by Kiota for the type Null, String and the string type will be used.
Warning: KiotaBuilder OpenAPI warning: #/components/schemas/microsoft.graph.employee/properties/terminationDate - The format date is not supported by Kiota for the type Null, String and the string type will be used.
Warning: KiotaBuilder OpenAPI warning: #/components/schemas/microsoft.graph.endUserNotification/allOf/1/properties/createdDateTime - The format date-time is not supported by Kiota for the type Null, String and the string type will be used.
Warning: KiotaBuilder OpenAPI warning: #/components/schemas/microsoft.graph.endUserNotification/allOf/1/properties/lastModifiedDateTime - The format date-time is not supported by Kiota for the type Null, String and the string type will be used.
Warning: KiotaBuilder OpenAPI warning: #/components/schemas/microsoft.graph.enrollmentRestrictionsConfigurationPolicySetItem/allOf/1/properties/limit - The format int32 is not supported by Kiota for the type Null, Number and the string type will be used.
Warning: KiotaBuilder OpenAPI warning: #/components/schemas/microsoft.graph.enrollmentRestrictionsConfigurationPolicySetItem/allOf/1/properties/priority - The format int32 is not supported by Kiota for the type Null, Number and the string type will be used.
Warning: KiotaBuilder OpenAPI warning: #/components/schemas/microsoft.graph.enterpriseCodeSigningCertificate/allOf/1/properties/content - The format base64url is not supported by Kiota for the type Null, String and the string type will be used.
Warning: KiotaBuilder OpenAPI warning: #/components/schemas/microsoft.graph.entitlementManagementSettings/allOf/1/properties/daysUntilExternalUserDeletedAfterBlocked - The format int32 is not supported by Kiota for the type Null, Number and the string type will be used.
Warning: KiotaBuilder OpenAPI warning: #/components/schemas/microsoft.graph.event/allOf/1/properties/originalStart - The format date-time is not supported by Kiota for the type Null, String and the string type will be used.
Warning: KiotaBuilder OpenAPI warning: #/components/schemas/microsoft.graph.event/allOf/1/properties/reminderMinutesBeforeStart - The format int32 is not supported by Kiota for the type Null, Number and the string type will be used.
Warning: KiotaBuilder OpenAPI warning: #/components/schemas/microsoft.graph.exactMatchDataStoreBase/allOf/1/properties/dataLastUpdatedDateTime - The format date-time is not supported by Kiota for the type Null, String and the string type will be used.
Warning: KiotaBuilder OpenAPI warning: #/components/schemas/microsoft.graph.exactMatchJobBase/allOf/1/properties/completionDateTime - The format date-time is not supported by Kiota for the type Null, String and the string type will be used.
Warning: KiotaBuilder OpenAPI warning: #/components/schemas/microsoft.graph.exactMatchJobBase/allOf/1/properties/creationDateTime - The format date-time is not supported by Kiota for the type Null, String and the string type will be used.
Warning: KiotaBuilder OpenAPI warning: #/components/schemas/microsoft.graph.exactMatchJobBase/allOf/1/properties/lastUpdatedDateTime - The format date-time is not supported by Kiota for the type Null, String and the string type will be used.
Warning: KiotaBuilder OpenAPI warning: #/components/schemas/microsoft.graph.exactMatchJobBase/allOf/1/properties/startDateTime - The format date-time is not supported by Kiota for the type Null, String and the string type will be used.
Warning: KiotaBuilder OpenAPI warning: #/components/schemas/microsoft.graph.exactMatchSession/allOf/1/properties/rowsPerBlock - The format int32 is not supported by Kiota for the type Null, Number and the string type will be used.
Warning: KiotaBuilder OpenAPI warning: #/components/schemas/microsoft.graph.exactMatchSessionBase/allOf/1/properties/processingCompletionDateTime - The format date-time is not supported by Kiota for the type Null, String and the string type will be used.
Warning: KiotaBuilder OpenAPI warning: #/components/schemas/microsoft.graph.exactMatchSessionBase/allOf/1/properties/remainingBlockCount - The format int32 is not supported by Kiota for the type Null, Number and the string type will be used.
Warning: KiotaBuilder OpenAPI warning: #/components/schemas/microsoft.graph.exactMatchSessionBase/allOf/1/properties/remainingJobCount - The format int32 is not supported by Kiota for the type Null, Number and the string type will be used.
Warning: KiotaBuilder OpenAPI warning: #/components/schemas/microsoft.graph.exactMatchSessionBase/allOf/1/properties/totalBlockCount - The format int32 is not supported by Kiota for the type Null, Number and the string type will be used.
Warning: KiotaBuilder OpenAPI warning: #/components/schemas/microsoft.graph.exactMatchSessionBase/allOf/1/properties/totalJobCount - The format int32 is not supported by Kiota for the type Null, Number and the string type will be used.
Warning: KiotaBuilder OpenAPI warning: #/components/schemas/microsoft.graph.exactMatchSessionBase/allOf/1/properties/uploadCompletionDateTime - The format date-time is not supported by Kiota for the type Null, String and the string type will be used.
Warning: KiotaBuilder OpenAPI warning: #/components/schemas/microsoft.graph.exactMatchUploadAgent/allOf/1/properties/creationDateTime - The format date-time is not supported by Kiota for the type Null, String and the string type will be used.
Warning: KiotaBuilder OpenAPI warning: #/components/schemas/microsoft.graph.externalProfile/allOf/1/properties/createdDateTime - The format date-time is not supported by Kiota for the type Null, String and the string type will be used.
Warning: KiotaBuilder OpenAPI warning: #/components/schemas/microsoft.graph.fileAttachment/allOf/1/properties/contentBytes - The format base64url is not supported by Kiota for the type Null, String and the string type will be used.
Warning: KiotaBuilder OpenAPI warning: #/components/schemas/microsoft.graph.fileClassificationRequest/allOf/1/properties/file - The format base64url is not supported by Kiota for the type Null, String and the string type will be used.
Warning: KiotaBuilder OpenAPI warning: #/components/schemas/microsoft.graph.fileSecurityProfile/allOf/1/properties/firstSeenDateTime - The format date-time is not supported by Kiota for the type Null, String and the string type will be used.
Warning: KiotaBuilder OpenAPI warning: #/components/schemas/microsoft.graph.fileSecurityProfile/allOf/1/properties/lastSeenDateTime - The format date-time is not supported by Kiota for the type Null, String and the string type will be used.
Warning: KiotaBuilder OpenAPI warning: #/components/schemas/microsoft.graph.fileSecurityProfile/allOf/1/properties/size - The format int64 is not supported by Kiota for the type Null, Number and the string type will be used.
Warning: KiotaBuilder OpenAPI warning: #/components/schemas/microsoft.graph.fileStorageContainer/allOf/1/properties/externalGroupId - The format uuid is not supported by Kiota for the type Null, String and the string type will be used.
Warning: KiotaBuilder OpenAPI warning: #/components/schemas/microsoft.graph.fileStorageContainer/allOf/1/properties/itemMajorVersionLimit - The format int32 is not supported by Kiota for the type Null, Number and the string type will be used.
Warning: KiotaBuilder OpenAPI warning: #/components/schemas/microsoft.graph.fileStorageContainer/allOf/1/properties/storageUsedInBytes - The format int64 is not supported by Kiota for the type Null, Number and the string type will be used.
Warning: KiotaBuilder OpenAPI warning: #/components/schemas/microsoft.graph.generalLedgerEntry/properties/accountId - The format uuid is not supported by Kiota for the type Null, String and the string type will be used.
Warning: KiotaBuilder OpenAPI warning: #/components/schemas/microsoft.graph.generalLedgerEntry/properties/creditAmount - The format decimal is not supported by Kiota for the type Null, Number and the string type will be used.
Warning: KiotaBuilder OpenAPI warning: #/components/schemas/microsoft.graph.generalLedgerEntry/properties/debitAmount - The format decimal is not supported by Kiota for the type Null, Number and the string type will be used.
Warning: KiotaBuilder OpenAPI warning: #/components/schemas/microsoft.graph.generalLedgerEntry/properties/lastModifiedDateTime - The format date-time is not supported by Kiota for the type Null, String and the string type will be used.
Warning: KiotaBuilder OpenAPI warning: #/components/schemas/microsoft.graph.generalLedgerEntry/properties/postingDate - The format date is not supported by Kiota for the type Null, String and the string type will be used.
Warning: KiotaBuilder OpenAPI warning: #/components/schemas/microsoft.graph.goalsExportJob/allOf/1/properties/content - The format base64url is not supported by Kiota for the type Null, String and the string type will be used.
Warning: KiotaBuilder OpenAPI warning: #/components/schemas/microsoft.graph.goalsExportJob/allOf/1/properties/expirationDateTime - The format date-time is not supported by Kiota for the type Null, String and the string type will be used.
Warning: KiotaBuilder OpenAPI warning: #/components/schemas/microsoft.graph.governanceInsight/allOf/1/properties/insightCreatedDateTime - The format date-time is not supported by Kiota for the type Null, String and the string type will be used.
Warning: KiotaBuilder OpenAPI warning: #/components/schemas/microsoft.graph.governanceResource/allOf/1/properties/registeredDateTime - The format date-time is not supported by Kiota for the type Null, String and the string type will be used.
Warning: KiotaBuilder OpenAPI warning: #/components/schemas/microsoft.graph.governanceRoleAssignment/allOf/1/properties/endDateTime - The format date-time is not supported by Kiota for the type Null, String and the string type will be used.
Warning: KiotaBuilder OpenAPI warning: #/components/schemas/microsoft.graph.governanceRoleAssignment/allOf/1/properties/startDateTime - The format date-time is not supported by Kiota for the type Null, String and the string type will be used.
Warning: KiotaBuilder OpenAPI warning: #/components/schemas/microsoft.graph.governanceRoleAssignmentRequest/allOf/1/properties/requestedDateTime - The format date-time is not supported by Kiota for the type Null, String and the string type will be used.
Warning: KiotaBuilder OpenAPI warning: #/components/schemas/microsoft.graph.governanceRoleSetting/allOf/1/properties/lastUpdatedDateTime - The format date-time is not supported by Kiota for the type Null, String and the string type will be used.
Warning: KiotaBuilder OpenAPI warning: #/components/schemas/microsoft.graph.granularMailboxRestoreArtifact/allOf/1/properties/artifactCount - The format int32 is not supported by Kiota for the type Null, Number and the string type will be used.
Warning: KiotaBuilder OpenAPI warning: #/components/schemas/microsoft.graph.group/allOf/1/properties/createdDateTime - The format date-time is not supported by Kiota for the type Null, String and the string type will be used.
Warning: KiotaBuilder OpenAPI warning: #/components/schemas/microsoft.graph.group/allOf/1/properties/expirationDateTime - The format date-time is not supported by Kiota for the type Null, String and the string type will be used.
Warning: KiotaBuilder OpenAPI warning: #/components/schemas/microsoft.graph.group/allOf/1/properties/onPremisesLastSyncDateTime - The format date-time is not supported by Kiota for the type Null, String and the string type will be used.
Warning: KiotaBuilder OpenAPI warning: #/components/schemas/microsoft.graph.group/allOf/1/properties/renewedDateTime - The format date-time is not supported by Kiota for the type Null, String and the string type will be used.
Warning: KiotaBuilder OpenAPI warning: #/components/schemas/microsoft.graph.group/allOf/1/properties/unseenConversationsCount - The format int32 is not supported by Kiota for the type Null, Number and the string type will be used.
Warning: KiotaBuilder OpenAPI warning: #/components/schemas/microsoft.graph.group/allOf/1/properties/unseenCount - The format int32 is not supported by Kiota for the type Null, Number and the string type will be used.
Warning: KiotaBuilder OpenAPI warning: #/components/schemas/microsoft.graph.group/allOf/1/properties/unseenMessagesCount - The format int32 is not supported by Kiota for the type Null, Number and the string type will be used.
Warning: KiotaBuilder OpenAPI warning: #/components/schemas/microsoft.graph.groupLifecyclePolicy/allOf/1/properties/groupLifetimeInDays - The format int32 is not supported by Kiota for the type Null, Number and the string type will be used.
Warning: KiotaBuilder OpenAPI warning: #/components/schemas/microsoft.graph.groupPolicyUploadedDefinitionFile/allOf/1/properties/content - The format base64url is not supported by Kiota for the type Null, String and the string type will be used.
Warning: KiotaBuilder OpenAPI warning: #/components/schemas/microsoft.graph.hardwareConfigurationRunSummary/allOf/1/properties/lastRunDateTime - The format date-time is not supported by Kiota for the type Null, String and the string type will be used.
Warning: KiotaBuilder OpenAPI warning: #/components/schemas/microsoft.graph.horizontalSectionColumn/allOf/1/properties/width - The format int32 is not supported by Kiota for the type Null, Number and the string type will be used.
Warning: KiotaBuilder OpenAPI warning: #/components/schemas/microsoft.graph.hostSecurityProfile/allOf/1/properties/firstSeenDateTime - The format date-time is not supported by Kiota for the type Null, String and the string type will be used.
Warning: KiotaBuilder OpenAPI warning: #/components/schemas/microsoft.graph.hostSecurityProfile/allOf/1/properties/lastSeenDateTime - The format date-time is not supported by Kiota for the type Null, String and the string type will be used.
Warning: KiotaBuilder OpenAPI warning: #/components/schemas/microsoft.graph.identityUserFlow/allOf/1/properties/userFlowTypeVersion/oneOf/0 - The format float is not supported by Kiota for the type Null, Number and the string type will be used.
Warning: KiotaBuilder OpenAPI warning: #/components/schemas/microsoft.graph.impactedResource/allOf/1/properties/postponeUntilDateTime - The format date-time is not supported by Kiota for the type Null, String and the string type will be used.
Warning: KiotaBuilder OpenAPI warning: #/components/schemas/microsoft.graph.impactedResource/allOf/1/properties/rank - The format int32 is not supported by Kiota for the type Null, Number and the string type will be used.
Warning: KiotaBuilder OpenAPI warning: #/components/schemas/microsoft.graph.importedAppleDeviceIdentity/allOf/1/properties/requestedEnrollmentProfileAssignmentDateTime - The format date-time is not supported by Kiota for the type Null, String and the string type will be used.
Warning: KiotaBuilder OpenAPI warning: #/components/schemas/microsoft.graph.importedWindowsAutopilotDeviceIdentity/allOf/1/properties/hardwareIdentifier - The format base64url is not supported by Kiota for the type Null, String and the string type will be used.
Warning: KiotaBuilder OpenAPI warning: #/components/schemas/microsoft.graph.inactiveUsersByApplicationMetricBase/allOf/1/properties/inactive30DayCount - The format int64 is not supported by Kiota for the type Null, Number and the string type will be used.
Warning: KiotaBuilder OpenAPI warning: #/components/schemas/microsoft.graph.inactiveUsersByApplicationMetricBase/allOf/1/properties/inactive60DayCount - The format int64 is not supported by Kiota for the type Null, Number and the string type will be used.
Warning: KiotaBuilder OpenAPI warning: #/components/schemas/microsoft.graph.inactiveUsersByApplicationMetricBase/allOf/1/properties/inactive90DayCount - The format int64 is not supported by Kiota for the type Null, Number and the string type will be used.
Warning: KiotaBuilder OpenAPI warning: #/components/schemas/microsoft.graph.inactiveUsersMetricBase/allOf/1/properties/inactive30DayCount - The format int64 is not supported by Kiota for the type Null, Number and the string type will be used.
Warning: KiotaBuilder OpenAPI warning: #/components/schemas/microsoft.graph.inactiveUsersMetricBase/allOf/1/properties/inactive60DayCount - The format int64 is not supported by Kiota for the type Null, Number and the string type will be used.
Warning: KiotaBuilder OpenAPI warning: #/components/schemas/microsoft.graph.inactiveUsersMetricBase/allOf/1/properties/inactive90DayCount - The format int64 is not supported by Kiota for the type Null, Number and the string type will be used.
Warning: KiotaBuilder OpenAPI warning: #/components/schemas/microsoft.graph.iosCompliancePolicy/allOf/1/properties/passcodeExpirationDays - The format int32 is not supported by Kiota for the type Null, Number and the string type will be used.
Warning: KiotaBuilder OpenAPI warning: #/components/schemas/microsoft.graph.iosCompliancePolicy/allOf/1/properties/passcodeMinimumCharacterSetCount - The format int32 is not supported by Kiota for the type Null, Number and the string type will be used.
Warning: KiotaBuilder OpenAPI warning: #/components/schemas/microsoft.graph.iosCompliancePolicy/allOf/1/properties/passcodeMinimumLength - The format int32 is not supported by Kiota for the type Null, Number and the string type will be used.
Warning: KiotaBuilder OpenAPI warning: #/components/schemas/microsoft.graph.iosCompliancePolicy/allOf/1/properties/passcodeMinutesOfInactivityBeforeLock - The format int32 is not supported by Kiota for the type Null, Number and the string type will be used.
Warning: KiotaBuilder OpenAPI warning: #/components/schemas/microsoft.graph.iosCompliancePolicy/allOf/1/properties/passcodeMinutesOfInactivityBeforeScreenTimeout - The format int32 is not supported by Kiota for the type Null, Number and the string type will be used.
Warning: KiotaBuilder OpenAPI warning: #/components/schemas/microsoft.graph.iosCompliancePolicy/allOf/1/properties/passcodePreviousPasscodeBlockCount - The format int32 is not supported by Kiota for the type Null, Number and the string type will be used.
Warning: KiotaBuilder OpenAPI warning: #/components/schemas/microsoft.graph.iosDeviceFeaturesConfiguration/allOf/1/properties/homeScreenGridHeight - The format int32 is not supported by Kiota for the type Null, Number and the string type will be used.
Warning: KiotaBuilder OpenAPI warning: #/components/schemas/microsoft.graph.iosDeviceFeaturesConfiguration/allOf/1/properties/homeScreenGridWidth - The format int32 is not supported by Kiota for the type Null, Number and the string type will be used.
Warning: KiotaBuilder OpenAPI warning: #/components/schemas/microsoft.graph.iosGeneralDeviceConfiguration/allOf/1/properties/passcodeExpirationDays - The format int32 is not supported by Kiota for the type Null, Number and the string type will be used.
Warning: KiotaBuilder OpenAPI warning: #/components/schemas/microsoft.graph.iosGeneralDeviceConfiguration/allOf/1/properties/passcodeMinimumCharacterSetCount - The format int32 is not supported by Kiota for the type Null, Number and the string type will be used.
Warning: KiotaBuilder OpenAPI warning: #/components/schemas/microsoft.graph.iosGeneralDeviceConfiguration/allOf/1/properties/passcodeMinimumLength - The format int32 is not supported by Kiota for the type Null, Number and the string type will be used.
Warning: KiotaBuilder OpenAPI warning: #/components/schemas/microsoft.graph.iosGeneralDeviceConfiguration/allOf/1/properties/passcodeMinutesOfInactivityBeforeLock - The format int32 is not supported by Kiota for the type Null, Number and the string type will be used.
Warning: KiotaBuilder OpenAPI warning: #/components/schemas/microsoft.graph.iosGeneralDeviceConfiguration/allOf/1/properties/passcodeMinutesOfInactivityBeforeScreenTimeout - The format int32 is not supported by Kiota for the type Null, Number and the string type will be used.
Warning: KiotaBuilder OpenAPI warning: #/components/schemas/microsoft.graph.iosGeneralDeviceConfiguration/allOf/1/properties/passcodePreviousPasscodeBlockCount - The format int32 is not supported by Kiota for the type Null, Number and the string type will be used.
Warning: KiotaBuilder OpenAPI warning: #/components/schemas/microsoft.graph.iosGeneralDeviceConfiguration/allOf/1/properties/passcodeSignInFailureCountBeforeWipe - The format int32 is not supported by Kiota for the type Null, Number and the string type will be used.
Warning: KiotaBuilder OpenAPI warning: #/components/schemas/microsoft.graph.iosGeneralDeviceConfiguration/allOf/1/properties/softwareUpdatesEnforcedDelayInDays - The format int32 is not supported by Kiota for the type Null, Number and the string type will be used.
Warning: KiotaBuilder OpenAPI warning: #/components/schemas/microsoft.graph.iosikEv2VpnConfiguration/allOf/1/properties/mtuSizeInBytes - The format int32 is not supported by Kiota for the type Null, Number and the string type will be used.
Warning: KiotaBuilder OpenAPI warning: #/components/schemas/microsoft.graph.iosLobApp/allOf/1/properties/expirationDateTime - The format date-time is not supported by Kiota for the type Null, String and the string type will be used.
Warning: KiotaBuilder OpenAPI warning: #/components/schemas/microsoft.graph.iosLobAppProvisioningConfiguration/allOf/1/properties/expirationDateTime - The format date-time is not supported by Kiota for the type Null, String and the string type will be used.
Warning: KiotaBuilder OpenAPI warning: #/components/schemas/microsoft.graph.iosMobileAppConfiguration/allOf/1/properties/encodedSettingXml - The format base64url is not supported by Kiota for the type Null, String and the string type will be used.
Warning: KiotaBuilder OpenAPI warning: #/components/schemas/microsoft.graph.iosUpdateConfiguration/allOf/1/properties/enforcedSoftwareUpdateDelayInDays - The format int32 is not supported by Kiota for the type Null, Number and the string type will be used.
Warning: KiotaBuilder OpenAPI warning: #/components/schemas/microsoft.graph.iosUpdateConfiguration/allOf/1/properties/utcTimeOffsetInMinutes - The format int32 is not supported by Kiota for the type Null, Number and the string type will be used.
Warning: KiotaBuilder OpenAPI warning: #/components/schemas/microsoft.graph.iosVppApp/allOf/1/properties/releaseDateTime - The format date-time is not supported by Kiota for the type Null, String and the string type will be used.
Warning: KiotaBuilder OpenAPI warning: #/components/schemas/microsoft.graph.iosWiFiConfiguration/allOf/1/properties/proxyManualPort - The format int32 is not supported by Kiota for the type Null, Number and the string type will be used.
Warning: KiotaBuilder OpenAPI warning: #/components/schemas/microsoft.graph.ipApplicationSegment/allOf/1/properties/port - The format int32 is not supported by Kiota for the type Null, Number and the string type will be used.
Warning: KiotaBuilder OpenAPI warning: #/components/schemas/microsoft.graph.ipSecurityProfile/allOf/1/properties/countHits - The format int32 is not supported by Kiota for the type Null, Number and the string type will be used.
Warning: KiotaBuilder OpenAPI warning: #/components/schemas/microsoft.graph.ipSecurityProfile/allOf/1/properties/countHosts - The format int32 is not supported by Kiota for the type Null, Number and the string type will be used.
Warning: KiotaBuilder OpenAPI warning: #/components/schemas/microsoft.graph.ipSecurityProfile/allOf/1/properties/firstSeenDateTime - The format date-time is not supported by Kiota for the type Null, String and the string type will be used.
Warning: KiotaBuilder OpenAPI warning: #/components/schemas/microsoft.graph.ipSecurityProfile/allOf/1/properties/lastSeenDateTime - The format date-time is not supported by Kiota for the type Null, String and the string type will be used.
Warning: KiotaBuilder OpenAPI warning: #/components/schemas/microsoft.graph.item/properties/baseUnitOfMeasureId - The format uuid is not supported by Kiota for the type Null, String and the string type will be used.
Warning: KiotaBuilder OpenAPI warning: #/components/schemas/microsoft.graph.item/properties/inventory - The format decimal is not supported by Kiota for the type Null, Number and the string type will be used.
Warning: KiotaBuilder OpenAPI warning: #/components/schemas/microsoft.graph.item/properties/itemCategoryId - The format uuid is not supported by Kiota for the type Null, String and the string type will be used.
Warning: KiotaBuilder OpenAPI warning: #/components/schemas/microsoft.graph.item/properties/lastModifiedDateTime - The format date-time is not supported by Kiota for the type Null, String and the string type will be used.
Warning: KiotaBuilder OpenAPI warning: #/components/schemas/microsoft.graph.item/properties/taxGroupId - The format uuid is not supported by Kiota for the type Null, String and the string type will be used.
Warning: KiotaBuilder OpenAPI warning: #/components/schemas/microsoft.graph.item/properties/unitCost - The format decimal is not supported by Kiota for the type Null, Number and the string type will be used.
Warning: KiotaBuilder OpenAPI warning: #/components/schemas/microsoft.graph.item/properties/unitPrice - The format decimal is not supported by Kiota for the type Null, Number and the string type will be used.
Warning: KiotaBuilder OpenAPI warning: #/components/schemas/microsoft.graph.itemActivity/allOf/1/properties/activityDateTime - The format date-time is not supported by Kiota for the type Null, String and the string type will be used.
Warning: KiotaBuilder OpenAPI warning: #/components/schemas/microsoft.graph.itemActivityStat/allOf/1/properties/endDateTime - The format date-time is not supported by Kiota for the type Null, String and the string type will be used.
Warning: KiotaBuilder OpenAPI warning: #/components/schemas/microsoft.graph.itemActivityStat/allOf/1/properties/startDateTime - The format date-time is not supported by Kiota for the type Null, String and the string type will be used.
Warning: KiotaBuilder OpenAPI warning: #/components/schemas/microsoft.graph.itemCategory/properties/lastModifiedDateTime - The format date-time is not supported by Kiota for the type Null, String and the string type will be used.
Warning: KiotaBuilder OpenAPI warning: #/components/schemas/microsoft.graph.itemPatent/allOf/1/properties/issuedDate - The format date is not supported by Kiota for the type Null, String and the string type will be used.
Warning: KiotaBuilder OpenAPI warning: #/components/schemas/microsoft.graph.itemPublication/allOf/1/properties/publishedDate - The format date is not supported by Kiota for the type Null, String and the string type will be used.
Warning: KiotaBuilder OpenAPI warning: #/components/schemas/microsoft.graph.itemRetentionLabel/allOf/1/properties/labelAppliedDateTime - The format date-time is not supported by Kiota for the type Null, String and the string type will be used.
Warning: KiotaBuilder OpenAPI warning: #/components/schemas/microsoft.graph.jobResponseBase/allOf/1/properties/creationDateTime - The format date-time is not supported by Kiota for the type Null, String and the string type will be used.
Warning: KiotaBuilder OpenAPI warning: #/components/schemas/microsoft.graph.jobResponseBase/allOf/1/properties/endDateTime - The format date-time is not supported by Kiota for the type Null, String and the string type will be used.
Warning: KiotaBuilder OpenAPI warning: #/components/schemas/microsoft.graph.jobResponseBase/allOf/1/properties/startDateTime - The format date-time is not supported by Kiota for the type Null, String and the string type will be used.
Warning: KiotaBuilder OpenAPI warning: #/components/schemas/microsoft.graph.journal/properties/balancingAccountId - The format uuid is not supported by Kiota for the type Null, String and the string type will be used.
Warning: KiotaBuilder OpenAPI warning: #/components/schemas/microsoft.graph.journal/properties/lastModifiedDateTime - The format date-time is not supported by Kiota for the type Null, String and the string type will be used.
Warning: KiotaBuilder OpenAPI warning: #/components/schemas/microsoft.graph.journalLine/properties/accountId - The format uuid is not supported by Kiota for the type Null, String and the string type will be used.
Warning: KiotaBuilder OpenAPI warning: #/components/schemas/microsoft.graph.journalLine/properties/amount - The format decimal is not supported by Kiota for the type Null, Number and the string type will be used.
Warning: KiotaBuilder OpenAPI warning: #/components/schemas/microsoft.graph.journalLine/properties/lastModifiedDateTime - The format date-time is not supported by Kiota for the type Null, String and the string type will be used.
Warning: KiotaBuilder OpenAPI warning: #/components/schemas/microsoft.graph.journalLine/properties/lineNumber - The format int32 is not supported by Kiota for the type Null, Number and the string type will be used.
Warning: KiotaBuilder OpenAPI warning: #/components/schemas/microsoft.graph.journalLine/properties/postingDate - The format date is not supported by Kiota for the type Null, String and the string type will be used.
Warning: KiotaBuilder OpenAPI warning: #/components/schemas/microsoft.graph.keyCredentialConfiguration/properties/maxLifetime - The format duration is not supported by Kiota for the type Null, String and the string type will be used.
Warning: KiotaBuilder OpenAPI warning: #/components/schemas/microsoft.graph.keyCredentialConfiguration/properties/restrictForAppsCreatedAfterDateTime - The format date-time is not supported by Kiota for the type Null, String and the string type will be used.
Warning: KiotaBuilder OpenAPI warning: #/components/schemas/microsoft.graph.landingPage/allOf/1/properties/createdDateTime - The format date-time is not supported by Kiota for the type Null, String and the string type will be used.
Warning: KiotaBuilder OpenAPI warning: #/components/schemas/microsoft.graph.landingPage/allOf/1/properties/lastModifiedDateTime - The format date-time is not supported by Kiota for the type Null, String and the string type will be used.
Warning: KiotaBuilder OpenAPI warning: #/components/schemas/microsoft.graph.learningAssignment/allOf/1/properties/assignedDateTime - The format date-time is not supported by Kiota for the type Null, String and the string type will be used.
Warning: KiotaBuilder OpenAPI warning: #/components/schemas/microsoft.graph.learningContent/allOf/1/properties/createdDateTime - The format date-time is not supported by Kiota for the type Null, String and the string type will be used.
Warning: KiotaBuilder OpenAPI warning: #/components/schemas/microsoft.graph.learningContent/allOf/1/properties/duration - The format duration is not supported by Kiota for the type Null, String and the string type will be used.
Warning: KiotaBuilder OpenAPI warning: #/components/schemas/microsoft.graph.learningContent/allOf/1/properties/lastModifiedDateTime - The format date-time is not supported by Kiota for the type Null, String and the string type will be used.
Warning: KiotaBuilder OpenAPI warning: #/components/schemas/microsoft.graph.learningContent/allOf/1/properties/numberOfPages - The format int32 is not supported by Kiota for the type Null, Number and the string type will be used.
Warning: KiotaBuilder OpenAPI warning: #/components/schemas/microsoft.graph.learningCourseActivity/allOf/1/properties/completedDateTime - The format date-time is not supported by Kiota for the type Null, String and the string type will be used.
Warning: KiotaBuilder OpenAPI warning: #/components/schemas/microsoft.graph.learningCourseActivity/allOf/1/properties/completionPercentage - The format int32 is not supported by Kiota for the type Null, Number and the string type will be used.
Warning: KiotaBuilder OpenAPI warning: #/components/schemas/microsoft.graph.learningSelfInitiatedCourse/allOf/1/properties/startedDateTime - The format date-time is not supported by Kiota for the type Null, String and the string type will be used.
Warning: KiotaBuilder OpenAPI warning: #/components/schemas/microsoft.graph.licenseDetails/allOf/1/properties/skuId - The format uuid is not supported by Kiota for the type Null, String and the string type will be used.
Warning: KiotaBuilder OpenAPI warning: #/components/schemas/microsoft.graph.loginPage/allOf/1/properties/createdDateTime - The format date-time is not supported by Kiota for the type Null, String and the string type will be used.
Warning: KiotaBuilder OpenAPI warning: #/components/schemas/microsoft.graph.loginPage/allOf/1/properties/lastModifiedDateTime - The format date-time is not supported by Kiota for the type Null, String and the string type will be used.
Warning: KiotaBuilder OpenAPI warning: #/components/schemas/microsoft.graph.longRunningOperation/allOf/1/properties/createdDateTime - The format date-time is not supported by Kiota for the type Null, String and the string type will be used.
Warning: KiotaBuilder OpenAPI warning: #/components/schemas/microsoft.graph.longRunningOperation/allOf/1/properties/lastActionDateTime - The format date-time is not supported by Kiota for the type Null, String and the string type will be used.
Warning: KiotaBuilder OpenAPI warning: #/components/schemas/microsoft.graph.macOSCompliancePolicy/allOf/1/properties/passwordExpirationDays - The format int32 is not supported by Kiota for the type Null, Number and the string type will be used.
Warning: KiotaBuilder OpenAPI warning: #/components/schemas/microsoft.graph.macOSCompliancePolicy/allOf/1/properties/passwordMinimumCharacterSetCount - The format int32 is not supported by Kiota for the type Null, Number and the string type will be used.
Warning: KiotaBuilder OpenAPI warning: #/components/schemas/microsoft.graph.macOSCompliancePolicy/allOf/1/properties/passwordMinimumLength - The format int32 is not supported by Kiota for the type Null, Number and the string type will be used.
Warning: KiotaBuilder OpenAPI warning: #/components/schemas/microsoft.graph.macOSCompliancePolicy/allOf/1/properties/passwordMinutesOfInactivityBeforeLock - The format int32 is not supported by Kiota for the type Null, Number and the string type will be used.
Warning: KiotaBuilder OpenAPI warning: #/components/schemas/microsoft.graph.macOSCompliancePolicy/allOf/1/properties/passwordPreviousPasswordBlockCount - The format int32 is not supported by Kiota for the type Null, Number and the string type will be used.
Warning: KiotaBuilder OpenAPI warning: #/components/schemas/microsoft.graph.macOSDeviceFeaturesConfiguration/allOf/1/properties/contentCachingMaxSizeBytes - The format int64 is not supported by Kiota for the type Null, Number and the string type will be used.
Warning: KiotaBuilder OpenAPI warning: #/components/schemas/microsoft.graph.macOSDeviceFeaturesConfiguration/allOf/1/properties/contentCachingPort - The format int32 is not supported by Kiota for the type Null, Number and the string type will be used.
Warning: KiotaBuilder OpenAPI warning: #/components/schemas/microsoft.graph.macOSEndpointProtectionConfiguration/allOf/1/properties/fileVaultInstitutionalRecoveryKeyCertificate - The format base64url is not supported by Kiota for the type Null, String and the string type will be used.
Warning: KiotaBuilder OpenAPI warning: #/components/schemas/microsoft.graph.macOSEndpointProtectionConfiguration/allOf/1/properties/fileVaultNumberOfTimesUserCanIgnore - The format int32 is not supported by Kiota for the type Null, Number and the string type will be used.
Warning: KiotaBuilder OpenAPI warning: #/components/schemas/microsoft.graph.macOSEndpointProtectionConfiguration/allOf/1/properties/fileVaultPersonalRecoveryKeyRotationInMonths - The format int32 is not supported by Kiota for the type Null, Number and the string type will be used.
Warning: KiotaBuilder OpenAPI warning: #/components/schemas/microsoft.graph.macOSGeneralDeviceConfiguration/allOf/1/properties/passwordExpirationDays - The format int32 is not supported by Kiota for the type Null, Number and the string type will be used.
Warning: KiotaBuilder OpenAPI warning: #/components/schemas/microsoft.graph.macOSGeneralDeviceConfiguration/allOf/1/properties/passwordMaximumAttemptCount - The format int32 is not supported by Kiota for the type Null, Number and the string type will be used.
Warning: KiotaBuilder OpenAPI warning: #/components/schemas/microsoft.graph.macOSGeneralDeviceConfiguration/allOf/1/properties/passwordMinimumCharacterSetCount - The format int32 is not supported by Kiota for the type Null, Number and the string type will be used.
Warning: KiotaBuilder OpenAPI warning: #/components/schemas/microsoft.graph.macOSGeneralDeviceConfiguration/allOf/1/properties/passwordMinimumLength - The format int32 is not supported by Kiota for the type Null, Number and the string type will be used.
Warning: KiotaBuilder OpenAPI warning: #/components/schemas/microsoft.graph.macOSGeneralDeviceConfiguration/allOf/1/properties/passwordMinutesOfInactivityBeforeLock - The format int32 is not supported by Kiota for the type Null, Number and the string type will be used.
Warning: KiotaBuilder OpenAPI warning: #/components/schemas/microsoft.graph.macOSGeneralDeviceConfiguration/allOf/1/properties/passwordMinutesOfInactivityBeforeScreenTimeout - The format int32 is not supported by Kiota for the type Null, Number and the string type will be used.
Warning: KiotaBuilder OpenAPI warning: #/components/schemas/microsoft.graph.macOSGeneralDeviceConfiguration/allOf/1/properties/passwordMinutesUntilFailedLoginReset - The format int32 is not supported by Kiota for the type Null, Number and the string type will be used.
Warning: KiotaBuilder OpenAPI warning: #/components/schemas/microsoft.graph.macOSGeneralDeviceConfiguration/allOf/1/properties/passwordPreviousPasswordBlockCount - The format int32 is not supported by Kiota for the type Null, Number and the string type will be used.
Warning: KiotaBuilder OpenAPI warning: #/components/schemas/microsoft.graph.macOSGeneralDeviceConfiguration/allOf/1/properties/softwareUpdateMajorOSDeferredInstallDelayInDays - The format int32 is not supported by Kiota for the type Null, Number and the string type will be used.
Warning: KiotaBuilder OpenAPI warning: #/components/schemas/microsoft.graph.macOSGeneralDeviceConfiguration/allOf/1/properties/softwareUpdateMinorOSDeferredInstallDelayInDays - The format int32 is not supported by Kiota for the type Null, Number and the string type will be used.
Warning: KiotaBuilder OpenAPI warning: #/components/schemas/microsoft.graph.macOSGeneralDeviceConfiguration/allOf/1/properties/softwareUpdateNonOSDeferredInstallDelayInDays - The format int32 is not supported by Kiota for the type Null, Number and the string type will be used.
Warning: KiotaBuilder OpenAPI warning: #/components/schemas/microsoft.graph.macOSGeneralDeviceConfiguration/allOf/1/properties/softwareUpdatesEnforcedDelayInDays - The format int32 is not supported by Kiota for the type Null, Number and the string type will be used.
Warning: KiotaBuilder OpenAPI warning: #/components/schemas/microsoft.graph.macOSGeneralDeviceConfiguration/allOf/1/properties/touchIdTimeoutInHours - The format int32 is not supported by Kiota for the type Null, Number and the string type will be used.
Warning: KiotaBuilder OpenAPI warning: #/components/schemas/microsoft.graph.macOSSoftwareUpdateConfiguration/allOf/1/properties/maxUserDeferralsCount - The format int32 is not supported by Kiota for the type Null, Number and the string type will be used.
Warning: KiotaBuilder OpenAPI warning: #/components/schemas/microsoft.graph.macOSSoftwareUpdateConfiguration/allOf/1/properties/updateTimeWindowUtcOffsetInMinutes - The format int32 is not supported by Kiota for the type Null, Number and the string type will be used.
Warning: KiotaBuilder OpenAPI warning: #/components/schemas/microsoft.graph.macOsVppApp/allOf/1/properties/releaseDateTime - The format date-time is not supported by Kiota for the type Null, String and the string type will be used.
Warning: KiotaBuilder OpenAPI warning: #/components/schemas/microsoft.graph.macOSWiFiConfiguration/allOf/1/properties/proxyManualPort - The format int32 is not supported by Kiota for the type Null, Number and the string type will be used.
Warning: KiotaBuilder OpenAPI warning: #/components/schemas/microsoft.graph.mailboxFolder/allOf/1/properties/childFolderCount - The format int32 is not supported by Kiota for the type Null, Number and the string type will be used.
Warning: KiotaBuilder OpenAPI warning: #/components/schemas/microsoft.graph.mailboxFolder/allOf/1/properties/totalItemCount - The format int32 is not supported by Kiota for the type Null, Number and the string type will be used.
Warning: KiotaBuilder OpenAPI warning: #/components/schemas/microsoft.graph.mailboxItem/allOf/1/properties/size - The format int64 is not supported by Kiota for the type Null, Number and the string type will be used.
Warning: KiotaBuilder OpenAPI warning: #/components/schemas/microsoft.graph.mailboxRestoreArtifact/allOf/1/properties/restoredItemCount - The format int32 is not supported by Kiota for the type Null, Number and the string type will be used.
Warning: KiotaBuilder OpenAPI warning: #/components/schemas/microsoft.graph.mailFolder/allOf/1/properties/childFolderCount - The format int32 is not supported by Kiota for the type Null, Number and the string type will be used.
Warning: KiotaBuilder OpenAPI warning: #/components/schemas/microsoft.graph.mailFolder/allOf/1/properties/totalItemCount - The format int32 is not supported by Kiota for the type Null, Number and the string type will be used.
Warning: KiotaBuilder OpenAPI warning: #/components/schemas/microsoft.graph.mailFolder/allOf/1/properties/unreadItemCount - The format int32 is not supported by Kiota for the type Null, Number and the string type will be used.
Warning: KiotaBuilder OpenAPI warning: #/components/schemas/microsoft.graph.malwareStateForWindowsDevice/allOf/1/properties/detectionCount - The format int32 is not supported by Kiota for the type Null, Number and the string type will be used.
Warning: KiotaBuilder OpenAPI warning: #/components/schemas/microsoft.graph.malwareStateForWindowsDevice/allOf/1/properties/initialDetectionDateTime - The format date-time is not supported by Kiota for the type Null, String and the string type will be used.
Warning: KiotaBuilder OpenAPI warning: #/components/schemas/microsoft.graph.malwareStateForWindowsDevice/allOf/1/properties/lastStateChangeDateTime - The format date-time is not supported by Kiota for the type Null, String and the string type will be used.
Warning: KiotaBuilder OpenAPI warning: #/components/schemas/microsoft.graph.managedAllDeviceCertificateState/allOf/1/properties/certificateKeyUsages - The format int32 is not supported by Kiota for the type Null, Number and the string type will be used.
Warning: KiotaBuilder OpenAPI warning: #/components/schemas/microsoft.graph.managedAppLogCollectionRequest/allOf/1/properties/completedDateTime - The format date-time is not supported by Kiota for the type Null, String and the string type will be used.
Warning: KiotaBuilder OpenAPI warning: #/components/schemas/microsoft.graph.managedAppProtection/allOf/1/properties/gracePeriodToBlockAppsDuringOffClockHours - The format duration is not supported by Kiota for the type Null, String and the string type will be used.
Warning: KiotaBuilder OpenAPI warning: #/components/schemas/microsoft.graph.managedAppProtection/allOf/1/properties/pinRequiredInsteadOfBiometricTimeout - The format duration is not supported by Kiota for the type Null, String and the string type will be used.
Warning: KiotaBuilder OpenAPI warning: #/components/schemas/microsoft.graph.managedIOSLobApp/allOf/1/properties/expirationDateTime - The format date-time is not supported by Kiota for the type Null, String and the string type will be used.
Warning: KiotaBuilder OpenAPI warning: #/components/schemas/microsoft.graph.meetingAttendanceReport/allOf/1/properties/meetingEndDateTime - The format date-time is not supported by Kiota for the type Null, String and the string type will be used.
Warning: KiotaBuilder OpenAPI warning: #/components/schemas/microsoft.graph.meetingAttendanceReport/allOf/1/properties/meetingStartDateTime - The format date-time is not supported by Kiota for the type Null, String and the string type will be used.
Warning: KiotaBuilder OpenAPI warning: #/components/schemas/microsoft.graph.meetingAttendanceReport/allOf/1/properties/totalParticipantCount - The format int32 is not supported by Kiota for the type Null, Number and the string type will be used.
Warning: KiotaBuilder OpenAPI warning: #/components/schemas/microsoft.graph.meetingRegistrant/allOf/1/properties/registrationDateTime - The format date-time is not supported by Kiota for the type Null, String and the string type will be used.
Warning: KiotaBuilder OpenAPI warning: #/components/schemas/microsoft.graph.meetingRegistration/allOf/1/properties/endDateTime - The format date-time is not supported by Kiota for the type Null, String and the string type will be used.
Warning: KiotaBuilder OpenAPI warning: #/components/schemas/microsoft.graph.meetingRegistration/allOf/1/properties/registrationPageViewCount - The format int32 is not supported by Kiota for the type Null, Number and the string type will be used.
Warning: KiotaBuilder OpenAPI warning: #/components/schemas/microsoft.graph.meetingRegistration/allOf/1/properties/startDateTime - The format date-time is not supported by Kiota for the type Null, String and the string type will be used.
Warning: KiotaBuilder OpenAPI warning: #/components/schemas/microsoft.graph.mention/allOf/1/properties/createdDateTime - The format date-time is not supported by Kiota for the type Null, String and the string type will be used.
Warning: KiotaBuilder OpenAPI warning: #/components/schemas/microsoft.graph.mention/allOf/1/properties/serverCreatedDateTime - The format date-time is not supported by Kiota for the type Null, String and the string type will be used.
Warning: KiotaBuilder OpenAPI warning: #/components/schemas/microsoft.graph.message/allOf/1/properties/conversationIndex - The format base64url is not supported by Kiota for the type Null, String and the string type will be used.
Warning: KiotaBuilder OpenAPI warning: #/components/schemas/microsoft.graph.message/allOf/1/properties/receivedDateTime - The format date-time is not supported by Kiota for the type Null, String and the string type will be used.
Warning: KiotaBuilder OpenAPI warning: #/components/schemas/microsoft.graph.message/allOf/1/properties/sentDateTime - The format date-time is not supported by Kiota for the type Null, String and the string type will be used.
Warning: KiotaBuilder OpenAPI warning: #/components/schemas/microsoft.graph.messageRule/allOf/1/properties/sequence - The format int32 is not supported by Kiota for the type Null, Number and the string type will be used.
Warning: KiotaBuilder OpenAPI warning: #/components/schemas/microsoft.graph.mfaCompletionMetric/allOf/1/properties/factDate - The format date is not supported by Kiota for the type Null, String and the string type will be used.
Warning: KiotaBuilder OpenAPI warning: #/components/schemas/microsoft.graph.mfaFailure/allOf/1/properties/count - The format int64 is not supported by Kiota for the type Null, Number and the string type will be used.
Warning: KiotaBuilder OpenAPI warning: #/components/schemas/microsoft.graph.mfaTelecomFraudMetric/allOf/1/properties/captchaFailureCount - The format int64 is not supported by Kiota for the type Null, Number and the string type will be used.
Warning: KiotaBuilder OpenAPI warning: #/components/schemas/microsoft.graph.mfaTelecomFraudMetric/allOf/1/properties/captchaNotTriggeredUserCount - The format int64 is not supported by Kiota for the type Null, Number and the string type will be used.
Warning: KiotaBuilder OpenAPI warning: #/components/schemas/microsoft.graph.mfaTelecomFraudMetric/allOf/1/properties/captchaShownUserCount - The format int64 is not supported by Kiota for the type Null, Number and the string type will be used.
Warning: KiotaBuilder OpenAPI warning: #/components/schemas/microsoft.graph.mfaTelecomFraudMetric/allOf/1/properties/captchaSuccessCount - The format int64 is not supported by Kiota for the type Null, Number and the string type will be used.
Warning: KiotaBuilder OpenAPI warning: #/components/schemas/microsoft.graph.mfaTelecomFraudMetric/allOf/1/properties/factDate - The format date is not supported by Kiota for the type Null, String and the string type will be used.
Warning: KiotaBuilder OpenAPI warning: #/components/schemas/microsoft.graph.mfaTelecomFraudMetric/allOf/1/properties/telecomBlockedUserCount - The format int64 is not supported by Kiota for the type Null, Number and the string type will be used.
Warning: KiotaBuilder OpenAPI warning: #/components/schemas/microsoft.graph.microsoftTunnelConfiguration/allOf/1/properties/listenPort - The format int32 is not supported by Kiota for the type Null, Number and the string type will be used.
Warning: KiotaBuilder OpenAPI warning: #/components/schemas/microsoft.graph.microsoftTunnelSite/allOf/1/properties/upgradeWindowEndTime - The format time is not supported by Kiota for the type Null, String and the string type will be used.
Warning: KiotaBuilder OpenAPI warning: #/components/schemas/microsoft.graph.microsoftTunnelSite/allOf/1/properties/upgradeWindowStartTime - The format time is not supported by Kiota for the type Null, String and the string type will be used.
Warning: KiotaBuilder OpenAPI warning: #/components/schemas/microsoft.graph.microsoftTunnelSite/allOf/1/properties/upgradeWindowUtcOffsetInMinutes - The format int32 is not supported by Kiota for the type Null, Number and the string type will be used.
Warning: KiotaBuilder OpenAPI warning: #/components/schemas/microsoft.graph.mobileAppContentFile/allOf/1/properties/azureStorageUriExpirationDateTime - The format date-time is not supported by Kiota for the type Null, String and the string type will be used.
Warning: KiotaBuilder OpenAPI warning: #/components/schemas/microsoft.graph.mobileAppContentFile/allOf/1/properties/manifest - The format base64url is not supported by Kiota for the type Null, String and the string type will be used.
Warning: KiotaBuilder OpenAPI warning: #/components/schemas/microsoft.graph.monthlyInactiveUsersByApplicationMetric/allOf/1/properties/inactiveCalendarMonthCount - The format int64 is not supported by Kiota for the type Null, Number and the string type will be used.
Warning: KiotaBuilder OpenAPI warning: #/components/schemas/microsoft.graph.monthlyInactiveUsersMetric/allOf/1/properties/inactiveCalendarMonthCount - The format int64 is not supported by Kiota for the type Null, Number and the string type will be used.
Warning: KiotaBuilder OpenAPI warning: #/components/schemas/microsoft.graph.multiTenantOrganization/allOf/1/properties/createdDateTime - The format date-time is not supported by Kiota for the type Null, String and the string type will be used.
Warning: KiotaBuilder OpenAPI warning: #/components/schemas/microsoft.graph.multiTenantOrganizationMember/allOf/1/properties/addedByTenantId - The format uuid is not supported by Kiota for the type Null, String and the string type will be used.
Warning: KiotaBuilder OpenAPI warning: #/components/schemas/microsoft.graph.multiTenantOrganizationMember/allOf/1/properties/addedDateTime - The format date-time is not supported by Kiota for the type Null, String and the string type will be used.
Warning: KiotaBuilder OpenAPI warning: #/components/schemas/microsoft.graph.multiTenantOrganizationMember/allOf/1/properties/joinedDateTime - The format date-time is not supported by Kiota for the type Null, String and the string type will be used.
Warning: KiotaBuilder OpenAPI warning: #/components/schemas/microsoft.graph.namedLocation/allOf/1/properties/createdDateTime - The format date-time is not supported by Kiota for the type Null, String and the string type will be used.
Warning: KiotaBuilder OpenAPI warning: #/components/schemas/microsoft.graph.namedLocation/allOf/1/properties/modifiedDateTime - The format date-time is not supported by Kiota for the type Null, String and the string type will be used.
Warning: KiotaBuilder OpenAPI warning: #/components/schemas/microsoft.graph.notification/allOf/1/properties/displayTimeToLive - The format int32 is not supported by Kiota for the type Null, Number and the string type will be used.
Warning: KiotaBuilder OpenAPI warning: #/components/schemas/microsoft.graph.notification/allOf/1/properties/expirationDateTime - The format date-time is not supported by Kiota for the type Null, String and the string type will be used.
Warning: KiotaBuilder OpenAPI warning: #/components/schemas/microsoft.graph.oAuth2PermissionGrant/allOf/1/properties/expiryTime - The format date-time is not supported by Kiota for the type Null, String and the string type will be used.
Warning: KiotaBuilder OpenAPI warning: #/components/schemas/microsoft.graph.oAuth2PermissionGrant/allOf/1/properties/startTime - The format date-time is not supported by Kiota for the type Null, String and the string type will be used.
Warning: KiotaBuilder OpenAPI warning: #/components/schemas/microsoft.graph.offerShiftRequest/allOf/1/properties/recipientActionDateTime - The format date-time is not supported by Kiota for the type Null, String and the string type will be used.
Warning: KiotaBuilder OpenAPI warning: #/components/schemas/microsoft.graph.office365ActiveUserCounts/allOf/1/properties/exchange - The format int64 is not supported by Kiota for the type Null, Number and the string type will be used.
Warning: KiotaBuilder OpenAPI warning: #/components/schemas/microsoft.graph.office365ActiveUserCounts/allOf/1/properties/office365 - The format int64 is not supported by Kiota for the type Null, Number and the string type will be used.
Warning: KiotaBuilder OpenAPI warning: #/components/schemas/microsoft.graph.office365ActiveUserCounts/allOf/1/properties/oneDrive - The format int64 is not supported by Kiota for the type Null, Number and the string type will be used.
Warning: KiotaBuilder OpenAPI warning: #/components/schemas/microsoft.graph.office365ActiveUserCounts/allOf/1/properties/reportDate - The format date is not supported by Kiota for the type Null, String and the string type will be used.
Warning: KiotaBuilder OpenAPI warning: #/components/schemas/microsoft.graph.office365ActiveUserCounts/allOf/1/properties/reportRefreshDate - The format date is not supported by Kiota for the type Null, String and the string type will be used.
Warning: KiotaBuilder OpenAPI warning: #/components/schemas/microsoft.graph.office365ActiveUserCounts/allOf/1/properties/sharePoint - The format int64 is not supported by Kiota for the type Null, Number and the string type will be used.
Warning: KiotaBuilder OpenAPI warning: #/components/schemas/microsoft.graph.office365ActiveUserCounts/allOf/1/properties/skypeForBusiness - The format int64 is not supported by Kiota for the type Null, Number and the string type will be used.
Warning: KiotaBuilder OpenAPI warning: #/components/schemas/microsoft.graph.office365ActiveUserCounts/allOf/1/properties/teams - The format int64 is not supported by Kiota for the type Null, Number and the string type will be used.
Warning: KiotaBuilder OpenAPI warning: #/components/schemas/microsoft.graph.office365ActiveUserCounts/allOf/1/properties/yammer - The format int64 is not supported by Kiota for the type Null, Number and the string type will be used.
Warning: KiotaBuilder OpenAPI warning: #/components/schemas/microsoft.graph.office365ActiveUserDetail/allOf/1/properties/deletedDate - The format date is not supported by Kiota for the type Null, String and the string type will be used.
Warning: KiotaBuilder OpenAPI warning: #/components/schemas/microsoft.graph.office365ActiveUserDetail/allOf/1/properties/exchangeLastActivityDate - The format date is not supported by Kiota for the type Null, String and the string type will be used.
Warning: KiotaBuilder OpenAPI warning: #/components/schemas/microsoft.graph.office365ActiveUserDetail/allOf/1/properties/exchangeLicenseAssignDate - The format date is not supported by Kiota for the type Null, String and the string type will be used.
Warning: KiotaBuilder OpenAPI warning: #/components/schemas/microsoft.graph.office365ActiveUserDetail/allOf/1/properties/oneDriveLastActivityDate - The format date is not supported by Kiota for the type Null, String and the string type will be used.
Warning: KiotaBuilder OpenAPI warning: #/components/schemas/microsoft.graph.office365ActiveUserDetail/allOf/1/properties/oneDriveLicenseAssignDate - The format date is not supported by Kiota for the type Null, String and the string type will be used.
Warning: KiotaBuilder OpenAPI warning: #/components/schemas/microsoft.graph.office365ActiveUserDetail/allOf/1/properties/reportRefreshDate - The format date is not supported by Kiota for the type Null, String and the string type will be used.
Warning: KiotaBuilder OpenAPI warning: #/components/schemas/microsoft.graph.office365ActiveUserDetail/allOf/1/properties/sharePointLastActivityDate - The format date is not supported by Kiota for the type Null, String and the string type will be used.
Warning: KiotaBuilder OpenAPI warning: #/components/schemas/microsoft.graph.office365ActiveUserDetail/allOf/1/properties/sharePointLicenseAssignDate - The format date is not supported by Kiota for the type Null, String and the string type will be used.
Warning: KiotaBuilder OpenAPI warning: #/components/schemas/microsoft.graph.office365ActiveUserDetail/allOf/1/properties/skypeForBusinessLastActivityDate - The format date is not supported by Kiota for the type Null, String and the string type will be used.
Warning: KiotaBuilder OpenAPI warning: #/components/schemas/microsoft.graph.office365ActiveUserDetail/allOf/1/properties/skypeForBusinessLicenseAssignDate - The format date is not supported by Kiota for the type Null, String and the string type will be used.
Warning: KiotaBuilder OpenAPI warning: #/components/schemas/microsoft.graph.office365ActiveUserDetail/allOf/1/properties/teamsLastActivityDate - The format date is not supported by Kiota for the type Null, String and the string type will be used.
Warning: KiotaBuilder OpenAPI warning: #/components/schemas/microsoft.graph.office365ActiveUserDetail/allOf/1/properties/teamsLicenseAssignDate - The format date is not supported by Kiota for the type Null, String and the string type will be used.
Warning: KiotaBuilder OpenAPI warning: #/components/schemas/microsoft.graph.office365ActiveUserDetail/allOf/1/properties/yammerLastActivityDate - The format date is not supported by Kiota for the type Null, String and the string type will be used.
Warning: KiotaBuilder OpenAPI warning: #/components/schemas/microsoft.graph.office365ActiveUserDetail/allOf/1/properties/yammerLicenseAssignDate - The format date is not supported by Kiota for the type Null, String and the string type will be used.
Warning: KiotaBuilder OpenAPI warning: #/components/schemas/microsoft.graph.office365GroupsActivityCounts/allOf/1/properties/exchangeEmailsReceived - The format int64 is not supported by Kiota for the type Null, Number and the string type will be used.
Warning: KiotaBuilder OpenAPI warning: #/components/schemas/microsoft.graph.office365GroupsActivityCounts/allOf/1/properties/reportDate - The format date is not supported by Kiota for the type Null, String and the string type will be used.
Warning: KiotaBuilder OpenAPI warning: #/components/schemas/microsoft.graph.office365GroupsActivityCounts/allOf/1/properties/reportRefreshDate - The format date is not supported by Kiota for the type Null, String and the string type will be used.
Warning: KiotaBuilder OpenAPI warning: #/components/schemas/microsoft.graph.office365GroupsActivityCounts/allOf/1/properties/teamsChannelMessages - The format int64 is not supported by Kiota for the type Null, Number and the string type will be used.
Warning: KiotaBuilder OpenAPI warning: #/components/schemas/microsoft.graph.office365GroupsActivityCounts/allOf/1/properties/teamsMeetingsOrganized - The format int64 is not supported by Kiota for the type Null, Number and the string type will be used.
Warning: KiotaBuilder OpenAPI warning: #/components/schemas/microsoft.graph.office365GroupsActivityCounts/allOf/1/properties/yammerMessagesLiked - The format int64 is not supported by Kiota for the type Null, Number and the string type will be used.
Warning: KiotaBuilder OpenAPI warning: #/components/schemas/microsoft.graph.office365GroupsActivityCounts/allOf/1/properties/yammerMessagesPosted - The format int64 is not supported by Kiota for the type Null, Number and the string type will be used.
Warning: KiotaBuilder OpenAPI warning: #/components/schemas/microsoft.graph.office365GroupsActivityCounts/allOf/1/properties/yammerMessagesRead - The format int64 is not supported by Kiota for the type Null, Number and the string type will be used.
Warning: KiotaBuilder OpenAPI warning: #/components/schemas/microsoft.graph.office365GroupsActivityDetail/allOf/1/properties/exchangeMailboxStorageUsedInBytes - The format int64 is not supported by Kiota for the type Null, Number and the string type will be used.
Warning: KiotaBuilder OpenAPI warning: #/components/schemas/microsoft.graph.office365GroupsActivityDetail/allOf/1/properties/exchangeMailboxTotalItemCount - The format int64 is not supported by Kiota for the type Null, Number and the string type will be used.
Warning: KiotaBuilder OpenAPI warning: #/components/schemas/microsoft.graph.office365GroupsActivityDetail/allOf/1/properties/exchangeReceivedEmailCount - The format int64 is not supported by Kiota for the type Null, Number and the string type will be used.
Warning: KiotaBuilder OpenAPI warning: #/components/schemas/microsoft.graph.office365GroupsActivityDetail/allOf/1/properties/externalMemberCount - The format int64 is not supported by Kiota for the type Null, Number and the string type will be used.
Warning: KiotaBuilder OpenAPI warning: #/components/schemas/microsoft.graph.office365GroupsActivityDetail/allOf/1/properties/lastActivityDate - The format date is not supported by Kiota for the type Null, String and the string type will be used.
Warning: KiotaBuilder OpenAPI warning: #/components/schemas/microsoft.graph.office365GroupsActivityDetail/allOf/1/properties/memberCount - The format int64 is not supported by Kiota for the type Null, Number and the string type will be used.
Warning: KiotaBuilder OpenAPI warning: #/components/schemas/microsoft.graph.office365GroupsActivityDetail/allOf/1/properties/reportRefreshDate - The format date is not supported by Kiota for the type Null, String and the string type will be used.
Warning: KiotaBuilder OpenAPI warning: #/components/schemas/microsoft.graph.office365GroupsActivityDetail/allOf/1/properties/sharePointActiveFileCount - The format int64 is not supported by Kiota for the type Null, Number and the string type will be used.
Warning: KiotaBuilder OpenAPI warning: #/components/schemas/microsoft.graph.office365GroupsActivityDetail/allOf/1/properties/sharePointSiteStorageUsedInBytes - The format int64 is not supported by Kiota for the type Null, Number and the string type will be used.
Warning: KiotaBuilder OpenAPI warning: #/components/schemas/microsoft.graph.office365GroupsActivityDetail/allOf/1/properties/sharePointTotalFileCount - The format int64 is not supported by Kiota for the type Null, Number and the string type will be used.
Warning: KiotaBuilder OpenAPI warning: #/components/schemas/microsoft.graph.office365GroupsActivityDetail/allOf/1/properties/teamsChannelMessagesCount - The format int64 is not supported by Kiota for the type Null, Number and the string type will be used.
Warning: KiotaBuilder OpenAPI warning: #/components/schemas/microsoft.graph.office365GroupsActivityDetail/allOf/1/properties/teamsMeetingsOrganizedCount - The format int64 is not supported by Kiota for the type Null, Number and the string type will be used.
Warning: KiotaBuilder OpenAPI warning: #/components/schemas/microsoft.graph.office365GroupsActivityDetail/allOf/1/properties/yammerLikedMessageCount - The format int64 is not supported by Kiota for the type Null, Number and the string type will be used.
Warning: KiotaBuilder OpenAPI warning: #/components/schemas/microsoft.graph.office365GroupsActivityDetail/allOf/1/properties/yammerPostedMessageCount - The format int64 is not supported by Kiota for the type Null, Number and the string type will be used.
Warning: KiotaBuilder OpenAPI warning: #/components/schemas/microsoft.graph.office365GroupsActivityDetail/allOf/1/properties/yammerReadMessageCount - The format int64 is not supported by Kiota for the type Null, Number and the string type will be used.
Warning: KiotaBuilder OpenAPI warning: #/components/schemas/microsoft.graph.office365GroupsActivityFileCounts/allOf/1/properties/active - The format int64 is not supported by Kiota for the type Null, Number and the string type will be used.
Warning: KiotaBuilder OpenAPI warning: #/components/schemas/microsoft.graph.office365GroupsActivityFileCounts/allOf/1/properties/reportDate - The format date is not supported by Kiota for the type Null, String and the string type will be used.
Warning: KiotaBuilder OpenAPI warning: #/components/schemas/microsoft.graph.office365GroupsActivityFileCounts/allOf/1/properties/reportRefreshDate - The format date is not supported by Kiota for the type Null, String and the string type will be used.
Warning: KiotaBuilder OpenAPI warning: #/components/schemas/microsoft.graph.office365GroupsActivityFileCounts/allOf/1/properties/total - The format int64 is not supported by Kiota for the type Null, Number and the string type will be used.
Warning: KiotaBuilder OpenAPI warning: #/components/schemas/microsoft.graph.office365GroupsActivityGroupCounts/allOf/1/properties/active - The format int64 is not supported by Kiota for the type Null, Number and the string type will be used.
Warning: KiotaBuilder OpenAPI warning: #/components/schemas/microsoft.graph.office365GroupsActivityGroupCounts/allOf/1/properties/reportDate - The format date is not supported by Kiota for the type Null, String and the string type will be used.
Warning: KiotaBuilder OpenAPI warning: #/components/schemas/microsoft.graph.office365GroupsActivityGroupCounts/allOf/1/properties/reportRefreshDate - The format date is not supported by Kiota for the type Null, String and the string type will be used.
Warning: KiotaBuilder OpenAPI warning: #/components/schemas/microsoft.graph.office365GroupsActivityGroupCounts/allOf/1/properties/total - The format int64 is not supported by Kiota for the type Null, Number and the string type will be used.
Warning: KiotaBuilder OpenAPI warning: #/components/schemas/microsoft.graph.office365GroupsActivityStorage/allOf/1/properties/mailboxStorageUsedInBytes - The format int64 is not supported by Kiota for the type Null, Number and the string type will be used.
Warning: KiotaBuilder OpenAPI warning: #/components/schemas/microsoft.graph.office365GroupsActivityStorage/allOf/1/properties/reportDate - The format date is not supported by Kiota for the type Null, String and the string type will be used.
Warning: KiotaBuilder OpenAPI warning: #/components/schemas/microsoft.graph.office365GroupsActivityStorage/allOf/1/properties/reportRefreshDate - The format date is not supported by Kiota for the type Null, String and the string type will be used.
Warning: KiotaBuilder OpenAPI warning: #/components/schemas/microsoft.graph.office365GroupsActivityStorage/allOf/1/properties/siteStorageUsedInBytes - The format int64 is not supported by Kiota for the type Null, Number and the string type will be used.
Warning: KiotaBuilder OpenAPI warning: #/components/schemas/microsoft.graph.office365ServicesUserCounts/allOf/1/properties/exchangeActive - The format int64 is not supported by Kiota for the type Null, Number and the string type will be used.
Warning: KiotaBuilder OpenAPI warning: #/components/schemas/microsoft.graph.office365ServicesUserCounts/allOf/1/properties/exchangeInactive - The format int64 is not supported by Kiota for the type Null, Number and the string type will be used.
Warning: KiotaBuilder OpenAPI warning: #/components/schemas/microsoft.graph.office365ServicesUserCounts/allOf/1/properties/office365Active - The format int64 is not supported by Kiota for the type Null, Number and the string type will be used.
Warning: KiotaBuilder OpenAPI warning: #/components/schemas/microsoft.graph.office365ServicesUserCounts/allOf/1/properties/office365Inactive - The format int64 is not supported by Kiota for the type Null, Number and the string type will be used.
Warning: KiotaBuilder OpenAPI warning: #/components/schemas/microsoft.graph.office365ServicesUserCounts/allOf/1/properties/oneDriveActive - The format int64 is not supported by Kiota for the type Null, Number and the string type will be used.
Warning: KiotaBuilder OpenAPI warning: #/components/schemas/microsoft.graph.office365ServicesUserCounts/allOf/1/properties/oneDriveInactive - The format int64 is not supported by Kiota for the type Null, Number and the string type will be used.
Warning: KiotaBuilder OpenAPI warning: #/components/schemas/microsoft.graph.office365ServicesUserCounts/allOf/1/properties/reportRefreshDate - The format date is not supported by Kiota for the type Null, String and the string type will be used.
Warning: KiotaBuilder OpenAPI warning: #/components/schemas/microsoft.graph.office365ServicesUserCounts/allOf/1/properties/sharePointActive - The format int64 is not supported by Kiota for the type Null, Number and the string type will be used.
Warning: KiotaBuilder OpenAPI warning: #/components/schemas/microsoft.graph.office365ServicesUserCounts/allOf/1/properties/sharePointInactive - The format int64 is not supported by Kiota for the type Null, Number and the string type will be used.
Warning: KiotaBuilder OpenAPI warning: #/components/schemas/microsoft.graph.office365ServicesUserCounts/allOf/1/properties/skypeForBusinessActive - The format int64 is not supported by Kiota for the type Null, Number and the string type will be used.
Warning: KiotaBuilder OpenAPI warning: #/components/schemas/microsoft.graph.office365ServicesUserCounts/allOf/1/properties/skypeForBusinessInactive - The format int64 is not supported by Kiota for the type Null, Number and the string type will be used.
Warning: KiotaBuilder OpenAPI warning: #/components/schemas/microsoft.graph.office365ServicesUserCounts/allOf/1/properties/teamsActive - The format int64 is not supported by Kiota for the type Null, Number and the string type will be used.
Warning: KiotaBuilder OpenAPI warning: #/components/schemas/microsoft.graph.office365ServicesUserCounts/allOf/1/properties/teamsInactive - The format int64 is not supported by Kiota for the type Null, Number and the string type will be used.
Warning: KiotaBuilder OpenAPI warning: #/components/schemas/microsoft.graph.office365ServicesUserCounts/allOf/1/properties/yammerActive - The format int64 is not supported by Kiota for the type Null, Number and the string type will be used.
Warning: KiotaBuilder OpenAPI warning: #/components/schemas/microsoft.graph.office365ServicesUserCounts/allOf/1/properties/yammerInactive - The format int64 is not supported by Kiota for the type Null, Number and the string type will be used.
Warning: KiotaBuilder OpenAPI warning: #/components/schemas/microsoft.graph.officeSuiteApp/allOf/1/properties/officeConfigurationXml - The format base64url is not supported by Kiota for the type Null, String and the string type will be used.
Warning: KiotaBuilder OpenAPI warning: #/components/schemas/microsoft.graph.onenoteEntityHierarchyModel/allOf/1/properties/lastModifiedDateTime - The format date-time is not supported by Kiota for the type Null, String and the string type will be used.
Warning: KiotaBuilder OpenAPI warning: #/components/schemas/microsoft.graph.onenoteEntitySchemaObjectModel/allOf/1/properties/createdDateTime - The format date-time is not supported by Kiota for the type Null, String and the string type will be used.
Warning: KiotaBuilder OpenAPI warning: #/components/schemas/microsoft.graph.onenotePage/allOf/1/properties/content - The format base64url is not supported by Kiota for the type Null, String and the string type will be used.
Warning: KiotaBuilder OpenAPI warning: #/components/schemas/microsoft.graph.onenotePage/allOf/1/properties/lastModifiedDateTime - The format date-time is not supported by Kiota for the type Null, String and the string type will be used.
Warning: KiotaBuilder OpenAPI warning: #/components/schemas/microsoft.graph.onenotePage/allOf/1/properties/level - The format int32 is not supported by Kiota for the type Null, Number and the string type will be used.
Warning: KiotaBuilder OpenAPI warning: #/components/schemas/microsoft.graph.onenotePage/allOf/1/properties/order - The format int32 is not supported by Kiota for the type Null, Number and the string type will be used.
Warning: KiotaBuilder OpenAPI warning: #/components/schemas/microsoft.graph.onenoteResource/allOf/1/properties/content - The format base64url is not supported by Kiota for the type Null, String and the string type will be used.
Warning: KiotaBuilder OpenAPI warning: #/components/schemas/microsoft.graph.onlineMeeting/allOf/1/properties/alternativeRecording - The format base64url is not supported by Kiota for the type Null, String and the string type will be used.
Warning: KiotaBuilder OpenAPI warning: #/components/schemas/microsoft.graph.onlineMeeting/allOf/1/properties/attendeeReport - The format base64url is not supported by Kiota for the type Null, String and the string type will be used.
Warning: KiotaBuilder OpenAPI warning: #/components/schemas/microsoft.graph.onlineMeeting/allOf/1/properties/broadcastRecording - The format base64url is not supported by Kiota for the type Null, String and the string type will be used.
Warning: KiotaBuilder OpenAPI warning: #/components/schemas/microsoft.graph.onlineMeeting/allOf/1/properties/creationDateTime - The format date-time is not supported by Kiota for the type Null, String and the string type will be used.
Warning: KiotaBuilder OpenAPI warning: #/components/schemas/microsoft.graph.onlineMeeting/allOf/1/properties/endDateTime - The format date-time is not supported by Kiota for the type Null, String and the string type will be used.
Warning: KiotaBuilder OpenAPI warning: #/components/schemas/microsoft.graph.onlineMeeting/allOf/1/properties/recording - The format base64url is not supported by Kiota for the type Null, String and the string type will be used.
Warning: KiotaBuilder OpenAPI warning: #/components/schemas/microsoft.graph.onlineMeeting/allOf/1/properties/startDateTime - The format date-time is not supported by Kiota for the type Null, String and the string type will be used.
Warning: KiotaBuilder OpenAPI warning: #/components/schemas/microsoft.graph.operation/allOf/1/properties/createdDateTime - The format date-time is not supported by Kiota for the type Null, String and the string type will be used.
Warning: KiotaBuilder OpenAPI warning: #/components/schemas/microsoft.graph.operation/allOf/1/properties/lastActionDateTime - The format date-time is not supported by Kiota for the type Null, String and the string type will be used.
Warning: KiotaBuilder OpenAPI warning: #/components/schemas/microsoft.graph.organization/allOf/1/properties/createdDateTime - The format date-time is not supported by Kiota for the type Null, String and the string type will be used.
Warning: KiotaBuilder OpenAPI warning: #/components/schemas/microsoft.graph.organization/allOf/1/properties/onPremisesLastPasswordSyncDateTime - The format date-time is not supported by Kiota for the type Null, String and the string type will be used.
Warning: KiotaBuilder OpenAPI warning: #/components/schemas/microsoft.graph.organization/allOf/1/properties/onPremisesLastSyncDateTime - The format date-time is not supported by Kiota for the type Null, String and the string type will be used.
Warning: KiotaBuilder OpenAPI warning: #/components/schemas/microsoft.graph.organizationalBrandingProperties/allOf/1/properties/backgroundImage - The format base64url is not supported by Kiota for the type Null, String and the string type will be used.
Warning: KiotaBuilder OpenAPI warning: #/components/schemas/microsoft.graph.organizationalBrandingProperties/allOf/1/properties/bannerLogo - The format base64url is not supported by Kiota for the type Null, String and the string type will be used.
Warning: KiotaBuilder OpenAPI warning: #/components/schemas/microsoft.graph.organizationalBrandingProperties/allOf/1/properties/customCSS - The format base64url is not supported by Kiota for the type Null, String and the string type will be used.
Warning: KiotaBuilder OpenAPI warning: #/components/schemas/microsoft.graph.organizationalBrandingProperties/allOf/1/properties/favicon - The format base64url is not supported by Kiota for the type Null, String and the string type will be used.
Warning: KiotaBuilder OpenAPI warning: #/components/schemas/microsoft.graph.organizationalBrandingProperties/allOf/1/properties/headerLogo - The format base64url is not supported by Kiota for the type Null, String and the string type will be used.
Warning: KiotaBuilder OpenAPI warning: #/components/schemas/microsoft.graph.organizationalBrandingProperties/allOf/1/properties/squareLogo - The format base64url is not supported by Kiota for the type Null, String and the string type will be used.
Warning: KiotaBuilder OpenAPI warning: #/components/schemas/microsoft.graph.organizationalBrandingProperties/allOf/1/properties/squareLogoDark - The format base64url is not supported by Kiota for the type Null, String and the string type will be used.
Warning: KiotaBuilder OpenAPI warning: #/components/schemas/microsoft.graph.orgContact/allOf/1/properties/onPremisesLastSyncDateTime - The format date-time is not supported by Kiota for the type Null, String and the string type will be used.
Warning: KiotaBuilder OpenAPI warning: #/components/schemas/microsoft.graph.outlookItem/allOf/1/properties/createdDateTime - The format date-time is not supported by Kiota for the type Null, String and the string type will be used.
Warning: KiotaBuilder OpenAPI warning: #/components/schemas/microsoft.graph.outlookItem/allOf/1/properties/lastModifiedDateTime - The format date-time is not supported by Kiota for the type Null, String and the string type will be used.
Warning: KiotaBuilder OpenAPI warning: #/components/schemas/microsoft.graph.outlookTaskFolder/allOf/1/properties/parentGroupKey - The format uuid is not supported by Kiota for the type Null, String and the string type will be used.
Warning: KiotaBuilder OpenAPI warning: #/components/schemas/microsoft.graph.outlookTaskGroup/allOf/1/properties/groupKey - The format uuid is not supported by Kiota for the type Null, String and the string type will be used.
Warning: KiotaBuilder OpenAPI warning: #/components/schemas/microsoft.graph.participant/allOf/1/properties/rosterSequenceNumber - The format int64 is not supported by Kiota for the type Null, Number and the string type will be used.
Warning: KiotaBuilder OpenAPI warning: #/components/schemas/microsoft.graph.passwordCredentialConfiguration/properties/maxLifetime - The format duration is not supported by Kiota for the type Null, String and the string type will be used.
Warning: KiotaBuilder OpenAPI warning: #/components/schemas/microsoft.graph.passwordCredentialConfiguration/properties/restrictForAppsCreatedAfterDateTime - The format date-time is not supported by Kiota for the type Null, String and the string type will be used.
Warning: KiotaBuilder OpenAPI warning: #/components/schemas/microsoft.graph.passwordlessMicrosoftAuthenticatorAuthenticationMethod/allOf/1/properties/creationDateTime - The format date-time is not supported by Kiota for the type Null, String and the string type will be used.
Warning: KiotaBuilder OpenAPI warning: #/components/schemas/microsoft.graph.payload/allOf/1/properties/createdDateTime - The format date-time is not supported by Kiota for the type Null, String and the string type will be used.
Warning: KiotaBuilder OpenAPI warning: #/components/schemas/microsoft.graph.payload/allOf/1/properties/lastModifiedDateTime - The format date-time is not supported by Kiota for the type Null, String and the string type will be used.
Warning: KiotaBuilder OpenAPI warning: #/components/schemas/microsoft.graph.payload/allOf/1/properties/predictedCompromiseRate/oneOf/0 - The format double is not supported by Kiota for the type Null, Number and the string type will be used.
Warning: KiotaBuilder OpenAPI warning: #/components/schemas/microsoft.graph.paymentMethod/properties/lastModifiedDateTime - The format date-time is not supported by Kiota for the type Null, String and the string type will be used.
Warning: KiotaBuilder OpenAPI warning: #/components/schemas/microsoft.graph.paymentTerm/properties/discountPercent - The format decimal is not supported by Kiota for the type Null, Number and the string type will be used.
Warning: KiotaBuilder OpenAPI warning: #/components/schemas/microsoft.graph.paymentTerm/properties/lastModifiedDateTime - The format date-time is not supported by Kiota for the type Null, String and the string type will be used.
Warning: KiotaBuilder OpenAPI warning: #/components/schemas/microsoft.graph.permission/allOf/1/properties/expirationDateTime - The format date-time is not supported by Kiota for the type Null, String and the string type will be used.
Warning: KiotaBuilder OpenAPI warning: #/components/schemas/microsoft.graph.personAnnualEvent/allOf/1/properties/date - The format date is not supported by Kiota for the type Null, String and the string type will be used.
Warning: KiotaBuilder OpenAPI warning: #/components/schemas/microsoft.graph.personAward/allOf/1/properties/issuedDate - The format date is not supported by Kiota for the type Null, String and the string type will be used.
Warning: KiotaBuilder OpenAPI warning: #/components/schemas/microsoft.graph.personCertification/allOf/1/properties/endDate - The format date is not supported by Kiota for the type Null, String and the string type will be used.
Warning: KiotaBuilder OpenAPI warning: #/components/schemas/microsoft.graph.personCertification/allOf/1/properties/issuedDate - The format date is not supported by Kiota for the type Null, String and the string type will be used.
Warning: KiotaBuilder OpenAPI warning: #/components/schemas/microsoft.graph.personCertification/allOf/1/properties/startDate - The format date is not supported by Kiota for the type Null, String and the string type will be used.
Warning: KiotaBuilder OpenAPI warning: #/components/schemas/microsoft.graph.picture/properties/content - The format base64url is not supported by Kiota for the type Null, String and the string type will be used.
Warning: KiotaBuilder OpenAPI warning: #/components/schemas/microsoft.graph.picture/properties/height - The format int32 is not supported by Kiota for the type Null, Number and the string type will be used.
Warning: KiotaBuilder OpenAPI warning: #/components/schemas/microsoft.graph.picture/properties/width - The format int32 is not supported by Kiota for the type Null, Number and the string type will be used.
Warning: KiotaBuilder OpenAPI warning: #/components/schemas/microsoft.graph.plannerPlan/allOf/1/properties/createdDateTime - The format date-time is not supported by Kiota for the type Null, String and the string type will be used.
Warning: KiotaBuilder OpenAPI warning: #/components/schemas/microsoft.graph.plannerTask/allOf/1/properties/activeChecklistItemCount - The format int32 is not supported by Kiota for the type Null, Number and the string type will be used.
Warning: KiotaBuilder OpenAPI warning: #/components/schemas/microsoft.graph.plannerTask/allOf/1/properties/checklistItemCount - The format int32 is not supported by Kiota for the type Null, Number and the string type will be used.
Warning: KiotaBuilder OpenAPI warning: #/components/schemas/microsoft.graph.plannerTask/allOf/1/properties/completedDateTime - The format date-time is not supported by Kiota for the type Null, String and the string type will be used.
Warning: KiotaBuilder OpenAPI warning: #/components/schemas/microsoft.graph.plannerTask/allOf/1/properties/createdDateTime - The format date-time is not supported by Kiota for the type Null, String and the string type will be used.
Warning: KiotaBuilder OpenAPI warning: #/components/schemas/microsoft.graph.plannerTask/allOf/1/properties/dueDateTime - The format date-time is not supported by Kiota for the type Null, String and the string type will be used.
Warning: KiotaBuilder OpenAPI warning: #/components/schemas/microsoft.graph.plannerTask/allOf/1/properties/isOnMyDayLastModifiedDate - The format date is not supported by Kiota for the type Null, String and the string type will be used.
Warning: KiotaBuilder OpenAPI warning: #/components/schemas/microsoft.graph.plannerTask/allOf/1/properties/lastModifiedDateTime - The format date-time is not supported by Kiota for the type Null, String and the string type will be used.
Warning: KiotaBuilder OpenAPI warning: #/components/schemas/microsoft.graph.plannerTask/allOf/1/properties/percentComplete - The format int32 is not supported by Kiota for the type Null, Number and the string type will be used.
Warning: KiotaBuilder OpenAPI warning: #/components/schemas/microsoft.graph.plannerTask/allOf/1/properties/priority - The format int32 is not supported by Kiota for the type Null, Number and the string type will be used.
Warning: KiotaBuilder OpenAPI warning: #/components/schemas/microsoft.graph.plannerTask/allOf/1/properties/referenceCount - The format int32 is not supported by Kiota for the type Null, Number and the string type will be used.
Warning: KiotaBuilder OpenAPI warning: #/components/schemas/microsoft.graph.plannerTask/allOf/1/properties/startDateTime - The format date-time is not supported by Kiota for the type Null, String and the string type will be used.
Warning: KiotaBuilder OpenAPI warning: #/components/schemas/microsoft.graph.printDocument/allOf/1/properties/downloadedDateTime - The format date-time is not supported by Kiota for the type Null, String and the string type will be used.
Warning: KiotaBuilder OpenAPI warning: #/components/schemas/microsoft.graph.printDocument/allOf/1/properties/uploadedDateTime - The format date-time is not supported by Kiota for the type Null, String and the string type will be used.
Warning: KiotaBuilder OpenAPI warning: #/components/schemas/microsoft.graph.printer/allOf/1/properties/lastSeenDateTime - The format date-time is not supported by Kiota for the type Null, String and the string type will be used.
Warning: KiotaBuilder OpenAPI warning: #/components/schemas/microsoft.graph.printJob/allOf/1/properties/acknowledgedDateTime - The format date-time is not supported by Kiota for the type Null, String and the string type will be used.
Warning: KiotaBuilder OpenAPI warning: #/components/schemas/microsoft.graph.printJob/allOf/1/properties/completedDateTime - The format date-time is not supported by Kiota for the type Null, String and the string type will be used.
Warning: KiotaBuilder OpenAPI warning: #/components/schemas/microsoft.graph.printJob/allOf/1/properties/errorCode - The format int32 is not supported by Kiota for the type Null, Number and the string type will be used.
Warning: KiotaBuilder OpenAPI warning: #/components/schemas/microsoft.graph.printUsage/allOf/1/properties/blackAndWhitePageCount - The format int64 is not supported by Kiota for the type Null, Number and the string type will be used.
Warning: KiotaBuilder OpenAPI warning: #/components/schemas/microsoft.graph.printUsage/allOf/1/properties/colorPageCount - The format int64 is not supported by Kiota for the type Null, Number and the string type will be used.
Warning: KiotaBuilder OpenAPI warning: #/components/schemas/microsoft.graph.printUsage/allOf/1/properties/completedJobCount - The format int64 is not supported by Kiota for the type Null, Number and the string type will be used.
Warning: KiotaBuilder OpenAPI warning: #/components/schemas/microsoft.graph.printUsage/allOf/1/properties/doubleSidedSheetCount - The format int64 is not supported by Kiota for the type Null, Number and the string type will be used.
Warning: KiotaBuilder OpenAPI warning: #/components/schemas/microsoft.graph.printUsage/allOf/1/properties/mediaSheetCount - The format int64 is not supported by Kiota for the type Null, Number and the string type will be used.
Warning: KiotaBuilder OpenAPI warning: #/components/schemas/microsoft.graph.printUsage/allOf/1/properties/pageCount - The format int64 is not supported by Kiota for the type Null, Number and the string type will be used.
Warning: KiotaBuilder OpenAPI warning: #/components/schemas/microsoft.graph.printUsage/allOf/1/properties/singleSidedSheetCount - The format int64 is not supported by Kiota for the type Null, Number and the string type will be used.
Warning: KiotaBuilder OpenAPI warning: #/components/schemas/microsoft.graph.privilegedAccessSchedule/allOf/1/properties/createdDateTime - The format date-time is not supported by Kiota for the type Null, String and the string type will be used.
Warning: KiotaBuilder OpenAPI warning: #/components/schemas/microsoft.graph.privilegedAccessSchedule/allOf/1/properties/modifiedDateTime - The format date-time is not supported by Kiota for the type Null, String and the string type will be used.
Warning: KiotaBuilder OpenAPI warning: #/components/schemas/microsoft.graph.privilegedAccessScheduleInstance/allOf/1/properties/endDateTime - The format date-time is not supported by Kiota for the type Null, String and the string type will be used.
Warning: KiotaBuilder OpenAPI warning: #/components/schemas/microsoft.graph.privilegedAccessScheduleInstance/allOf/1/properties/startDateTime - The format date-time is not supported by Kiota for the type Null, String and the string type will be used.
Warning: KiotaBuilder OpenAPI warning: #/components/schemas/microsoft.graph.privilegedApproval/allOf/1/properties/approvalDuration - The format duration is not supported by Kiota for the type Null, String and the string type will be used.
Warning: KiotaBuilder OpenAPI warning: #/components/schemas/microsoft.graph.privilegedApproval/allOf/1/properties/endDateTime - The format date-time is not supported by Kiota for the type Null, String and the string type will be used.
Warning: KiotaBuilder OpenAPI warning: #/components/schemas/microsoft.graph.privilegedApproval/allOf/1/properties/startDateTime - The format date-time is not supported by Kiota for the type Null, String and the string type will be used.
Warning: KiotaBuilder OpenAPI warning: #/components/schemas/microsoft.graph.privilegedOperationEvent/allOf/1/properties/creationDateTime - The format date-time is not supported by Kiota for the type Null, String and the string type will be used.
Warning: KiotaBuilder OpenAPI warning: #/components/schemas/microsoft.graph.privilegedOperationEvent/allOf/1/properties/expirationDateTime - The format date-time is not supported by Kiota for the type Null, String and the string type will be used.
Warning: KiotaBuilder OpenAPI warning: #/components/schemas/microsoft.graph.privilegedRoleAssignment/allOf/1/properties/expirationDateTime - The format date-time is not supported by Kiota for the type Null, String and the string type will be used.
Warning: KiotaBuilder OpenAPI warning: #/components/schemas/microsoft.graph.privilegedRoleAssignmentRequest/allOf/1/properties/requestedDateTime - The format date-time is not supported by Kiota for the type Null, String and the string type will be used.
Warning: KiotaBuilder OpenAPI warning: #/components/schemas/microsoft.graph.privilegedRoleSettings/allOf/1/properties/elevationDuration - The format duration is not supported by Kiota for the type Null, String and the string type will be used.
Warning: KiotaBuilder OpenAPI warning: #/components/schemas/microsoft.graph.privilegedRoleSettings/allOf/1/properties/maxElavationDuration - The format duration is not supported by Kiota for the type Null, String and the string type will be used.
Warning: KiotaBuilder OpenAPI warning: #/components/schemas/microsoft.graph.privilegedRoleSettings/allOf/1/properties/minElevationDuration - The format duration is not supported by Kiota for the type Null, String and the string type will be used.
Warning: KiotaBuilder OpenAPI warning: #/components/schemas/microsoft.graph.privilegedRoleSummary/allOf/1/properties/elevatedCount - The format int32 is not supported by Kiota for the type Null, Number and the string type will be used.
Warning: KiotaBuilder OpenAPI warning: #/components/schemas/microsoft.graph.privilegedRoleSummary/allOf/1/properties/managedCount - The format int32 is not supported by Kiota for the type Null, Number and the string type will be used.
Warning: KiotaBuilder OpenAPI warning: #/components/schemas/microsoft.graph.privilegedRoleSummary/allOf/1/properties/usersCount - The format int32 is not supported by Kiota for the type Null, Number and the string type will be used.
Warning: KiotaBuilder OpenAPI warning: #/components/schemas/microsoft.graph.privilegeManagementElevationRequest/allOf/1/properties/requestExpiryDateTime - The format date-time is not supported by Kiota for the type Null, String and the string type will be used.
Warning: KiotaBuilder OpenAPI warning: #/components/schemas/microsoft.graph.privilegeManagementElevationRequest/allOf/1/properties/reviewCompletedDateTime - The format date-time is not supported by Kiota for the type Null, String and the string type will be used.
Warning: KiotaBuilder OpenAPI warning: #/components/schemas/microsoft.graph.profilePhoto/allOf/1/properties/height - The format int32 is not supported by Kiota for the type Null, Number and the string type will be used.
Warning: KiotaBuilder OpenAPI warning: #/components/schemas/microsoft.graph.profilePhoto/allOf/1/properties/width - The format int32 is not supported by Kiota for the type Null, Number and the string type will be used.
Warning: KiotaBuilder OpenAPI warning: #/components/schemas/microsoft.graph.protectionPolicyBase/allOf/1/properties/createdDateTime - The format date-time is not supported by Kiota for the type Null, String and the string type will be used.
Warning: KiotaBuilder OpenAPI warning: #/components/schemas/microsoft.graph.protectionPolicyBase/allOf/1/properties/lastModifiedDateTime - The format date-time is not supported by Kiota for the type Null, String and the string type will be used.
Warning: KiotaBuilder OpenAPI warning: #/components/schemas/microsoft.graph.protectionRuleBase/allOf/1/properties/createdDateTime - The format date-time is not supported by Kiota for the type Null, String and the string type will be used.
Warning: KiotaBuilder OpenAPI warning: #/components/schemas/microsoft.graph.protectionRuleBase/allOf/1/properties/lastModifiedDateTime - The format date-time is not supported by Kiota for the type Null, String and the string type will be used.
Warning: KiotaBuilder OpenAPI warning: #/components/schemas/microsoft.graph.protectionUnitBase/allOf/1/properties/createdDateTime - The format date-time is not supported by Kiota for the type Null, String and the string type will be used.
Warning: KiotaBuilder OpenAPI warning: #/components/schemas/microsoft.graph.protectionUnitBase/allOf/1/properties/lastModifiedDateTime - The format date-time is not supported by Kiota for the type Null, String and the string type will be used.
Warning: KiotaBuilder OpenAPI warning: #/components/schemas/microsoft.graph.protectionUnitsBulkJobBase/allOf/1/properties/createdDateTime - The format date-time is not supported by Kiota for the type Null, String and the string type will be used.
Warning: KiotaBuilder OpenAPI warning: #/components/schemas/microsoft.graph.protectionUnitsBulkJobBase/allOf/1/properties/lastModifiedDateTime - The format date-time is not supported by Kiota for the type Null, String and the string type will be used.
Warning: KiotaBuilder OpenAPI warning: #/components/schemas/microsoft.graph.providerTenantSetting/allOf/1/properties/lastModifiedDateTime - The format date-time is not supported by Kiota for the type Null, String and the string type will be used.
Warning: KiotaBuilder OpenAPI warning: #/components/schemas/microsoft.graph.provisioningObjectSummary/allOf/1/properties/durationInMilliseconds - The format int32 is not supported by Kiota for the type Null, Number and the string type will be used.
Warning: KiotaBuilder OpenAPI warning: #/components/schemas/microsoft.graph.purchaseInvoice/properties/currencyId - The format uuid is not supported by Kiota for the type Null, String and the string type will be used.
Warning: KiotaBuilder OpenAPI warning: #/components/schemas/microsoft.graph.purchaseInvoice/properties/discountAmount - The format decimal is not supported by Kiota for the type Null, Number and the string type will be used.
Warning: KiotaBuilder OpenAPI warning: #/components/schemas/microsoft.graph.purchaseInvoice/properties/dueDate - The format date is not supported by Kiota for the type Null, String and the string type will be used.
Warning: KiotaBuilder OpenAPI warning: #/components/schemas/microsoft.graph.purchaseInvoice/properties/invoiceDate - The format date is not supported by Kiota for the type Null, String and the string type will be used.
Warning: KiotaBuilder OpenAPI warning: #/components/schemas/microsoft.graph.purchaseInvoice/properties/lastModifiedDateTime - The format date-time is not supported by Kiota for the type Null, String and the string type will be used.
Warning: KiotaBuilder OpenAPI warning: #/components/schemas/microsoft.graph.purchaseInvoice/properties/payToVendorId - The format uuid is not supported by Kiota for the type Null, String and the string type will be used.
Warning: KiotaBuilder OpenAPI warning: #/components/schemas/microsoft.graph.purchaseInvoice/properties/totalAmountExcludingTax - The format decimal is not supported by Kiota for the type Null, Number and the string type will be used.
Warning: KiotaBuilder OpenAPI warning: #/components/schemas/microsoft.graph.purchaseInvoice/properties/totalAmountIncludingTax - The format decimal is not supported by Kiota for the type Null, Number and the string type will be used.
Warning: KiotaBuilder OpenAPI warning: #/components/schemas/microsoft.graph.purchaseInvoice/properties/totalTaxAmount - The format decimal is not supported by Kiota for the type Null, Number and the string type will be used.
Warning: KiotaBuilder OpenAPI warning: #/components/schemas/microsoft.graph.purchaseInvoice/properties/vendorId - The format uuid is not supported by Kiota for the type Null, String and the string type will be used.
Warning: KiotaBuilder OpenAPI warning: #/components/schemas/microsoft.graph.purchaseInvoiceLine/allOf/1/properties/accountId - The format uuid is not supported by Kiota for the type Null, String and the string type will be used.
Warning: KiotaBuilder OpenAPI warning: #/components/schemas/microsoft.graph.purchaseInvoiceLine/allOf/1/properties/amountExcludingTax - The format decimal is not supported by Kiota for the type Null, Number and the string type will be used.
Warning: KiotaBuilder OpenAPI warning: #/components/schemas/microsoft.graph.purchaseInvoiceLine/allOf/1/properties/amountIncludingTax - The format decimal is not supported by Kiota for the type Null, Number and the string type will be used.
Warning: KiotaBuilder OpenAPI warning: #/components/schemas/microsoft.graph.purchaseInvoiceLine/allOf/1/properties/discountAmount - The format decimal is not supported by Kiota for the type Null, Number and the string type will be used.
Warning: KiotaBuilder OpenAPI warning: #/components/schemas/microsoft.graph.purchaseInvoiceLine/allOf/1/properties/discountPercent - The format decimal is not supported by Kiota for the type Null, Number and the string type will be used.
Warning: KiotaBuilder OpenAPI warning: #/components/schemas/microsoft.graph.purchaseInvoiceLine/allOf/1/properties/documentId - The format uuid is not supported by Kiota for the type Null, String and the string type will be used.
Warning: KiotaBuilder OpenAPI warning: #/components/schemas/microsoft.graph.purchaseInvoiceLine/allOf/1/properties/expectedReceiptDate - The format date is not supported by Kiota for the type Null, String and the string type will be used.
Warning: KiotaBuilder OpenAPI warning: #/components/schemas/microsoft.graph.purchaseInvoiceLine/allOf/1/properties/invoiceDiscountAllocation - The format decimal is not supported by Kiota for the type Null, Number and the string type will be used.
Warning: KiotaBuilder OpenAPI warning: #/components/schemas/microsoft.graph.purchaseInvoiceLine/allOf/1/properties/itemId - The format uuid is not supported by Kiota for the type Null, String and the string type will be used.
Warning: KiotaBuilder OpenAPI warning: #/components/schemas/microsoft.graph.purchaseInvoiceLine/allOf/1/properties/netAmount - The format decimal is not supported by Kiota for the type Null, Number and the string type will be used.
Warning: KiotaBuilder OpenAPI warning: #/components/schemas/microsoft.graph.purchaseInvoiceLine/allOf/1/properties/netAmountIncludingTax - The format decimal is not supported by Kiota for the type Null, Number and the string type will be used.
Warning: KiotaBuilder OpenAPI warning: #/components/schemas/microsoft.graph.purchaseInvoiceLine/allOf/1/properties/netTaxAmount - The format decimal is not supported by Kiota for the type Null, Number and the string type will be used.
Warning: KiotaBuilder OpenAPI warning: #/components/schemas/microsoft.graph.purchaseInvoiceLine/allOf/1/properties/quantity - The format decimal is not supported by Kiota for the type Null, Number and the string type will be used.
Warning: KiotaBuilder OpenAPI warning: #/components/schemas/microsoft.graph.purchaseInvoiceLine/allOf/1/properties/sequence - The format int32 is not supported by Kiota for the type Null, Number and the string type will be used.
Warning: KiotaBuilder OpenAPI warning: #/components/schemas/microsoft.graph.purchaseInvoiceLine/allOf/1/properties/taxPercent - The format decimal is not supported by Kiota for the type Null, Number and the string type will be used.
Warning: KiotaBuilder OpenAPI warning: #/components/schemas/microsoft.graph.purchaseInvoiceLine/allOf/1/properties/totalTaxAmount - The format decimal is not supported by Kiota for the type Null, Number and the string type will be used.
Warning: KiotaBuilder OpenAPI warning: #/components/schemas/microsoft.graph.purchaseInvoiceLine/allOf/1/properties/unitCost - The format decimal is not supported by Kiota for the type Null, Number and the string type will be used.
Warning: KiotaBuilder OpenAPI warning: #/components/schemas/microsoft.graph.readingAssignmentSubmission/allOf/1/properties/accuracyScore/oneOf/0 - The format double is not supported by Kiota for the type Null, Number and the string type will be used.
Warning: KiotaBuilder OpenAPI warning: #/components/schemas/microsoft.graph.readingAssignmentSubmission/allOf/1/properties/monotoneScore/oneOf/0 - The format double is not supported by Kiota for the type Null, Number and the string type will be used.
Warning: KiotaBuilder OpenAPI warning: #/components/schemas/microsoft.graph.readingAssignmentSubmission/allOf/1/properties/wordsPerMinute/oneOf/0 - The format double is not supported by Kiota for the type Null, Number and the string type will be used.
Warning: KiotaBuilder OpenAPI warning: #/components/schemas/microsoft.graph.recommendationBase/allOf/1/properties/currentScore/oneOf/0 - The format double is not supported by Kiota for the type Null, Number and the string type will be used.
Warning: KiotaBuilder OpenAPI warning: #/components/schemas/microsoft.graph.recommendationBase/allOf/1/properties/impactStartDateTime - The format date-time is not supported by Kiota for the type Null, String and the string type will be used.
Warning: KiotaBuilder OpenAPI warning: #/components/schemas/microsoft.graph.recommendationBase/allOf/1/properties/lastCheckedDateTime - The format date-time is not supported by Kiota for the type Null, String and the string type will be used.
Warning: KiotaBuilder OpenAPI warning: #/components/schemas/microsoft.graph.recommendationBase/allOf/1/properties/lastModifiedDateTime - The format date-time is not supported by Kiota for the type Null, String and the string type will be used.
Warning: KiotaBuilder OpenAPI warning: #/components/schemas/microsoft.graph.recommendationBase/allOf/1/properties/maxScore/oneOf/0 - The format double is not supported by Kiota for the type Null, Number and the string type will be used.
Warning: KiotaBuilder OpenAPI warning: #/components/schemas/microsoft.graph.recommendationBase/allOf/1/properties/postponeUntilDateTime - The format date-time is not supported by Kiota for the type Null, String and the string type will be used.
Warning: KiotaBuilder OpenAPI warning: #/components/schemas/microsoft.graph.recycleBinItem/allOf/1/properties/deletedDateTime - The format date-time is not supported by Kiota for the type Null, String and the string type will be used.
Warning: KiotaBuilder OpenAPI warning: #/components/schemas/microsoft.graph.recycleBinItem/allOf/1/properties/size - The format int64 is not supported by Kiota for the type Null, Number and the string type will be used.
Warning: KiotaBuilder OpenAPI warning: #/components/schemas/microsoft.graph.redundantAssignmentAlertConfiguration/allOf/1/properties/duration - The format duration is not supported by Kiota for the type Null, String and the string type will be used.
Warning: KiotaBuilder OpenAPI warning: #/components/schemas/microsoft.graph.redundantAssignmentAlertIncident/allOf/1/properties/lastActivationDateTime - The format date-time is not supported by Kiota for the type Null, String and the string type will be used.
Warning: KiotaBuilder OpenAPI warning: #/components/schemas/microsoft.graph.relyingPartyDetailedSummary/allOf/1/properties/signInSuccessRate/oneOf/0 - The format double is not supported by Kiota for the type Null, Number and the string type will be used.
Warning: KiotaBuilder OpenAPI warning: #/components/schemas/microsoft.graph.request/allOf/1/properties/completedDateTime - The format date-time is not supported by Kiota for the type Null, String and the string type will be used.
Warning: KiotaBuilder OpenAPI warning: #/components/schemas/microsoft.graph.request/allOf/1/properties/createdDateTime - The format date-time is not supported by Kiota for the type Null, String and the string type will be used.
Warning: KiotaBuilder OpenAPI warning: #/components/schemas/microsoft.graph.restoreArtifactBase/allOf/1/properties/completionDateTime - The format date-time is not supported by Kiota for the type Null, String and the string type will be used.
Warning: KiotaBuilder OpenAPI warning: #/components/schemas/microsoft.graph.restoreArtifactBase/allOf/1/properties/startDateTime - The format date-time is not supported by Kiota for the type Null, String and the string type will be used.
Warning: KiotaBuilder OpenAPI warning: #/components/schemas/microsoft.graph.restoreArtifactsBulkRequestBase/allOf/1/properties/createdDateTime - The format date-time is not supported by Kiota for the type Null, String and the string type will be used.
Warning: KiotaBuilder OpenAPI warning: #/components/schemas/microsoft.graph.restoreArtifactsBulkRequestBase/allOf/1/properties/lastModifiedDateTime - The format date-time is not supported by Kiota for the type Null, String and the string type will be used.
Warning: KiotaBuilder OpenAPI warning: #/components/schemas/microsoft.graph.restorePoint/allOf/1/properties/expirationDateTime - The format date-time is not supported by Kiota for the type Null, String and the string type will be used.
Warning: KiotaBuilder OpenAPI warning: #/components/schemas/microsoft.graph.restorePoint/allOf/1/properties/protectionDateTime - The format date-time is not supported by Kiota for the type Null, String and the string type will be used.
Warning: KiotaBuilder OpenAPI warning: #/components/schemas/microsoft.graph.restoreSessionBase/allOf/1/properties/completedDateTime - The format date-time is not supported by Kiota for the type Null, String and the string type will be used.
Warning: KiotaBuilder OpenAPI warning: #/components/schemas/microsoft.graph.restoreSessionBase/allOf/1/properties/createdDateTime - The format date-time is not supported by Kiota for the type Null, String and the string type will be used.
Warning: KiotaBuilder OpenAPI warning: #/components/schemas/microsoft.graph.restoreSessionBase/allOf/1/properties/lastModifiedDateTime - The format date-time is not supported by Kiota for the type Null, String and the string type will be used.
Warning: KiotaBuilder OpenAPI warning: #/components/schemas/microsoft.graph.richLongRunningOperation/allOf/1/properties/percentageComplete - The format int32 is not supported by Kiota for the type Null, Number and the string type will be used.
Warning: KiotaBuilder OpenAPI warning: #/components/schemas/microsoft.graph.riskDetection/allOf/1/properties/activityDateTime - The format date-time is not supported by Kiota for the type Null, String and the string type will be used.
Warning: KiotaBuilder OpenAPI warning: #/components/schemas/microsoft.graph.riskDetection/allOf/1/properties/detectedDateTime - The format date-time is not supported by Kiota for the type Null, String and the string type will be used.
Warning: KiotaBuilder OpenAPI warning: #/components/schemas/microsoft.graph.riskDetection/allOf/1/properties/lastUpdatedDateTime - The format date-time is not supported by Kiota for the type Null, String and the string type will be used.
Warning: KiotaBuilder OpenAPI warning: #/components/schemas/microsoft.graph.riskyServicePrincipal/allOf/1/properties/riskLastUpdatedDateTime - The format date-time is not supported by Kiota for the type Null, String and the string type will be used.
Warning: KiotaBuilder OpenAPI warning: #/components/schemas/microsoft.graph.riskyUser/allOf/1/properties/riskLastUpdatedDateTime - The format date-time is not supported by Kiota for the type Null, String and the string type will be used.
Warning: KiotaBuilder OpenAPI warning: #/components/schemas/microsoft.graph.rolesAssignedOutsidePrivilegedIdentityManagementAlertIncident/allOf/1/properties/assignmentCreatedDateTime - The format date-time is not supported by Kiota for the type Null, String and the string type will be used.
Warning: KiotaBuilder OpenAPI warning: #/components/schemas/microsoft.graph.room/allOf/1/properties/capacity - The format int32 is not supported by Kiota for the type Null, Number and the string type will be used.
Warning: KiotaBuilder OpenAPI warning: #/components/schemas/microsoft.graph.room/allOf/1/properties/floorNumber - The format int32 is not supported by Kiota for the type Null, Number and the string type will be used.
Warning: KiotaBuilder OpenAPI warning: #/components/schemas/microsoft.graph.salesCreditMemo/properties/billToCustomerId - The format uuid is not supported by Kiota for the type Null, String and the string type will be used.
Warning: KiotaBuilder OpenAPI warning: #/components/schemas/microsoft.graph.salesCreditMemo/properties/creditMemoDate - The format date is not supported by Kiota for the type Null, String and the string type will be used.
Warning: KiotaBuilder OpenAPI warning: #/components/schemas/microsoft.graph.salesCreditMemo/properties/currencyId - The format uuid is not supported by Kiota for the type Null, String and the string type will be used.
Warning: KiotaBuilder OpenAPI warning: #/components/schemas/microsoft.graph.salesCreditMemo/properties/customerId - The format uuid is not supported by Kiota for the type Null, String and the string type will be used.
Warning: KiotaBuilder OpenAPI warning: #/components/schemas/microsoft.graph.salesCreditMemo/properties/discountAmount - The format decimal is not supported by Kiota for the type Null, Number and the string type will be used.
Warning: KiotaBuilder OpenAPI warning: #/components/schemas/microsoft.graph.salesCreditMemo/properties/dueDate - The format date is not supported by Kiota for the type Null, String and the string type will be used.
Warning: KiotaBuilder OpenAPI warning: #/components/schemas/microsoft.graph.salesCreditMemo/properties/invoiceId - The format uuid is not supported by Kiota for the type Null, String and the string type will be used.
Warning: KiotaBuilder OpenAPI warning: #/components/schemas/microsoft.graph.salesCreditMemo/properties/lastModifiedDateTime - The format date-time is not supported by Kiota for the type Null, String and the string type will be used.
Warning: KiotaBuilder OpenAPI warning: #/components/schemas/microsoft.graph.salesCreditMemo/properties/paymentTermsId - The format uuid is not supported by Kiota for the type Null, String and the string type will be used.
Warning: KiotaBuilder OpenAPI warning: #/components/schemas/microsoft.graph.salesCreditMemo/properties/totalAmountExcludingTax - The format decimal is not supported by Kiota for the type Null, Number and the string type will be used.
Warning: KiotaBuilder OpenAPI warning: #/components/schemas/microsoft.graph.salesCreditMemo/properties/totalAmountIncludingTax - The format decimal is not supported by Kiota for the type Null, Number and the string type will be used.
Warning: KiotaBuilder OpenAPI warning: #/components/schemas/microsoft.graph.salesCreditMemo/properties/totalTaxAmount - The format decimal is not supported by Kiota for the type Null, Number and the string type will be used.
Warning: KiotaBuilder OpenAPI warning: #/components/schemas/microsoft.graph.salesCreditMemoLine/allOf/1/properties/accountId - The format uuid is not supported by Kiota for the type Null, String and the string type will be used.
Warning: KiotaBuilder OpenAPI warning: #/components/schemas/microsoft.graph.salesCreditMemoLine/allOf/1/properties/amountExcludingTax - The format decimal is not supported by Kiota for the type Null, Number and the string type will be used.
Warning: KiotaBuilder OpenAPI warning: #/components/schemas/microsoft.graph.salesCreditMemoLine/allOf/1/properties/amountIncludingTax - The format decimal is not supported by Kiota for the type Null, Number and the string type will be used.
Warning: KiotaBuilder OpenAPI warning: #/components/schemas/microsoft.graph.salesCreditMemoLine/allOf/1/properties/discountAmount - The format decimal is not supported by Kiota for the type Null, Number and the string type will be used.
Warning: KiotaBuilder OpenAPI warning: #/components/schemas/microsoft.graph.salesCreditMemoLine/allOf/1/properties/discountPercent - The format decimal is not supported by Kiota for the type Null, Number and the string type will be used.
Warning: KiotaBuilder OpenAPI warning: #/components/schemas/microsoft.graph.salesCreditMemoLine/allOf/1/properties/documentId - The format uuid is not supported by Kiota for the type Null, String and the string type will be used.
Warning: KiotaBuilder OpenAPI warning: #/components/schemas/microsoft.graph.salesCreditMemoLine/allOf/1/properties/invoiceDiscountAllocation - The format decimal is not supported by Kiota for the type Null, Number and the string type will be used.
Warning: KiotaBuilder OpenAPI warning: #/components/schemas/microsoft.graph.salesCreditMemoLine/allOf/1/properties/itemId - The format uuid is not supported by Kiota for the type Null, String and the string type will be used.
Warning: KiotaBuilder OpenAPI warning: #/components/schemas/microsoft.graph.salesCreditMemoLine/allOf/1/properties/netAmount - The format decimal is not supported by Kiota for the type Null, Number and the string type will be used.
Warning: KiotaBuilder OpenAPI warning: #/components/schemas/microsoft.graph.salesCreditMemoLine/allOf/1/properties/netAmountIncludingTax - The format decimal is not supported by Kiota for the type Null, Number and the string type will be used.
Warning: KiotaBuilder OpenAPI warning: #/components/schemas/microsoft.graph.salesCreditMemoLine/allOf/1/properties/netTaxAmount - The format decimal is not supported by Kiota for the type Null, Number and the string type will be used.
Warning: KiotaBuilder OpenAPI warning: #/components/schemas/microsoft.graph.salesCreditMemoLine/allOf/1/properties/quantity - The format decimal is not supported by Kiota for the type Null, Number and the string type will be used.
Warning: KiotaBuilder OpenAPI warning: #/components/schemas/microsoft.graph.salesCreditMemoLine/allOf/1/properties/sequence - The format int32 is not supported by Kiota for the type Null, Number and the string type will be used.
Warning: KiotaBuilder OpenAPI warning: #/components/schemas/microsoft.graph.salesCreditMemoLine/allOf/1/properties/shipmentDate - The format date is not supported by Kiota for the type Null, String and the string type will be used.
Warning: KiotaBuilder OpenAPI warning: #/components/schemas/microsoft.graph.salesCreditMemoLine/allOf/1/properties/taxPercent - The format decimal is not supported by Kiota for the type Null, Number and the string type will be used.
Warning: KiotaBuilder OpenAPI warning: #/components/schemas/microsoft.graph.salesCreditMemoLine/allOf/1/properties/totalTaxAmount - The format decimal is not supported by Kiota for the type Null, Number and the string type will be used.
Warning: KiotaBuilder OpenAPI warning: #/components/schemas/microsoft.graph.salesCreditMemoLine/allOf/1/properties/unitOfMeasureId - The format uuid is not supported by Kiota for the type Null, String and the string type will be used.
Warning: KiotaBuilder OpenAPI warning: #/components/schemas/microsoft.graph.salesCreditMemoLine/allOf/1/properties/unitPrice - The format decimal is not supported by Kiota for the type Null, Number and the string type will be used.
Warning: KiotaBuilder OpenAPI warning: #/components/schemas/microsoft.graph.salesInvoice/properties/billToCustomerId - The format uuid is not supported by Kiota for the type Null, String and the string type will be used.
Warning: KiotaBuilder OpenAPI warning: #/components/schemas/microsoft.graph.salesInvoice/properties/currencyId - The format uuid is not supported by Kiota for the type Null, String and the string type will be used.
Warning: KiotaBuilder OpenAPI warning: #/components/schemas/microsoft.graph.salesInvoice/properties/customerId - The format uuid is not supported by Kiota for the type Null, String and the string type will be used.
Warning: KiotaBuilder OpenAPI warning: #/components/schemas/microsoft.graph.salesInvoice/properties/discountAmount - The format decimal is not supported by Kiota for the type Null, Number and the string type will be used.
Warning: KiotaBuilder OpenAPI warning: #/components/schemas/microsoft.graph.salesInvoice/properties/dueDate - The format date is not supported by Kiota for the type Null, String and the string type will be used.
Warning: KiotaBuilder OpenAPI warning: #/components/schemas/microsoft.graph.salesInvoice/properties/invoiceDate - The format date is not supported by Kiota for the type Null, String and the string type will be used.
Warning: KiotaBuilder OpenAPI warning: #/components/schemas/microsoft.graph.salesInvoice/properties/lastModifiedDateTime - The format date-time is not supported by Kiota for the type Null, String and the string type will be used.
Warning: KiotaBuilder OpenAPI warning: #/components/schemas/microsoft.graph.salesInvoice/properties/orderId - The format uuid is not supported by Kiota for the type Null, String and the string type will be used.
Warning: KiotaBuilder OpenAPI warning: #/components/schemas/microsoft.graph.salesInvoice/properties/paymentTermsId - The format uuid is not supported by Kiota for the type Null, String and the string type will be used.
Warning: KiotaBuilder OpenAPI warning: #/components/schemas/microsoft.graph.salesInvoice/properties/shipmentMethodId - The format uuid is not supported by Kiota for the type Null, String and the string type will be used.
Warning: KiotaBuilder OpenAPI warning: #/components/schemas/microsoft.graph.salesInvoice/properties/totalAmountExcludingTax - The format decimal is not supported by Kiota for the type Null, Number and the string type will be used.
Warning: KiotaBuilder OpenAPI warning: #/components/schemas/microsoft.graph.salesInvoice/properties/totalAmountIncludingTax - The format decimal is not supported by Kiota for the type Null, Number and the string type will be used.
Warning: KiotaBuilder OpenAPI warning: #/components/schemas/microsoft.graph.salesInvoice/properties/totalTaxAmount - The format decimal is not supported by Kiota for the type Null, Number and the string type will be used.
Warning: KiotaBuilder OpenAPI warning: #/components/schemas/microsoft.graph.salesInvoiceLine/allOf/1/properties/accountId - The format uuid is not supported by Kiota for the type Null, String and the string type will be used.
Warning: KiotaBuilder OpenAPI warning: #/components/schemas/microsoft.graph.salesInvoiceLine/allOf/1/properties/amountExcludingTax - The format decimal is not supported by Kiota for the type Null, Number and the string type will be used.
Warning: KiotaBuilder OpenAPI warning: #/components/schemas/microsoft.graph.salesInvoiceLine/allOf/1/properties/amountIncludingTax - The format decimal is not supported by Kiota for the type Null, Number and the string type will be used.
Warning: KiotaBuilder OpenAPI warning: #/components/schemas/microsoft.graph.salesInvoiceLine/allOf/1/properties/discountAmount - The format decimal is not supported by Kiota for the type Null, Number and the string type will be used.
Warning: KiotaBuilder OpenAPI warning: #/components/schemas/microsoft.graph.salesInvoiceLine/allOf/1/properties/discountPercent - The format decimal is not supported by Kiota for the type Null, Number and the string type will be used.
Warning: KiotaBuilder OpenAPI warning: #/components/schemas/microsoft.graph.salesInvoiceLine/allOf/1/properties/documentId - The format uuid is not supported by Kiota for the type Null, String and the string type will be used.
Warning: KiotaBuilder OpenAPI warning: #/components/schemas/microsoft.graph.salesInvoiceLine/allOf/1/properties/invoiceDiscountAllocation - The format decimal is not supported by Kiota for the type Null, Number and the string type will be used.
Warning: KiotaBuilder OpenAPI warning: #/components/schemas/microsoft.graph.salesInvoiceLine/allOf/1/properties/itemId - The format uuid is not supported by Kiota for the type Null, String and the string type will be used.
Warning: KiotaBuilder OpenAPI warning: #/components/schemas/microsoft.graph.salesInvoiceLine/allOf/1/properties/netAmount - The format decimal is not supported by Kiota for the type Null, Number and the string type will be used.
Warning: KiotaBuilder OpenAPI warning: #/components/schemas/microsoft.graph.salesInvoiceLine/allOf/1/properties/netAmountIncludingTax - The format decimal is not supported by Kiota for the type Null, Number and the string type will be used.
Warning: KiotaBuilder OpenAPI warning: #/components/schemas/microsoft.graph.salesInvoiceLine/allOf/1/properties/netTaxAmount - The format decimal is not supported by Kiota for the type Null, Number and the string type will be used.
Warning: KiotaBuilder OpenAPI warning: #/components/schemas/microsoft.graph.salesInvoiceLine/allOf/1/properties/quantity - The format decimal is not supported by Kiota for the type Null, Number and the string type will be used.
Warning: KiotaBuilder OpenAPI warning: #/components/schemas/microsoft.graph.salesInvoiceLine/allOf/1/properties/sequence - The format int32 is not supported by Kiota for the type Null, Number and the string type will be used.
Warning: KiotaBuilder OpenAPI warning: #/components/schemas/microsoft.graph.salesInvoiceLine/allOf/1/properties/shipmentDate - The format date is not supported by Kiota for the type Null, String and the string type will be used.
Warning: KiotaBuilder OpenAPI warning: #/components/schemas/microsoft.graph.salesInvoiceLine/allOf/1/properties/taxPercent - The format decimal is not supported by Kiota for the type Null, Number and the string type will be used.
Warning: KiotaBuilder OpenAPI warning: #/components/schemas/microsoft.graph.salesInvoiceLine/allOf/1/properties/totalTaxAmount - The format decimal is not supported by Kiota for the type Null, Number and the string type will be used.
Warning: KiotaBuilder OpenAPI warning: #/components/schemas/microsoft.graph.salesInvoiceLine/allOf/1/properties/unitOfMeasureId - The format uuid is not supported by Kiota for the type Null, String and the string type will be used.
Warning: KiotaBuilder OpenAPI warning: #/components/schemas/microsoft.graph.salesInvoiceLine/allOf/1/properties/unitPrice - The format decimal is not supported by Kiota for the type Null, Number and the string type will be used.
Warning: KiotaBuilder OpenAPI warning: #/components/schemas/microsoft.graph.salesOrder/properties/billToCustomerId - The format uuid is not supported by Kiota for the type Null, String and the string type will be used.
Warning: KiotaBuilder OpenAPI warning: #/components/schemas/microsoft.graph.salesOrder/properties/currencyId - The format uuid is not supported by Kiota for the type Null, String and the string type will be used.
Warning: KiotaBuilder OpenAPI warning: #/components/schemas/microsoft.graph.salesOrder/properties/customerId - The format uuid is not supported by Kiota for the type Null, String and the string type will be used.
Warning: KiotaBuilder OpenAPI warning: #/components/schemas/microsoft.graph.salesOrder/properties/discountAmount - The format decimal is not supported by Kiota for the type Null, Number and the string type will be used.
Warning: KiotaBuilder OpenAPI warning: #/components/schemas/microsoft.graph.salesOrder/properties/lastModifiedDateTime - The format date-time is not supported by Kiota for the type Null, String and the string type will be used.
Warning: KiotaBuilder OpenAPI warning: #/components/schemas/microsoft.graph.salesOrder/properties/orderDate - The format date is not supported by Kiota for the type Null, String and the string type will be used.
Warning: KiotaBuilder OpenAPI warning: #/components/schemas/microsoft.graph.salesOrder/properties/paymentTermsId - The format uuid is not supported by Kiota for the type Null, String and the string type will be used.
Warning: KiotaBuilder OpenAPI warning: #/components/schemas/microsoft.graph.salesOrder/properties/requestedDeliveryDate - The format date is not supported by Kiota for the type Null, String and the string type will be used.
Warning: KiotaBuilder OpenAPI warning: #/components/schemas/microsoft.graph.salesOrder/properties/totalAmountExcludingTax - The format decimal is not supported by Kiota for the type Null, Number and the string type will be used.
Warning: KiotaBuilder OpenAPI warning: #/components/schemas/microsoft.graph.salesOrder/properties/totalAmountIncludingTax - The format decimal is not supported by Kiota for the type Null, Number and the string type will be used.
Warning: KiotaBuilder OpenAPI warning: #/components/schemas/microsoft.graph.salesOrder/properties/totalTaxAmount - The format decimal is not supported by Kiota for the type Null, Number and the string type will be used.
Warning: KiotaBuilder OpenAPI warning: #/components/schemas/microsoft.graph.salesOrderLine/allOf/1/properties/accountId - The format uuid is not supported by Kiota for the type Null, String and the string type will be used.
Warning: KiotaBuilder OpenAPI warning: #/components/schemas/microsoft.graph.salesOrderLine/allOf/1/properties/amountExcludingTax - The format decimal is not supported by Kiota for the type Null, Number and the string type will be used.
Warning: KiotaBuilder OpenAPI warning: #/components/schemas/microsoft.graph.salesOrderLine/allOf/1/properties/amountIncludingTax - The format decimal is not supported by Kiota for the type Null, Number and the string type will be used.
Warning: KiotaBuilder OpenAPI warning: #/components/schemas/microsoft.graph.salesOrderLine/allOf/1/properties/discountAmount - The format decimal is not supported by Kiota for the type Null, Number and the string type will be used.
Warning: KiotaBuilder OpenAPI warning: #/components/schemas/microsoft.graph.salesOrderLine/allOf/1/properties/discountPercent - The format decimal is not supported by Kiota for the type Null, Number and the string type will be used.
Warning: KiotaBuilder OpenAPI warning: #/components/schemas/microsoft.graph.salesOrderLine/allOf/1/properties/documentId - The format uuid is not supported by Kiota for the type Null, String and the string type will be used.
Warning: KiotaBuilder OpenAPI warning: #/components/schemas/microsoft.graph.salesOrderLine/allOf/1/properties/invoiceDiscountAllocation - The format decimal is not supported by Kiota for the type Null, Number and the string type will be used.
Warning: KiotaBuilder OpenAPI warning: #/components/schemas/microsoft.graph.salesOrderLine/allOf/1/properties/invoicedQuantity - The format decimal is not supported by Kiota for the type Null, Number and the string type will be used.
Warning: KiotaBuilder OpenAPI warning: #/components/schemas/microsoft.graph.salesOrderLine/allOf/1/properties/invoiceQuantity - The format decimal is not supported by Kiota for the type Null, Number and the string type will be used.
Warning: KiotaBuilder OpenAPI warning: #/components/schemas/microsoft.graph.salesOrderLine/allOf/1/properties/itemId - The format uuid is not supported by Kiota for the type Null, String and the string type will be used.
Warning: KiotaBuilder OpenAPI warning: #/components/schemas/microsoft.graph.salesOrderLine/allOf/1/properties/netAmount - The format decimal is not supported by Kiota for the type Null, Number and the string type will be used.
Warning: KiotaBuilder OpenAPI warning: #/components/schemas/microsoft.graph.salesOrderLine/allOf/1/properties/netAmountIncludingTax - The format decimal is not supported by Kiota for the type Null, Number and the string type will be used.
Warning: KiotaBuilder OpenAPI warning: #/components/schemas/microsoft.graph.salesOrderLine/allOf/1/properties/netTaxAmount - The format decimal is not supported by Kiota for the type Null, Number and the string type will be used.
Warning: KiotaBuilder OpenAPI warning: #/components/schemas/microsoft.graph.salesOrderLine/allOf/1/properties/quantity - The format decimal is not supported by Kiota for the type Null, Number and the string type will be used.
Warning: KiotaBuilder OpenAPI warning: #/components/schemas/microsoft.graph.salesOrderLine/allOf/1/properties/sequence - The format int32 is not supported by Kiota for the type Null, Number and the string type will be used.
Warning: KiotaBuilder OpenAPI warning: #/components/schemas/microsoft.graph.salesOrderLine/allOf/1/properties/shipmentDate - The format date is not supported by Kiota for the type Null, String and the string type will be used.
Warning: KiotaBuilder OpenAPI warning: #/components/schemas/microsoft.graph.salesOrderLine/allOf/1/properties/shippedQuantity - The format decimal is not supported by Kiota for the type Null, Number and the string type will be used.
Warning: KiotaBuilder OpenAPI warning: #/components/schemas/microsoft.graph.salesOrderLine/allOf/1/properties/shipQuantity - The format decimal is not supported by Kiota for the type Null, Number and the string type will be used.
Warning: KiotaBuilder OpenAPI warning: #/components/schemas/microsoft.graph.salesOrderLine/allOf/1/properties/taxPercent - The format decimal is not supported by Kiota for the type Null, Number and the string type will be used.
Warning: KiotaBuilder OpenAPI warning: #/components/schemas/microsoft.graph.salesOrderLine/allOf/1/properties/totalTaxAmount - The format decimal is not supported by Kiota for the type Null, Number and the string type will be used.
Warning: KiotaBuilder OpenAPI warning: #/components/schemas/microsoft.graph.salesOrderLine/allOf/1/properties/unitOfMeasureId - The format uuid is not supported by Kiota for the type Null, String and the string type will be used.
Warning: KiotaBuilder OpenAPI warning: #/components/schemas/microsoft.graph.salesOrderLine/allOf/1/properties/unitPrice - The format decimal is not supported by Kiota for the type Null, Number and the string type will be used.
Warning: KiotaBuilder OpenAPI warning: #/components/schemas/microsoft.graph.salesQuote/properties/acceptedDate - The format date is not supported by Kiota for the type Null, String and the string type will be used.
Warning: KiotaBuilder OpenAPI warning: #/components/schemas/microsoft.graph.salesQuote/properties/billToCustomerId - The format uuid is not supported by Kiota for the type Null, String and the string type will be used.
Warning: KiotaBuilder OpenAPI warning: #/components/schemas/microsoft.graph.salesQuote/properties/currencyId - The format uuid is not supported by Kiota for the type Null, String and the string type will be used.
Warning: KiotaBuilder OpenAPI warning: #/components/schemas/microsoft.graph.salesQuote/properties/customerId - The format uuid is not supported by Kiota for the type Null, String and the string type will be used.
Warning: KiotaBuilder OpenAPI warning: #/components/schemas/microsoft.graph.salesQuote/properties/discountAmount - The format decimal is not supported by Kiota for the type Null, Number and the string type will be used.
Warning: KiotaBuilder OpenAPI warning: #/components/schemas/microsoft.graph.salesQuote/properties/documentDate - The format date is not supported by Kiota for the type Null, String and the string type will be used.
Warning: KiotaBuilder OpenAPI warning: #/components/schemas/microsoft.graph.salesQuote/properties/dueDate - The format date is not supported by Kiota for the type Null, String and the string type will be used.
Warning: KiotaBuilder OpenAPI warning: #/components/schemas/microsoft.graph.salesQuote/properties/lastModifiedDateTime - The format date-time is not supported by Kiota for the type Null, String and the string type will be used.
Warning: KiotaBuilder OpenAPI warning: #/components/schemas/microsoft.graph.salesQuote/properties/paymentTermsId - The format uuid is not supported by Kiota for the type Null, String and the string type will be used.
Warning: KiotaBuilder OpenAPI warning: #/components/schemas/microsoft.graph.salesQuote/properties/sentDate - The format date-time is not supported by Kiota for the type Null, String and the string type will be used.
Warning: KiotaBuilder OpenAPI warning: #/components/schemas/microsoft.graph.salesQuote/properties/shipmentMethodId - The format uuid is not supported by Kiota for the type Null, String and the string type will be used.
Warning: KiotaBuilder OpenAPI warning: #/components/schemas/microsoft.graph.salesQuote/properties/totalAmountExcludingTax - The format decimal is not supported by Kiota for the type Null, Number and the string type will be used.
Warning: KiotaBuilder OpenAPI warning: #/components/schemas/microsoft.graph.salesQuote/properties/totalAmountIncludingTax - The format decimal is not supported by Kiota for the type Null, Number and the string type will be used.
Warning: KiotaBuilder OpenAPI warning: #/components/schemas/microsoft.graph.salesQuote/properties/totalTaxAmount - The format decimal is not supported by Kiota for the type Null, Number and the string type will be used.
Warning: KiotaBuilder OpenAPI warning: #/components/schemas/microsoft.graph.salesQuote/properties/validUntilDate - The format date is not supported by Kiota for the type Null, String and the string type will be used.
Warning: KiotaBuilder OpenAPI warning: #/components/schemas/microsoft.graph.salesQuoteLine/allOf/1/properties/accountId - The format uuid is not supported by Kiota for the type Null, String and the string type will be used.
Warning: KiotaBuilder OpenAPI warning: #/components/schemas/microsoft.graph.salesQuoteLine/allOf/1/properties/amountExcludingTax - The format decimal is not supported by Kiota for the type Null, Number and the string type will be used.
Warning: KiotaBuilder OpenAPI warning: #/components/schemas/microsoft.graph.salesQuoteLine/allOf/1/properties/amountIncludingTax - The format decimal is not supported by Kiota for the type Null, Number and the string type will be used.
Warning: KiotaBuilder OpenAPI warning: #/components/schemas/microsoft.graph.salesQuoteLine/allOf/1/properties/discountAmount - The format decimal is not supported by Kiota for the type Null, Number and the string type will be used.
Warning: KiotaBuilder OpenAPI warning: #/components/schemas/microsoft.graph.salesQuoteLine/allOf/1/properties/discountPercent - The format decimal is not supported by Kiota for the type Null, Number and the string type will be used.
Warning: KiotaBuilder OpenAPI warning: #/components/schemas/microsoft.graph.salesQuoteLine/allOf/1/properties/documentId - The format uuid is not supported by Kiota for the type Null, String and the string type will be used.
Warning: KiotaBuilder OpenAPI warning: #/components/schemas/microsoft.graph.salesQuoteLine/allOf/1/properties/itemId - The format uuid is not supported by Kiota for the type Null, String and the string type will be used.
Warning: KiotaBuilder OpenAPI warning: #/components/schemas/microsoft.graph.salesQuoteLine/allOf/1/properties/netAmount - The format decimal is not supported by Kiota for the type Null, Number and the string type will be used.
Warning: KiotaBuilder OpenAPI warning: #/components/schemas/microsoft.graph.salesQuoteLine/allOf/1/properties/netAmountIncludingTax - The format decimal is not supported by Kiota for the type Null, Number and the string type will be used.
Warning: KiotaBuilder OpenAPI warning: #/components/schemas/microsoft.graph.salesQuoteLine/allOf/1/properties/netTaxAmount - The format decimal is not supported by Kiota for the type Null, Number and the string type will be used.
Warning: KiotaBuilder OpenAPI warning: #/components/schemas/microsoft.graph.salesQuoteLine/allOf/1/properties/quantity - The format decimal is not supported by Kiota for the type Null, Number and the string type will be used.
Warning: KiotaBuilder OpenAPI warning: #/components/schemas/microsoft.graph.salesQuoteLine/allOf/1/properties/sequence - The format int32 is not supported by Kiota for the type Null, Number and the string type will be used.
Warning: KiotaBuilder OpenAPI warning: #/components/schemas/microsoft.graph.salesQuoteLine/allOf/1/properties/taxPercent - The format decimal is not supported by Kiota for the type Null, Number and the string type will be used.
Warning: KiotaBuilder OpenAPI warning: #/components/schemas/microsoft.graph.salesQuoteLine/allOf/1/properties/totalTaxAmount - The format decimal is not supported by Kiota for the type Null, Number and the string type will be used.
Warning: KiotaBuilder OpenAPI warning: #/components/schemas/microsoft.graph.salesQuoteLine/allOf/1/properties/unitOfMeasureId - The format uuid is not supported by Kiota for the type Null, String and the string type will be used.
Warning: KiotaBuilder OpenAPI warning: #/components/schemas/microsoft.graph.salesQuoteLine/allOf/1/properties/unitPrice - The format decimal is not supported by Kiota for the type Null, Number and the string type will be used.
Warning: KiotaBuilder OpenAPI warning: #/components/schemas/microsoft.graph.scheduleChangeRequest/allOf/1/properties/managerActionDateTime - The format date-time is not supported by Kiota for the type Null, String and the string type will be used.
Warning: KiotaBuilder OpenAPI warning: #/components/schemas/microsoft.graph.scheduleChangeRequest/allOf/1/properties/senderDateTime - The format date-time is not supported by Kiota for the type Null, String and the string type will be used.
Warning: KiotaBuilder OpenAPI warning: #/components/schemas/microsoft.graph.secureScore/allOf/1/properties/activeUserCount - The format int32 is not supported by Kiota for the type Null, Number and the string type will be used.
Warning: KiotaBuilder OpenAPI warning: #/components/schemas/microsoft.graph.secureScore/allOf/1/properties/createdDateTime - The format date-time is not supported by Kiota for the type Null, String and the string type will be used.
Warning: KiotaBuilder OpenAPI warning: #/components/schemas/microsoft.graph.secureScore/allOf/1/properties/currentScore/oneOf/0 - The format double is not supported by Kiota for the type Null, Number and the string type will be used.
Warning: KiotaBuilder OpenAPI warning: #/components/schemas/microsoft.graph.secureScore/allOf/1/properties/licensedUserCount - The format int32 is not supported by Kiota for the type Null, Number and the string type will be used.
Warning: KiotaBuilder OpenAPI warning: #/components/schemas/microsoft.graph.secureScore/allOf/1/properties/maxScore/oneOf/0 - The format double is not supported by Kiota for the type Null, Number and the string type will be used.
Warning: KiotaBuilder OpenAPI warning: #/components/schemas/microsoft.graph.secureScoreControlProfile/allOf/1/properties/lastModifiedDateTime - The format date-time is not supported by Kiota for the type Null, String and the string type will be used.
Warning: KiotaBuilder OpenAPI warning: #/components/schemas/microsoft.graph.secureScoreControlProfile/allOf/1/properties/maxScore/oneOf/0 - The format double is not supported by Kiota for the type Null, Number and the string type will be used.
Warning: KiotaBuilder OpenAPI warning: #/components/schemas/microsoft.graph.secureScoreControlProfile/allOf/1/properties/rank - The format int32 is not supported by Kiota for the type Null, Number and the string type will be used.
Warning: KiotaBuilder OpenAPI warning: #/components/schemas/microsoft.graph.securityAction/allOf/1/properties/completedDateTime - The format date-time is not supported by Kiota for the type Null, String and the string type will be used.
Warning: KiotaBuilder OpenAPI warning: #/components/schemas/microsoft.graph.securityAction/allOf/1/properties/createdDateTime - The format date-time is not supported by Kiota for the type Null, String and the string type will be used.
Warning: KiotaBuilder OpenAPI warning: #/components/schemas/microsoft.graph.securityAction/allOf/1/properties/lastActionDateTime - The format date-time is not supported by Kiota for the type Null, String and the string type will be used.
Warning: KiotaBuilder OpenAPI warning: #/components/schemas/microsoft.graph.sensitivityLabel/allOf/1/properties/priority - The format int32 is not supported by Kiota for the type Null, Number and the string type will be used.
Warning: KiotaBuilder OpenAPI warning: #/components/schemas/microsoft.graph.sequentialActivationRenewalsAlertConfiguration/allOf/1/properties/sequentialActivationCounterThreshold - The format int32 is not supported by Kiota for the type Null, Number and the string type will be used.
Warning: KiotaBuilder OpenAPI warning: #/components/schemas/microsoft.graph.sequentialActivationRenewalsAlertConfiguration/allOf/1/properties/timeIntervalBetweenActivations - The format duration is not supported by Kiota for the type Null, String and the string type will be used.
Warning: KiotaBuilder OpenAPI warning: #/components/schemas/microsoft.graph.sequentialActivationRenewalsAlertIncident/allOf/1/properties/activationCount - The format int32 is not supported by Kiota for the type Null, Number and the string type will be used.
Warning: KiotaBuilder OpenAPI warning: #/components/schemas/microsoft.graph.sequentialActivationRenewalsAlertIncident/allOf/1/properties/sequenceEndDateTime - The format date-time is not supported by Kiota for the type Null, String and the string type will be used.
Warning: KiotaBuilder OpenAPI warning: #/components/schemas/microsoft.graph.sequentialActivationRenewalsAlertIncident/allOf/1/properties/sequenceStartDateTime - The format date-time is not supported by Kiota for the type Null, String and the string type will be used.
Warning: KiotaBuilder OpenAPI warning: #/components/schemas/microsoft.graph.serviceAnnouncementAttachment/allOf/1/properties/content - The format base64url is not supported by Kiota for the type Null, String and the string type will be used.
Warning: KiotaBuilder OpenAPI warning: #/components/schemas/microsoft.graph.serviceAnnouncementAttachment/allOf/1/properties/lastModifiedDateTime - The format date-time is not supported by Kiota for the type Null, String and the string type will be used.
Warning: KiotaBuilder OpenAPI warning: #/components/schemas/microsoft.graph.serviceAnnouncementBase/allOf/1/properties/endDateTime - The format date-time is not supported by Kiota for the type Null, String and the string type will be used.
Warning: KiotaBuilder OpenAPI warning: #/components/schemas/microsoft.graph.serviceApp/allOf/1/properties/effectiveDateTime - The format date-time is not supported by Kiota for the type Null, String and the string type will be used.
Warning: KiotaBuilder OpenAPI warning: #/components/schemas/microsoft.graph.serviceApp/allOf/1/properties/lastModifiedDateTime - The format date-time is not supported by Kiota for the type Null, String and the string type will be used.
Warning: KiotaBuilder OpenAPI warning: #/components/schemas/microsoft.graph.serviceApp/allOf/1/properties/registrationDateTime - The format date-time is not supported by Kiota for the type Null, String and the string type will be used.
Warning: KiotaBuilder OpenAPI warning: #/components/schemas/microsoft.graph.serviceNowConnection/allOf/1/properties/createdDateTime - The format date-time is not supported by Kiota for the type Null, String and the string type will be used.
Warning: KiotaBuilder OpenAPI warning: #/components/schemas/microsoft.graph.serviceNowConnection/allOf/1/properties/lastModifiedDateTime - The format date-time is not supported by Kiota for the type Null, String and the string type will be used.
Warning: KiotaBuilder OpenAPI warning: #/components/schemas/microsoft.graph.serviceNowConnection/allOf/1/properties/lastQueriedDateTime - The format date-time is not supported by Kiota for the type Null, String and the string type will be used.
Warning: KiotaBuilder OpenAPI warning: #/components/schemas/microsoft.graph.servicePrincipal/allOf/1/properties/appOwnerOrganizationId - The format uuid is not supported by Kiota for the type Null, String and the string type will be used.
Warning: KiotaBuilder OpenAPI warning: #/components/schemas/microsoft.graph.servicePrincipal/allOf/1/properties/preferredTokenSigningKeyEndDateTime - The format date-time is not supported by Kiota for the type Null, String and the string type will be used.
Warning: KiotaBuilder OpenAPI warning: #/components/schemas/microsoft.graph.servicePrincipal/allOf/1/properties/tokenEncryptionKeyId - The format uuid is not supported by Kiota for the type Null, String and the string type will be used.
Warning: KiotaBuilder OpenAPI warning: #/components/schemas/microsoft.graph.servicePrincipalRiskDetection/allOf/1/properties/activityDateTime - The format date-time is not supported by Kiota for the type Null, String and the string type will be used.
Warning: KiotaBuilder OpenAPI warning: #/components/schemas/microsoft.graph.servicePrincipalRiskDetection/allOf/1/properties/detectedDateTime - The format date-time is not supported by Kiota for the type Null, String and the string type will be used.
Warning: KiotaBuilder OpenAPI warning: #/components/schemas/microsoft.graph.servicePrincipalRiskDetection/allOf/1/properties/lastUpdatedDateTime - The format date-time is not supported by Kiota for the type Null, String and the string type will be used.
Warning: KiotaBuilder OpenAPI warning: #/components/schemas/microsoft.graph.serviceUpdateMessage/allOf/1/properties/actionRequiredByDateTime - The format date-time is not supported by Kiota for the type Null, String and the string type will be used.
Warning: KiotaBuilder OpenAPI warning: #/components/schemas/microsoft.graph.serviceUpdateMessage/allOf/1/properties/attachmentsArchive - The format base64url is not supported by Kiota for the type Null, String and the string type will be used.
Warning: KiotaBuilder OpenAPI warning: #/components/schemas/microsoft.graph.sharedEmailDomainInvitation/allOf/1/properties/expiryTime - The format date-time is not supported by Kiota for the type Null, String and the string type will be used.
Warning: KiotaBuilder OpenAPI warning: #/components/schemas/microsoft.graph.sharedPCConfiguration/allOf/1/properties/idleTimeBeforeSleepInSeconds - The format int32 is not supported by Kiota for the type Null, Number and the string type will be used.
Warning: KiotaBuilder OpenAPI warning: #/components/schemas/microsoft.graph.sharedPCConfiguration/allOf/1/properties/maintenanceStartTime - The format time is not supported by Kiota for the type Null, String and the string type will be used.
Warning: KiotaBuilder OpenAPI warning: #/components/schemas/microsoft.graph.sharepointSettings/allOf/1/properties/allowedDomainGuidsForSyncApp/items - The format uuid is not supported by Kiota for the type Null, String and the string type will be used.
Warning: KiotaBuilder OpenAPI warning: #/components/schemas/microsoft.graph.sharepointSettings/allOf/1/properties/deletedUserPersonalSiteRetentionPeriodInDays - The format int32 is not supported by Kiota for the type Null, Number and the string type will be used.
Warning: KiotaBuilder OpenAPI warning: #/components/schemas/microsoft.graph.sharepointSettings/allOf/1/properties/personalSiteDefaultStorageLimitInMB - The format int64 is not supported by Kiota for the type Null, Number and the string type will be used.
Warning: KiotaBuilder OpenAPI warning: #/components/schemas/microsoft.graph.sharepointSettings/allOf/1/properties/siteCreationDefaultStorageLimitInMB - The format int32 is not supported by Kiota for the type Null, Number and the string type will be used.
Warning: KiotaBuilder OpenAPI warning: #/components/schemas/microsoft.graph.shipmentMethod/properties/lastModifiedDateTime - The format date-time is not supported by Kiota for the type Null, String and the string type will be used.
Warning: KiotaBuilder OpenAPI warning: #/components/schemas/microsoft.graph.signIn/allOf/1/properties/autonomousSystemNumber - The format int32 is not supported by Kiota for the type Null, Number and the string type will be used.
Warning: KiotaBuilder OpenAPI warning: #/components/schemas/microsoft.graph.signIn/allOf/1/properties/processingTimeInMilliseconds - The format int32 is not supported by Kiota for the type Null, Number and the string type will be used.
Warning: KiotaBuilder OpenAPI warning: #/components/schemas/microsoft.graph.simulation/allOf/1/properties/completionDateTime - The format date-time is not supported by Kiota for the type Null, String and the string type will be used.
Warning: KiotaBuilder OpenAPI warning: #/components/schemas/microsoft.graph.simulation/allOf/1/properties/createdDateTime - The format date-time is not supported by Kiota for the type Null, String and the string type will be used.
Warning: KiotaBuilder OpenAPI warning: #/components/schemas/microsoft.graph.simulation/allOf/1/properties/durationInDays - The format int32 is not supported by Kiota for the type Null, Number and the string type will be used.
Warning: KiotaBuilder OpenAPI warning: #/components/schemas/microsoft.graph.simulation/allOf/1/properties/lastModifiedDateTime - The format date-time is not supported by Kiota for the type Null, String and the string type will be used.
Warning: KiotaBuilder OpenAPI warning: #/components/schemas/microsoft.graph.simulation/allOf/1/properties/launchDateTime - The format date-time is not supported by Kiota for the type Null, String and the string type will be used.
Warning: KiotaBuilder OpenAPI warning: #/components/schemas/microsoft.graph.simulationAutomation/allOf/1/properties/createdDateTime - The format date-time is not supported by Kiota for the type Null, String and the string type will be used.
Warning: KiotaBuilder OpenAPI warning: #/components/schemas/microsoft.graph.simulationAutomation/allOf/1/properties/lastModifiedDateTime - The format date-time is not supported by Kiota for the type Null, String and the string type will be used.
Warning: KiotaBuilder OpenAPI warning: #/components/schemas/microsoft.graph.simulationAutomation/allOf/1/properties/lastRunDateTime - The format date-time is not supported by Kiota for the type Null, String and the string type will be used.
Warning: KiotaBuilder OpenAPI warning: #/components/schemas/microsoft.graph.simulationAutomation/allOf/1/properties/nextRunDateTime - The format date-time is not supported by Kiota for the type Null, String and the string type will be used.
Warning: KiotaBuilder OpenAPI warning: #/components/schemas/microsoft.graph.simulationAutomationRun/allOf/1/properties/endDateTime - The format date-time is not supported by Kiota for the type Null, String and the string type will be used.
Warning: KiotaBuilder OpenAPI warning: #/components/schemas/microsoft.graph.simulationAutomationRun/allOf/1/properties/startDateTime - The format date-time is not supported by Kiota for the type Null, String and the string type will be used.
Warning: KiotaBuilder OpenAPI warning: #/components/schemas/microsoft.graph.staleSignInAlertConfiguration/allOf/1/properties/duration - The format duration is not supported by Kiota for the type Null, String and the string type will be used.
Warning: KiotaBuilder OpenAPI warning: #/components/schemas/microsoft.graph.staleSignInAlertIncident/allOf/1/properties/assignmentCreatedDateTime - The format date-time is not supported by Kiota for the type Null, String and the string type will be used.
Warning: KiotaBuilder OpenAPI warning: #/components/schemas/microsoft.graph.staleSignInAlertIncident/allOf/1/properties/lastSignInDateTime - The format date-time is not supported by Kiota for the type Null, String and the string type will be used.
Warning: KiotaBuilder OpenAPI warning: #/components/schemas/microsoft.graph.storageQuotaBreakdown/allOf/1/properties/used - The format int64 is not supported by Kiota for the type Null, Number and the string type will be used.
Warning: KiotaBuilder OpenAPI warning: #/components/schemas/microsoft.graph.strongAuthenticationDetail/allOf/1/properties/encryptedPinHashHistory - The format base64url is not supported by Kiota for the type Null, String and the string type will be used.
Warning: KiotaBuilder OpenAPI warning: #/components/schemas/microsoft.graph.strongAuthenticationDetail/allOf/1/properties/proofupTime - The format int64 is not supported by Kiota for the type Null, Number and the string type will be used.
Warning: KiotaBuilder OpenAPI warning: #/components/schemas/microsoft.graph.strongAuthenticationPhoneAppDetail/allOf/1/properties/deviceId - The format uuid is not supported by Kiota for the type Null, String and the string type will be used.
Warning: KiotaBuilder OpenAPI warning: #/components/schemas/microsoft.graph.strongAuthenticationPhoneAppDetail/allOf/1/properties/lastAuthenticatedDateTime - The format date-time is not supported by Kiota for the type Null, String and the string type will be used.
Warning: KiotaBuilder OpenAPI warning: #/components/schemas/microsoft.graph.strongAuthenticationPhoneAppDetail/allOf/1/properties/tokenGenerationIntervalInSeconds - The format int32 is not supported by Kiota for the type Null, Number and the string type will be used.
Warning: KiotaBuilder OpenAPI warning: #/components/schemas/microsoft.graph.subjectRightsRequest/allOf/1/properties/closedDateTime - The format date-time is not supported by Kiota for the type Null, String and the string type will be used.
Warning: KiotaBuilder OpenAPI warning: #/components/schemas/microsoft.graph.subjectRightsRequest/allOf/1/properties/createdDateTime - The format date-time is not supported by Kiota for the type Null, String and the string type will be used.
Warning: KiotaBuilder OpenAPI warning: #/components/schemas/microsoft.graph.subjectRightsRequest/allOf/1/properties/internalDueDateTime - The format date-time is not supported by Kiota for the type Null, String and the string type will be used.
Warning: KiotaBuilder OpenAPI warning: #/components/schemas/microsoft.graph.subjectRightsRequest/allOf/1/properties/lastModifiedDateTime - The format date-time is not supported by Kiota for the type Null, String and the string type will be used.
Warning: KiotaBuilder OpenAPI warning: #/components/schemas/microsoft.graph.subscribedSku/allOf/1/properties/consumedUnits - The format int32 is not supported by Kiota for the type Null, Number and the string type will be used.
Warning: KiotaBuilder OpenAPI warning: #/components/schemas/microsoft.graph.subscribedSku/allOf/1/properties/skuId - The format uuid is not supported by Kiota for the type Null, String and the string type will be used.
Warning: KiotaBuilder OpenAPI warning: #/components/schemas/microsoft.graph.symantecCodeSigningCertificate/allOf/1/properties/content - The format base64url is not supported by Kiota for the type Null, String and the string type will be used.
Warning: KiotaBuilder OpenAPI warning: #/components/schemas/microsoft.graph.taxArea/properties/lastModifiedDateTime - The format date-time is not supported by Kiota for the type Null, String and the string type will be used.
Warning: KiotaBuilder OpenAPI warning: #/components/schemas/microsoft.graph.taxGroup/allOf/1/properties/lastModifiedDateTime - The format date-time is not supported by Kiota for the type Null, String and the string type will be used.
Warning: KiotaBuilder OpenAPI warning: #/components/schemas/microsoft.graph.team/allOf/1/properties/createdDateTime - The format date-time is not supported by Kiota for the type Null, String and the string type will be used.
Warning: KiotaBuilder OpenAPI warning: #/components/schemas/microsoft.graph.teamsAppDefinition/allOf/1/properties/lastModifiedDateTime - The format date-time is not supported by Kiota for the type Null, String and the string type will be used.
Warning: KiotaBuilder OpenAPI warning: #/components/schemas/microsoft.graph.teamTemplateDefinition/allOf/1/properties/lastModifiedDateTime - The format date-time is not supported by Kiota for the type Null, String and the string type will be used.
Warning: KiotaBuilder OpenAPI warning: #/components/schemas/microsoft.graph.teamworkDevice/allOf/1/properties/createdDateTime - The format date-time is not supported by Kiota for the type Null, String and the string type will be used.
Warning: KiotaBuilder OpenAPI warning: #/components/schemas/microsoft.graph.teamworkDevice/allOf/1/properties/lastModifiedDateTime - The format date-time is not supported by Kiota for the type Null, String and the string type will be used.
Warning: KiotaBuilder OpenAPI warning: #/components/schemas/microsoft.graph.teamworkDeviceActivity/allOf/1/properties/createdDateTime - The format date-time is not supported by Kiota for the type Null, String and the string type will be used.
Warning: KiotaBuilder OpenAPI warning: #/components/schemas/microsoft.graph.teamworkDeviceActivity/allOf/1/properties/lastModifiedDateTime - The format date-time is not supported by Kiota for the type Null, String and the string type will be used.
Warning: KiotaBuilder OpenAPI warning: #/components/schemas/microsoft.graph.teamworkDeviceConfiguration/allOf/1/properties/createdDateTime - The format date-time is not supported by Kiota for the type Null, String and the string type will be used.
Warning: KiotaBuilder OpenAPI warning: #/components/schemas/microsoft.graph.teamworkDeviceConfiguration/allOf/1/properties/lastModifiedDateTime - The format date-time is not supported by Kiota for the type Null, String and the string type will be used.
Warning: KiotaBuilder OpenAPI warning: #/components/schemas/microsoft.graph.teamworkDeviceHealth/allOf/1/properties/createdDateTime - The format date-time is not supported by Kiota for the type Null, String and the string type will be used.
Warning: KiotaBuilder OpenAPI warning: #/components/schemas/microsoft.graph.teamworkDeviceHealth/allOf/1/properties/lastModifiedDateTime - The format date-time is not supported by Kiota for the type Null, String and the string type will be used.
Warning: KiotaBuilder OpenAPI warning: #/components/schemas/microsoft.graph.teamworkDeviceOperation/allOf/1/properties/completedDateTime - The format date-time is not supported by Kiota for the type Null, String and the string type will be used.
Warning: KiotaBuilder OpenAPI warning: #/components/schemas/microsoft.graph.teamworkDeviceOperation/allOf/1/properties/createdDateTime - The format date-time is not supported by Kiota for the type Null, String and the string type will be used.
Warning: KiotaBuilder OpenAPI warning: #/components/schemas/microsoft.graph.teamworkDeviceOperation/allOf/1/properties/lastActionDateTime - The format date-time is not supported by Kiota for the type Null, String and the string type will be used.
Warning: KiotaBuilder OpenAPI warning: #/components/schemas/microsoft.graph.teamworkDeviceOperation/allOf/1/properties/startedDateTime - The format date-time is not supported by Kiota for the type Null, String and the string type will be used.
Warning: KiotaBuilder OpenAPI warning: #/components/schemas/microsoft.graph.teamworkHostedContent/allOf/1/properties/contentBytes - The format base64url is not supported by Kiota for the type Null, String and the string type will be used.
Warning: KiotaBuilder OpenAPI warning: #/components/schemas/microsoft.graph.teamworkTag/allOf/1/properties/memberCount - The format int32 is not supported by Kiota for the type Null, Number and the string type will be used.
Warning: KiotaBuilder OpenAPI warning: #/components/schemas/microsoft.graph.temporaryAccessPassAuthenticationMethod/allOf/1/properties/lifetimeInMinutes - The format int32 is not supported by Kiota for the type Null, Number and the string type will be used.
Warning: KiotaBuilder OpenAPI warning: #/components/schemas/microsoft.graph.temporaryAccessPassAuthenticationMethod/allOf/1/properties/startDateTime - The format date-time is not supported by Kiota for the type Null, String and the string type will be used.
Warning: KiotaBuilder OpenAPI warning: #/components/schemas/microsoft.graph.temporaryAccessPassAuthenticationMethodConfiguration/allOf/1/properties/defaultLength - The format int32 is not supported by Kiota for the type Null, Number and the string type will be used.
Warning: KiotaBuilder OpenAPI warning: #/components/schemas/microsoft.graph.temporaryAccessPassAuthenticationMethodConfiguration/allOf/1/properties/defaultLifetimeInMinutes - The format int32 is not supported by Kiota for the type Null, Number and the string type will be used.
Warning: KiotaBuilder OpenAPI warning: #/components/schemas/microsoft.graph.temporaryAccessPassAuthenticationMethodConfiguration/allOf/1/properties/maximumLifetimeInMinutes - The format int32 is not supported by Kiota for the type Null, Number and the string type will be used.
Warning: KiotaBuilder OpenAPI warning: #/components/schemas/microsoft.graph.temporaryAccessPassAuthenticationMethodConfiguration/allOf/1/properties/minimumLifetimeInMinutes - The format int32 is not supported by Kiota for the type Null, Number and the string type will be used.
Warning: KiotaBuilder OpenAPI warning: #/components/schemas/microsoft.graph.threatAssessmentRequest/allOf/1/properties/createdDateTime - The format date-time is not supported by Kiota for the type Null, String and the string type will be used.
Warning: KiotaBuilder OpenAPI warning: #/components/schemas/microsoft.graph.threatAssessmentResult/allOf/1/properties/createdDateTime - The format date-time is not supported by Kiota for the type Null, String and the string type will be used.
Warning: KiotaBuilder OpenAPI warning: #/components/schemas/microsoft.graph.tiIndicator/allOf/1/properties/confidence - The format int32 is not supported by Kiota for the type Null, Number and the string type will be used.
Warning: KiotaBuilder OpenAPI warning: #/components/schemas/microsoft.graph.tiIndicator/allOf/1/properties/expirationDateTime - The format date-time is not supported by Kiota for the type Null, String and the string type will be used.
Warning: KiotaBuilder OpenAPI warning: #/components/schemas/microsoft.graph.tiIndicator/allOf/1/properties/fileCompileDateTime - The format date-time is not supported by Kiota for the type Null, String and the string type will be used.
Warning: KiotaBuilder OpenAPI warning: #/components/schemas/microsoft.graph.tiIndicator/allOf/1/properties/fileCreatedDateTime - The format date-time is not supported by Kiota for the type Null, String and the string type will be used.
Warning: KiotaBuilder OpenAPI warning: #/components/schemas/microsoft.graph.tiIndicator/allOf/1/properties/fileSize - The format int64 is not supported by Kiota for the type Null, Number and the string type will be used.
Warning: KiotaBuilder OpenAPI warning: #/components/schemas/microsoft.graph.tiIndicator/allOf/1/properties/ingestedDateTime - The format date-time is not supported by Kiota for the type Null, String and the string type will be used.
Warning: KiotaBuilder OpenAPI warning: #/components/schemas/microsoft.graph.tiIndicator/allOf/1/properties/lastReportedDateTime - The format date-time is not supported by Kiota for the type Null, String and the string type will be used.
Warning: KiotaBuilder OpenAPI warning: #/components/schemas/microsoft.graph.tiIndicator/allOf/1/properties/networkDestinationAsn - The format int64 is not supported by Kiota for the type Null, Number and the string type will be used.
Warning: KiotaBuilder OpenAPI warning: #/components/schemas/microsoft.graph.tiIndicator/allOf/1/properties/networkDestinationPort - The format int32 is not supported by Kiota for the type Null, Number and the string type will be used.
Warning: KiotaBuilder OpenAPI warning: #/components/schemas/microsoft.graph.tiIndicator/allOf/1/properties/networkPort - The format int32 is not supported by Kiota for the type Null, Number and the string type will be used.
Warning: KiotaBuilder OpenAPI warning: #/components/schemas/microsoft.graph.tiIndicator/allOf/1/properties/networkProtocol - The format int32 is not supported by Kiota for the type Null, Number and the string type will be used.
Warning: KiotaBuilder OpenAPI warning: #/components/schemas/microsoft.graph.tiIndicator/allOf/1/properties/networkSourceAsn - The format int64 is not supported by Kiota for the type Null, Number and the string type will be used.
Warning: KiotaBuilder OpenAPI warning: #/components/schemas/microsoft.graph.tiIndicator/allOf/1/properties/networkSourcePort - The format int32 is not supported by Kiota for the type Null, Number and the string type will be used.
Warning: KiotaBuilder OpenAPI warning: #/components/schemas/microsoft.graph.tiIndicator/allOf/1/properties/severity - The format int32 is not supported by Kiota for the type Null, Number and the string type will be used.
Warning: KiotaBuilder OpenAPI warning: #/components/schemas/microsoft.graph.timeOffRequest/allOf/1/properties/endDateTime - The format date-time is not supported by Kiota for the type Null, String and the string type will be used.
Warning: KiotaBuilder OpenAPI warning: #/components/schemas/microsoft.graph.timeOffRequest/allOf/1/properties/startDateTime - The format date-time is not supported by Kiota for the type Null, String and the string type will be used.
Warning: KiotaBuilder OpenAPI warning: #/components/schemas/microsoft.graph.tooManyGlobalAdminsAssignedToTenantAlertConfiguration/allOf/1/properties/globalAdminCountThreshold - The format int32 is not supported by Kiota for the type Null, Number and the string type will be used.
Warning: KiotaBuilder OpenAPI warning: #/components/schemas/microsoft.graph.tooManyGlobalAdminsAssignedToTenantAlertConfiguration/allOf/1/properties/percentageOfGlobalAdminsOutOfRolesThreshold - The format int32 is not supported by Kiota for the type Null, Number and the string type will be used.
Warning: KiotaBuilder OpenAPI warning: #/components/schemas/microsoft.graph.training/allOf/1/properties/createdDateTime - The format date-time is not supported by Kiota for the type Null, String and the string type will be used.
Warning: KiotaBuilder OpenAPI warning: #/components/schemas/microsoft.graph.training/allOf/1/properties/durationInMinutes - The format int32 is not supported by Kiota for the type Null, Number and the string type will be used.
Warning: KiotaBuilder OpenAPI warning: #/components/schemas/microsoft.graph.training/allOf/1/properties/lastModifiedDateTime - The format date-time is not supported by Kiota for the type Null, String and the string type will be used.
Warning: KiotaBuilder OpenAPI warning: #/components/schemas/microsoft.graph.trainingCampaign/allOf/1/properties/createdDateTime - The format date-time is not supported by Kiota for the type Null, String and the string type will be used.
Warning: KiotaBuilder OpenAPI warning: #/components/schemas/microsoft.graph.trainingCampaign/allOf/1/properties/lastModifiedDateTime - The format date-time is not supported by Kiota for the type Null, String and the string type will be used.
Warning: KiotaBuilder OpenAPI warning: #/components/schemas/microsoft.graph.trainingLanguageDetail/allOf/1/properties/createdDateTime - The format date-time is not supported by Kiota for the type Null, String and the string type will be used.
Warning: KiotaBuilder OpenAPI warning: #/components/schemas/microsoft.graph.trainingLanguageDetail/allOf/1/properties/lastModifiedDateTime - The format date-time is not supported by Kiota for the type Null, String and the string type will be used.
Warning: KiotaBuilder OpenAPI warning: #/components/schemas/microsoft.graph.trending/allOf/1/properties/lastModifiedDateTime - The format date-time is not supported by Kiota for the type Null, String and the string type will be used.
Warning: KiotaBuilder OpenAPI warning: #/components/schemas/microsoft.graph.trending/allOf/1/properties/weight/oneOf/0 - The format double is not supported by Kiota for the type Null, Number and the string type will be used.
Warning: KiotaBuilder OpenAPI warning: #/components/schemas/microsoft.graph.trustFrameworkKey_v2/properties/exp - The format int64 is not supported by Kiota for the type Null, Number and the string type will be used.
Warning: KiotaBuilder OpenAPI warning: #/components/schemas/microsoft.graph.trustFrameworkKey_v2/properties/nbf - The format int64 is not supported by Kiota for the type Null, Number and the string type will be used.
Warning: KiotaBuilder OpenAPI warning: #/components/schemas/microsoft.graph.unifiedRoleAssignmentScheduleInstance/allOf/1/properties/endDateTime - The format date-time is not supported by Kiota for the type Null, String and the string type will be used.
Warning: KiotaBuilder OpenAPI warning: #/components/schemas/microsoft.graph.unifiedRoleAssignmentScheduleInstance/allOf/1/properties/startDateTime - The format date-time is not supported by Kiota for the type Null, String and the string type will be used.
Warning: KiotaBuilder OpenAPI warning: #/components/schemas/microsoft.graph.unifiedRoleEligibilityScheduleInstance/allOf/1/properties/endDateTime - The format date-time is not supported by Kiota for the type Null, String and the string type will be used.
Warning: KiotaBuilder OpenAPI warning: #/components/schemas/microsoft.graph.unifiedRoleEligibilityScheduleInstance/allOf/1/properties/startDateTime - The format date-time is not supported by Kiota for the type Null, String and the string type will be used.
Warning: KiotaBuilder OpenAPI warning: #/components/schemas/microsoft.graph.unifiedRoleManagementAlert/allOf/1/properties/incidentCount - The format int32 is not supported by Kiota for the type Null, Number and the string type will be used.
Warning: KiotaBuilder OpenAPI warning: #/components/schemas/microsoft.graph.unifiedRoleManagementAlert/allOf/1/properties/lastModifiedDateTime - The format date-time is not supported by Kiota for the type Null, String and the string type will be used.
Warning: KiotaBuilder OpenAPI warning: #/components/schemas/microsoft.graph.unifiedRoleManagementAlert/allOf/1/properties/lastScannedDateTime - The format date-time is not supported by Kiota for the type Null, String and the string type will be used.
Warning: KiotaBuilder OpenAPI warning: #/components/schemas/microsoft.graph.unifiedRoleManagementPolicy/allOf/1/properties/lastModifiedDateTime - The format date-time is not supported by Kiota for the type Null, String and the string type will be used.
Warning: KiotaBuilder OpenAPI warning: #/components/schemas/microsoft.graph.unifiedRoleManagementPolicyExpirationRule/allOf/1/properties/maximumDuration - The format duration is not supported by Kiota for the type Null, String and the string type will be used.
Warning: KiotaBuilder OpenAPI warning: #/components/schemas/microsoft.graph.unifiedRoleScheduleBase/allOf/1/properties/createdDateTime - The format date-time is not supported by Kiota for the type Null, String and the string type will be used.
Warning: KiotaBuilder OpenAPI warning: #/components/schemas/microsoft.graph.unifiedRoleScheduleBase/allOf/1/properties/modifiedDateTime - The format date-time is not supported by Kiota for the type Null, String and the string type will be used.
Warning: KiotaBuilder OpenAPI warning: #/components/schemas/microsoft.graph.unifiedStorageQuota/allOf/1/properties/deleted - The format int64 is not supported by Kiota for the type Null, Number and the string type will be used.
Warning: KiotaBuilder OpenAPI warning: #/components/schemas/microsoft.graph.unifiedStorageQuota/allOf/1/properties/remaining - The format int64 is not supported by Kiota for the type Null, Number and the string type will be used.
Warning: KiotaBuilder OpenAPI warning: #/components/schemas/microsoft.graph.unifiedStorageQuota/allOf/1/properties/total - The format int64 is not supported by Kiota for the type Null, Number and the string type will be used.
Warning: KiotaBuilder OpenAPI warning: #/components/schemas/microsoft.graph.unifiedStorageQuota/allOf/1/properties/used - The format int64 is not supported by Kiota for the type Null, Number and the string type will be used.
Warning: KiotaBuilder OpenAPI warning: #/components/schemas/microsoft.graph.unitOfMeasure/properties/lastModifiedDateTime - The format date-time is not supported by Kiota for the type Null, String and the string type will be used.
Warning: KiotaBuilder OpenAPI warning: #/components/schemas/microsoft.graph.user/allOf/1/properties/createdDateTime - The format date-time is not supported by Kiota for the type Null, String and the string type will be used.
Warning: KiotaBuilder OpenAPI warning: #/components/schemas/microsoft.graph.user/allOf/1/properties/employeeHireDate - The format date-time is not supported by Kiota for the type Null, String and the string type will be used.
Warning: KiotaBuilder OpenAPI warning: #/components/schemas/microsoft.graph.user/allOf/1/properties/employeeLeaveDateTime - The format date-time is not supported by Kiota for the type Null, String and the string type will be used.
Warning: KiotaBuilder OpenAPI warning: #/components/schemas/microsoft.graph.user/allOf/1/properties/lastPasswordChangeDateTime - The format date-time is not supported by Kiota for the type Null, String and the string type will be used.
Warning: KiotaBuilder OpenAPI warning: #/components/schemas/microsoft.graph.user/allOf/1/properties/onPremisesLastSyncDateTime - The format date-time is not supported by Kiota for the type Null, String and the string type will be used.
Warning: KiotaBuilder OpenAPI warning: #/components/schemas/microsoft.graph.user/allOf/1/properties/refreshTokensValidFromDateTime - The format date-time is not supported by Kiota for the type Null, String and the string type will be used.
Warning: KiotaBuilder OpenAPI warning: #/components/schemas/microsoft.graph.user/allOf/1/properties/signInSessionsValidFromDateTime - The format date-time is not supported by Kiota for the type Null, String and the string type will be used.
Warning: KiotaBuilder OpenAPI warning: #/components/schemas/microsoft.graph.userActivity/allOf/1/properties/createdDateTime - The format date-time is not supported by Kiota for the type Null, String and the string type will be used.
Warning: KiotaBuilder OpenAPI warning: #/components/schemas/microsoft.graph.userActivity/allOf/1/properties/expirationDateTime - The format date-time is not supported by Kiota for the type Null, String and the string type will be used.
Warning: KiotaBuilder OpenAPI warning: #/components/schemas/microsoft.graph.userActivity/allOf/1/properties/lastModifiedDateTime - The format date-time is not supported by Kiota for the type Null, String and the string type will be used.
Warning: KiotaBuilder OpenAPI warning: #/components/schemas/microsoft.graph.userConfiguration/allOf/1/properties/binaryData - The format base64url is not supported by Kiota for the type Null, String and the string type will be used.
Warning: KiotaBuilder OpenAPI warning: #/components/schemas/microsoft.graph.userExperienceAnalyticsAnomalyCorrelationGroupOverview/allOf/1/properties/correlationGroupPrevalencePercentage/oneOf/0 - The format double is not supported by Kiota for the type Null, Number and the string type will be used.
Warning: KiotaBuilder OpenAPI warning: #/components/schemas/microsoft.graph.userExperienceAnalyticsAppHealthApplicationPerformance/allOf/1/properties/appHealthScore/oneOf/0 - The format double is not supported by Kiota for the type Null, Number and the string type will be used.
Warning: KiotaBuilder OpenAPI warning: #/components/schemas/microsoft.graph.userExperienceAnalyticsAppHealthDeviceModelPerformance/allOf/1/properties/modelAppHealthScore/oneOf/0 - The format double is not supported by Kiota for the type Null, Number and the string type will be used.
Warning: KiotaBuilder OpenAPI warning: #/components/schemas/microsoft.graph.userExperienceAnalyticsAppHealthDevicePerformance/allOf/1/properties/deviceAppHealthScore/oneOf/0 - The format double is not supported by Kiota for the type Null, Number and the string type will be used.
Warning: KiotaBuilder OpenAPI warning: #/components/schemas/microsoft.graph.userExperienceAnalyticsAppHealthOSVersionPerformance/allOf/1/properties/osVersionAppHealthScore/oneOf/0 - The format double is not supported by Kiota for the type Null, Number and the string type will be used.
Warning: KiotaBuilder OpenAPI warning: #/components/schemas/microsoft.graph.userExperienceAnalyticsBatteryHealthAppImpact/allOf/1/properties/batteryUsagePercentage/oneOf/0 - The format double is not supported by Kiota for the type Null, Number and the string type will be used.
Warning: KiotaBuilder OpenAPI warning: #/components/schemas/microsoft.graph.userExperienceAnalyticsBatteryHealthDeviceAppImpact/allOf/1/properties/batteryUsagePercentage/oneOf/0 - The format double is not supported by Kiota for the type Null, Number and the string type will be used.
Warning: KiotaBuilder OpenAPI warning: #/components/schemas/microsoft.graph.userExperienceAnalyticsDevicePerformance/allOf/1/properties/averageBlueScreens/oneOf/0 - The format double is not supported by Kiota for the type Null, Number and the string type will be used.
Warning: KiotaBuilder OpenAPI warning: #/components/schemas/microsoft.graph.userExperienceAnalyticsDevicePerformance/allOf/1/properties/averageRestarts/oneOf/0 - The format double is not supported by Kiota for the type Null, Number and the string type will be used.
Warning: KiotaBuilder OpenAPI warning: #/components/schemas/microsoft.graph.userExperienceAnalyticsDevicePerformance/allOf/1/properties/modelStartupPerformanceScore/oneOf/0 - The format double is not supported by Kiota for the type Null, Number and the string type will be used.
Warning: KiotaBuilder OpenAPI warning: #/components/schemas/microsoft.graph.userExperienceAnalyticsDevicePerformance/allOf/1/properties/startupPerformanceScore/oneOf/0 - The format double is not supported by Kiota for the type Null, Number and the string type will be used.
Warning: KiotaBuilder OpenAPI warning: #/components/schemas/microsoft.graph.userExperienceAnalyticsDeviceScores/allOf/1/properties/appReliabilityScore/oneOf/0 - The format double is not supported by Kiota for the type Null, Number and the string type will be used.
Warning: KiotaBuilder OpenAPI warning: #/components/schemas/microsoft.graph.userExperienceAnalyticsDeviceScores/allOf/1/properties/batteryHealthScore/oneOf/0 - The format double is not supported by Kiota for the type Null, Number and the string type will be used.
Warning: KiotaBuilder OpenAPI warning: #/components/schemas/microsoft.graph.userExperienceAnalyticsDeviceScores/allOf/1/properties/endpointAnalyticsScore/oneOf/0 - The format double is not supported by Kiota for the type Null, Number and the string type will be used.
Warning: KiotaBuilder OpenAPI warning: #/components/schemas/microsoft.graph.userExperienceAnalyticsDeviceScores/allOf/1/properties/meanResourceSpikeTimeScore/oneOf/0 - The format double is not supported by Kiota for the type Null, Number and the string type will be used.
Warning: KiotaBuilder OpenAPI warning: #/components/schemas/microsoft.graph.userExperienceAnalyticsDeviceScores/allOf/1/properties/startupPerformanceScore/oneOf/0 - The format double is not supported by Kiota for the type Null, Number and the string type will be used.
Warning: KiotaBuilder OpenAPI warning: #/components/schemas/microsoft.graph.userExperienceAnalyticsDeviceScores/allOf/1/properties/workFromAnywhereScore/oneOf/0 - The format double is not supported by Kiota for the type Null, Number and the string type will be used.
Warning: KiotaBuilder OpenAPI warning: #/components/schemas/microsoft.graph.userExperienceAnalyticsImpactingProcess/allOf/1/properties/impactValue/oneOf/0 - The format double is not supported by Kiota for the type Null, Number and the string type will be used.
Warning: KiotaBuilder OpenAPI warning: #/components/schemas/microsoft.graph.userExperienceAnalyticsMetric/allOf/1/properties/value/oneOf/0 - The format double is not supported by Kiota for the type Null, Number and the string type will be used.
Warning: KiotaBuilder OpenAPI warning: #/components/schemas/microsoft.graph.userExperienceAnalyticsModelScores/allOf/1/properties/appReliabilityScore/oneOf/0 - The format double is not supported by Kiota for the type Null, Number and the string type will be used.
Warning: KiotaBuilder OpenAPI warning: #/components/schemas/microsoft.graph.userExperienceAnalyticsModelScores/allOf/1/properties/batteryHealthScore/oneOf/0 - The format double is not supported by Kiota for the type Null, Number and the string type will be used.
Warning: KiotaBuilder OpenAPI warning: #/components/schemas/microsoft.graph.userExperienceAnalyticsModelScores/allOf/1/properties/endpointAnalyticsScore/oneOf/0 - The format double is not supported by Kiota for the type Null, Number and the string type will be used.
Warning: KiotaBuilder OpenAPI warning: #/components/schemas/microsoft.graph.userExperienceAnalyticsModelScores/allOf/1/properties/meanResourceSpikeTimeScore/oneOf/0 - The format double is not supported by Kiota for the type Null, Number and the string type will be used.
Warning: KiotaBuilder OpenAPI warning: #/components/schemas/microsoft.graph.userExperienceAnalyticsModelScores/allOf/1/properties/startupPerformanceScore/oneOf/0 - The format double is not supported by Kiota for the type Null, Number and the string type will be used.
Warning: KiotaBuilder OpenAPI warning: #/components/schemas/microsoft.graph.userExperienceAnalyticsModelScores/allOf/1/properties/workFromAnywhereScore/oneOf/0 - The format double is not supported by Kiota for the type Null, Number and the string type will be used.
Warning: KiotaBuilder OpenAPI warning: #/components/schemas/microsoft.graph.userExperienceAnalyticsRemoteConnection/allOf/1/properties/cloudPcFailurePercentage/oneOf/0 - The format double is not supported by Kiota for the type Null, Number and the string type will be used.
Warning: KiotaBuilder OpenAPI warning: #/components/schemas/microsoft.graph.userExperienceAnalyticsRemoteConnection/allOf/1/properties/cloudPcRoundTripTime/oneOf/0 - The format double is not supported by Kiota for the type Null, Number and the string type will be used.
Warning: KiotaBuilder OpenAPI warning: #/components/schemas/microsoft.graph.userExperienceAnalyticsRemoteConnection/allOf/1/properties/cloudPcSignInTime/oneOf/0 - The format double is not supported by Kiota for the type Null, Number and the string type will be used.
Warning: KiotaBuilder OpenAPI warning: #/components/schemas/microsoft.graph.userExperienceAnalyticsRemoteConnection/allOf/1/properties/coreBootTime/oneOf/0 - The format double is not supported by Kiota for the type Null, Number and the string type will be used.
Warning: KiotaBuilder OpenAPI warning: #/components/schemas/microsoft.graph.userExperienceAnalyticsRemoteConnection/allOf/1/properties/coreSignInTime/oneOf/0 - The format double is not supported by Kiota for the type Null, Number and the string type will be used.
Warning: KiotaBuilder OpenAPI warning: #/components/schemas/microsoft.graph.userExperienceAnalyticsRemoteConnection/allOf/1/properties/remoteSignInTime/oneOf/0 - The format double is not supported by Kiota for the type Null, Number and the string type will be used.
Warning: KiotaBuilder OpenAPI warning: #/components/schemas/microsoft.graph.userExperienceAnalyticsResourcePerformance/allOf/1/properties/cpuClockSpeedInMHz/oneOf/0 - The format double is not supported by Kiota for the type Null, Number and the string type will be used.
Warning: KiotaBuilder OpenAPI warning: #/components/schemas/microsoft.graph.userExperienceAnalyticsResourcePerformance/allOf/1/properties/cpuSpikeTimePercentage/oneOf/0 - The format double is not supported by Kiota for the type Null, Number and the string type will be used.
Warning: KiotaBuilder OpenAPI warning: #/components/schemas/microsoft.graph.userExperienceAnalyticsResourcePerformance/allOf/1/properties/cpuSpikeTimePercentageThreshold/oneOf/0 - The format double is not supported by Kiota for the type Null, Number and the string type will be used.
Warning: KiotaBuilder OpenAPI warning: #/components/schemas/microsoft.graph.userExperienceAnalyticsResourcePerformance/allOf/1/properties/ramSpikeTimePercentage/oneOf/0 - The format double is not supported by Kiota for the type Null, Number and the string type will be used.
Warning: KiotaBuilder OpenAPI warning: #/components/schemas/microsoft.graph.userExperienceAnalyticsResourcePerformance/allOf/1/properties/ramSpikeTimePercentageThreshold/oneOf/0 - The format double is not supported by Kiota for the type Null, Number and the string type will be used.
Warning: KiotaBuilder OpenAPI warning: #/components/schemas/microsoft.graph.userExperienceAnalyticsResourcePerformance/allOf/1/properties/totalRamInMB/oneOf/0 - The format double is not supported by Kiota for the type Null, Number and the string type will be used.
Warning: KiotaBuilder OpenAPI warning: #/components/schemas/microsoft.graph.userExperienceAnalyticsWorkFromAnywhereDevice/allOf/1/properties/cloudIdentityScore/oneOf/0 - The format double is not supported by Kiota for the type Null, Number and the string type will be used.
Warning: KiotaBuilder OpenAPI warning: #/components/schemas/microsoft.graph.userExperienceAnalyticsWorkFromAnywhereDevice/allOf/1/properties/cloudManagementScore/oneOf/0 - The format double is not supported by Kiota for the type Null, Number and the string type will be used.
Warning: KiotaBuilder OpenAPI warning: #/components/schemas/microsoft.graph.userExperienceAnalyticsWorkFromAnywhereDevice/allOf/1/properties/cloudProvisioningScore/oneOf/0 - The format double is not supported by Kiota for the type Null, Number and the string type will be used.
Warning: KiotaBuilder OpenAPI warning: #/components/schemas/microsoft.graph.userExperienceAnalyticsWorkFromAnywhereDevice/allOf/1/properties/windowsScore/oneOf/0 - The format double is not supported by Kiota for the type Null, Number and the string type will be used.
Warning: KiotaBuilder OpenAPI warning: #/components/schemas/microsoft.graph.userExperienceAnalyticsWorkFromAnywhereDevice/allOf/1/properties/workFromAnywhereScore/oneOf/0 - The format double is not supported by Kiota for the type Null, Number and the string type will be used.
Warning: KiotaBuilder OpenAPI warning: #/components/schemas/microsoft.graph.userExperienceAnalyticsWorkFromAnywhereHardwareReadinessMetric/allOf/1/properties/osCheckFailedPercentage/oneOf/0 - The format double is not supported by Kiota for the type Null, Number and the string type will be used.
Warning: KiotaBuilder OpenAPI warning: #/components/schemas/microsoft.graph.userExperienceAnalyticsWorkFromAnywhereHardwareReadinessMetric/allOf/1/properties/processor64BitCheckFailedPercentage/oneOf/0 - The format double is not supported by Kiota for the type Null, Number and the string type will be used.
Warning: KiotaBuilder OpenAPI warning: #/components/schemas/microsoft.graph.userExperienceAnalyticsWorkFromAnywhereHardwareReadinessMetric/allOf/1/properties/processorCoreCountCheckFailedPercentage/oneOf/0 - The format double is not supported by Kiota for the type Null, Number and the string type will be used.
Warning: KiotaBuilder OpenAPI warning: #/components/schemas/microsoft.graph.userExperienceAnalyticsWorkFromAnywhereHardwareReadinessMetric/allOf/1/properties/processorFamilyCheckFailedPercentage/oneOf/0 - The format double is not supported by Kiota for the type Null, Number and the string type will be used.
Warning: KiotaBuilder OpenAPI warning: #/components/schemas/microsoft.graph.userExperienceAnalyticsWorkFromAnywhereHardwareReadinessMetric/allOf/1/properties/processorSpeedCheckFailedPercentage/oneOf/0 - The format double is not supported by Kiota for the type Null, Number and the string type will be used.
Warning: KiotaBuilder OpenAPI warning: #/components/schemas/microsoft.graph.userExperienceAnalyticsWorkFromAnywhereHardwareReadinessMetric/allOf/1/properties/ramCheckFailedPercentage/oneOf/0 - The format double is not supported by Kiota for the type Null, Number and the string type will be used.
Warning: KiotaBuilder OpenAPI warning: #/components/schemas/microsoft.graph.userExperienceAnalyticsWorkFromAnywhereHardwareReadinessMetric/allOf/1/properties/secureBootCheckFailedPercentage/oneOf/0 - The format double is not supported by Kiota for the type Null, Number and the string type will be used.
Warning: KiotaBuilder OpenAPI warning: #/components/schemas/microsoft.graph.userExperienceAnalyticsWorkFromAnywhereHardwareReadinessMetric/allOf/1/properties/storageCheckFailedPercentage/oneOf/0 - The format double is not supported by Kiota for the type Null, Number and the string type will be used.
Warning: KiotaBuilder OpenAPI warning: #/components/schemas/microsoft.graph.userExperienceAnalyticsWorkFromAnywhereHardwareReadinessMetric/allOf/1/properties/tpmCheckFailedPercentage/oneOf/0 - The format double is not supported by Kiota for the type Null, Number and the string type will be used.
Warning: KiotaBuilder OpenAPI warning: #/components/schemas/microsoft.graph.userExperienceAnalyticsWorkFromAnywhereModelPerformance/allOf/1/properties/cloudIdentityScore/oneOf/0 - The format double is not supported by Kiota for the type Null, Number and the string type will be used.
Warning: KiotaBuilder OpenAPI warning: #/components/schemas/microsoft.graph.userExperienceAnalyticsWorkFromAnywhereModelPerformance/allOf/1/properties/cloudManagementScore/oneOf/0 - The format double is not supported by Kiota for the type Null, Number and the string type will be used.
Warning: KiotaBuilder OpenAPI warning: #/components/schemas/microsoft.graph.userExperienceAnalyticsWorkFromAnywhereModelPerformance/allOf/1/properties/cloudProvisioningScore/oneOf/0 - The format double is not supported by Kiota for the type Null, Number and the string type will be used.
Warning: KiotaBuilder OpenAPI warning: #/components/schemas/microsoft.graph.userExperienceAnalyticsWorkFromAnywhereModelPerformance/allOf/1/properties/windowsScore/oneOf/0 - The format double is not supported by Kiota for the type Null, Number and the string type will be used.
Warning: KiotaBuilder OpenAPI warning: #/components/schemas/microsoft.graph.userExperienceAnalyticsWorkFromAnywhereModelPerformance/allOf/1/properties/workFromAnywhereScore/oneOf/0 - The format double is not supported by Kiota for the type Null, Number and the string type will be used.
Warning: KiotaBuilder OpenAPI warning: #/components/schemas/microsoft.graph.userPFXCertificate/allOf/1/properties/encryptedPfxBlob - The format base64url is not supported by Kiota for the type Null, String and the string type will be used.
Warning: KiotaBuilder OpenAPI warning: #/components/schemas/microsoft.graph.userRequestsMetric/allOf/1/properties/factDate - The format date is not supported by Kiota for the type Null, String and the string type will be used.
Warning: KiotaBuilder OpenAPI warning: #/components/schemas/microsoft.graph.userSecurityProfile/allOf/1/properties/createdDateTime - The format date-time is not supported by Kiota for the type Null, String and the string type will be used.
Warning: KiotaBuilder OpenAPI warning: #/components/schemas/microsoft.graph.userSecurityProfile/allOf/1/properties/lastModifiedDateTime - The format date-time is not supported by Kiota for the type Null, String and the string type will be used.
Warning: KiotaBuilder OpenAPI warning: #/components/schemas/microsoft.graph.userSignInInsight/allOf/1/properties/lastSignInDateTime - The format date-time is not supported by Kiota for the type Null, String and the string type will be used.
Warning: KiotaBuilder OpenAPI warning: #/components/schemas/microsoft.graph.userSignUpMetric/allOf/1/properties/factDate - The format date is not supported by Kiota for the type Null, String and the string type will be used.
Warning: KiotaBuilder OpenAPI warning: #/components/schemas/microsoft.graph.vendor/properties/balance - The format decimal is not supported by Kiota for the type Null, Number and the string type will be used.
Warning: KiotaBuilder OpenAPI warning: #/components/schemas/microsoft.graph.vendor/properties/currencyId - The format uuid is not supported by Kiota for the type Null, String and the string type will be used.
Warning: KiotaBuilder OpenAPI warning: #/components/schemas/microsoft.graph.vendor/properties/lastModifiedDateTime - The format date-time is not supported by Kiota for the type Null, String and the string type will be used.
Warning: KiotaBuilder OpenAPI warning: #/components/schemas/microsoft.graph.vendor/properties/paymentMethodId - The format uuid is not supported by Kiota for the type Null, String and the string type will be used.
Warning: KiotaBuilder OpenAPI warning: #/components/schemas/microsoft.graph.vendor/properties/paymentTermsId - The format uuid is not supported by Kiota for the type Null, String and the string type will be used.
Warning: KiotaBuilder OpenAPI warning: #/components/schemas/microsoft.graph.videoNewsLinkPage/allOf/1/properties/videoDuration - The format duration is not supported by Kiota for the type Null, String and the string type will be used.
Warning: KiotaBuilder OpenAPI warning: #/components/schemas/microsoft.graph.virtualEventRegistration/allOf/1/properties/cancelationDateTime - The format date-time is not supported by Kiota for the type Null, String and the string type will be used.
Warning: KiotaBuilder OpenAPI warning: #/components/schemas/microsoft.graph.virtualEventRegistration/allOf/1/properties/registrationDateTime - The format date-time is not supported by Kiota for the type Null, String and the string type will be used.
Warning: KiotaBuilder OpenAPI warning: #/components/schemas/microsoft.graph.virtualEventRegistrationConfiguration/allOf/1/properties/capacity - The format int32 is not supported by Kiota for the type Null, Number and the string type will be used.
Warning: KiotaBuilder OpenAPI warning: #/components/schemas/microsoft.graph.win32LobApp/allOf/1/properties/minimumCpuSpeedInMHz - The format int32 is not supported by Kiota for the type Null, Number and the string type will be used.
Warning: KiotaBuilder OpenAPI warning: #/components/schemas/microsoft.graph.win32LobApp/allOf/1/properties/minimumFreeDiskSpaceInMB - The format int32 is not supported by Kiota for the type Null, Number and the string type will be used.
Warning: KiotaBuilder OpenAPI warning: #/components/schemas/microsoft.graph.win32LobApp/allOf/1/properties/minimumMemoryInMB - The format int32 is not supported by Kiota for the type Null, Number and the string type will be used.
Warning: KiotaBuilder OpenAPI warning: #/components/schemas/microsoft.graph.win32LobApp/allOf/1/properties/minimumNumberOfProcessors - The format int32 is not supported by Kiota for the type Null, Number and the string type will be used.
Warning: KiotaBuilder OpenAPI warning: #/components/schemas/microsoft.graph.windows10CompliancePolicy/allOf/1/properties/passwordExpirationDays - The format int32 is not supported by Kiota for the type Null, Number and the string type will be used.
Warning: KiotaBuilder OpenAPI warning: #/components/schemas/microsoft.graph.windows10CompliancePolicy/allOf/1/properties/passwordMinimumCharacterSetCount - The format int32 is not supported by Kiota for the type Null, Number and the string type will be used.
Warning: KiotaBuilder OpenAPI warning: #/components/schemas/microsoft.graph.windows10CompliancePolicy/allOf/1/properties/passwordMinimumLength - The format int32 is not supported by Kiota for the type Null, Number and the string type will be used.
Warning: KiotaBuilder OpenAPI warning: #/components/schemas/microsoft.graph.windows10CompliancePolicy/allOf/1/properties/passwordMinutesOfInactivityBeforeLock - The format int32 is not supported by Kiota for the type Null, Number and the string type will be used.
Warning: KiotaBuilder OpenAPI warning: #/components/schemas/microsoft.graph.windows10CompliancePolicy/allOf/1/properties/passwordPreviousPasswordBlockCount - The format int32 is not supported by Kiota for the type Null, Number and the string type will be used.
Warning: KiotaBuilder OpenAPI warning: #/components/schemas/microsoft.graph.windows10EndpointProtectionConfiguration/allOf/1/properties/defenderCloudExtendedTimeoutInSeconds - The format int32 is not supported by Kiota for the type Null, Number and the string type will be used.
Warning: KiotaBuilder OpenAPI warning: #/components/schemas/microsoft.graph.windows10EndpointProtectionConfiguration/allOf/1/properties/defenderDaysBeforeDeletingQuarantinedMalware - The format int32 is not supported by Kiota for the type Null, Number and the string type will be used.
Warning: KiotaBuilder OpenAPI warning: #/components/schemas/microsoft.graph.windows10EndpointProtectionConfiguration/allOf/1/properties/defenderExploitProtectionXml - The format base64url is not supported by Kiota for the type Null, String and the string type will be used.
Warning: KiotaBuilder OpenAPI warning: #/components/schemas/microsoft.graph.windows10EndpointProtectionConfiguration/allOf/1/properties/defenderScanMaxCpuPercentage - The format int32 is not supported by Kiota for the type Null, Number and the string type will be used.
Warning: KiotaBuilder OpenAPI warning: #/components/schemas/microsoft.graph.windows10EndpointProtectionConfiguration/allOf/1/properties/defenderScheduledQuickScanTime - The format time is not supported by Kiota for the type Null, String and the string type will be used.
Warning: KiotaBuilder OpenAPI warning: #/components/schemas/microsoft.graph.windows10EndpointProtectionConfiguration/allOf/1/properties/defenderScheduledScanTime - The format time is not supported by Kiota for the type Null, String and the string type will be used.
Warning: KiotaBuilder OpenAPI warning: #/components/schemas/microsoft.graph.windows10EndpointProtectionConfiguration/allOf/1/properties/defenderSignatureUpdateIntervalInHours - The format int32 is not supported by Kiota for the type Null, Number and the string type will be used.
Warning: KiotaBuilder OpenAPI warning: #/components/schemas/microsoft.graph.windows10EndpointProtectionConfiguration/allOf/1/properties/firewallIdleTimeoutForSecurityAssociationInSeconds - The format int32 is not supported by Kiota for the type Null, Number and the string type will be used.
Warning: KiotaBuilder OpenAPI warning: #/components/schemas/microsoft.graph.windows10EndpointProtectionConfiguration/allOf/1/properties/localSecurityOptionsMachineInactivityLimit - The format int32 is not supported by Kiota for the type Null, Number and the string type will be used.
Warning: KiotaBuilder OpenAPI warning: #/components/schemas/microsoft.graph.windows10EndpointProtectionConfiguration/allOf/1/properties/localSecurityOptionsMachineInactivityLimitInMinutes - The format int32 is not supported by Kiota for the type Null, Number and the string type will be used.
Warning: KiotaBuilder OpenAPI warning: #/components/schemas/microsoft.graph.windows10EnrollmentCompletionPageConfiguration/allOf/1/properties/installProgressTimeoutInMinutes - The format int32 is not supported by Kiota for the type Null, Number and the string type will be used.
Warning: KiotaBuilder OpenAPI warning: #/components/schemas/microsoft.graph.windows10EnrollmentCompletionPageConfigurationPolicySetItem/allOf/1/properties/priority - The format int32 is not supported by Kiota for the type Null, Number and the string type will be used.
Warning: KiotaBuilder OpenAPI warning: #/components/schemas/microsoft.graph.windows10GeneralConfiguration/allOf/1/properties/defenderCloudExtendedTimeout - The format int32 is not supported by Kiota for the type Null, Number and the string type will be used.
Warning: KiotaBuilder OpenAPI warning: #/components/schemas/microsoft.graph.windows10GeneralConfiguration/allOf/1/properties/defenderCloudExtendedTimeoutInSeconds - The format int32 is not supported by Kiota for the type Null, Number and the string type will be used.
Warning: KiotaBuilder OpenAPI warning: #/components/schemas/microsoft.graph.windows10GeneralConfiguration/allOf/1/properties/defenderDaysBeforeDeletingQuarantinedMalware - The format int32 is not supported by Kiota for the type Null, Number and the string type will be used.
Warning: KiotaBuilder OpenAPI warning: #/components/schemas/microsoft.graph.windows10GeneralConfiguration/allOf/1/properties/defenderScanMaxCpu - The format int32 is not supported by Kiota for the type Null, Number and the string type will be used.
Warning: KiotaBuilder OpenAPI warning: #/components/schemas/microsoft.graph.windows10GeneralConfiguration/allOf/1/properties/defenderScheduledQuickScanTime - The format time is not supported by Kiota for the type Null, String and the string type will be used.
Warning: KiotaBuilder OpenAPI warning: #/components/schemas/microsoft.graph.windows10GeneralConfiguration/allOf/1/properties/defenderScheduledScanTime - The format time is not supported by Kiota for the type Null, String and the string type will be used.
Warning: KiotaBuilder OpenAPI warning: #/components/schemas/microsoft.graph.windows10GeneralConfiguration/allOf/1/properties/defenderSignatureUpdateIntervalInHours - The format int32 is not supported by Kiota for the type Null, Number and the string type will be used.
Warning: KiotaBuilder OpenAPI warning: #/components/schemas/microsoft.graph.windows10GeneralConfiguration/allOf/1/properties/edgeKioskResetAfterIdleTimeInMinutes - The format int32 is not supported by Kiota for the type Null, Number and the string type will be used.
Warning: KiotaBuilder OpenAPI warning: #/components/schemas/microsoft.graph.windows10GeneralConfiguration/allOf/1/properties/energySaverOnBatteryThresholdPercentage - The format int32 is not supported by Kiota for the type Null, Number and the string type will be used.
Warning: KiotaBuilder OpenAPI warning: #/components/schemas/microsoft.graph.windows10GeneralConfiguration/allOf/1/properties/energySaverPluggedInThresholdPercentage - The format int32 is not supported by Kiota for the type Null, Number and the string type will be used.
Warning: KiotaBuilder OpenAPI warning: #/components/schemas/microsoft.graph.windows10GeneralConfiguration/allOf/1/properties/enterpriseCloudPrintDiscoveryMaxLimit - The format int32 is not supported by Kiota for the type Null, Number and the string type will be used.
Warning: KiotaBuilder OpenAPI warning: #/components/schemas/microsoft.graph.windows10GeneralConfiguration/allOf/1/properties/lockScreenTimeoutInSeconds - The format int32 is not supported by Kiota for the type Null, Number and the string type will be used.
Warning: KiotaBuilder OpenAPI warning: #/components/schemas/microsoft.graph.windows10GeneralConfiguration/allOf/1/properties/passwordExpirationDays - The format int32 is not supported by Kiota for the type Null, Number and the string type will be used.
Warning: KiotaBuilder OpenAPI warning: #/components/schemas/microsoft.graph.windows10GeneralConfiguration/allOf/1/properties/passwordMinimumAgeInDays - The format int32 is not supported by Kiota for the type Null, Number and the string type will be used.
Warning: KiotaBuilder OpenAPI warning: #/components/schemas/microsoft.graph.windows10GeneralConfiguration/allOf/1/properties/passwordMinimumCharacterSetCount - The format int32 is not supported by Kiota for the type Null, Number and the string type will be used.
Warning: KiotaBuilder OpenAPI warning: #/components/schemas/microsoft.graph.windows10GeneralConfiguration/allOf/1/properties/passwordMinimumLength - The format int32 is not supported by Kiota for the type Null, Number and the string type will be used.
Warning: KiotaBuilder OpenAPI warning: #/components/schemas/microsoft.graph.windows10GeneralConfiguration/allOf/1/properties/passwordMinutesOfInactivityBeforeScreenTimeout - The format int32 is not supported by Kiota for the type Null, Number and the string type will be used.
Warning: KiotaBuilder OpenAPI warning: #/components/schemas/microsoft.graph.windows10GeneralConfiguration/allOf/1/properties/passwordPreviousPasswordBlockCount - The format int32 is not supported by Kiota for the type Null, Number and the string type will be used.
Warning: KiotaBuilder OpenAPI warning: #/components/schemas/microsoft.graph.windows10GeneralConfiguration/allOf/1/properties/passwordSignInFailureCountBeforeFactoryReset - The format int32 is not supported by Kiota for the type Null, Number and the string type will be used.
Warning: KiotaBuilder OpenAPI warning: #/components/schemas/microsoft.graph.windows10GeneralConfiguration/allOf/1/properties/startMenuLayoutEdgeAssetsXml - The format base64url is not supported by Kiota for the type Null, String and the string type will be used.
Warning: KiotaBuilder OpenAPI warning: #/components/schemas/microsoft.graph.windows10GeneralConfiguration/allOf/1/properties/startMenuLayoutXml - The format base64url is not supported by Kiota for the type Null, String and the string type will be used.
Warning: KiotaBuilder OpenAPI warning: #/components/schemas/microsoft.graph.windows10GeneralConfiguration/allOf/1/properties/wiFiScanInterval - The format int32 is not supported by Kiota for the type Null, Number and the string type will be used.
Warning: KiotaBuilder OpenAPI warning: #/components/schemas/microsoft.graph.windows10MobileCompliancePolicy/allOf/1/properties/passwordExpirationDays - The format int32 is not supported by Kiota for the type Null, Number and the string type will be used.
Warning: KiotaBuilder OpenAPI warning: #/components/schemas/microsoft.graph.windows10MobileCompliancePolicy/allOf/1/properties/passwordMinimumCharacterSetCount - The format int32 is not supported by Kiota for the type Null, Number and the string type will be used.
Warning: KiotaBuilder OpenAPI warning: #/components/schemas/microsoft.graph.windows10MobileCompliancePolicy/allOf/1/properties/passwordMinimumLength - The format int32 is not supported by Kiota for the type Null, Number and the string type will be used.
Warning: KiotaBuilder OpenAPI warning: #/components/schemas/microsoft.graph.windows10MobileCompliancePolicy/allOf/1/properties/passwordMinutesOfInactivityBeforeLock - The format int32 is not supported by Kiota for the type Null, Number and the string type will be used.
Warning: KiotaBuilder OpenAPI warning: #/components/schemas/microsoft.graph.windows10MobileCompliancePolicy/allOf/1/properties/passwordPreviousPasswordBlockCount - The format int32 is not supported by Kiota for the type Null, Number and the string type will be used.
Warning: KiotaBuilder OpenAPI warning: #/components/schemas/microsoft.graph.windows10TeamGeneralConfiguration/allOf/1/properties/maintenanceWindowDurationInHours - The format int32 is not supported by Kiota for the type Null, Number and the string type will be used.
Warning: KiotaBuilder OpenAPI warning: #/components/schemas/microsoft.graph.windows10TeamGeneralConfiguration/allOf/1/properties/maintenanceWindowStartTime - The format time is not supported by Kiota for the type Null, String and the string type will be used.
Warning: KiotaBuilder OpenAPI warning: #/components/schemas/microsoft.graph.windows10TeamGeneralConfiguration/allOf/1/properties/settingsDefaultVolume - The format int32 is not supported by Kiota for the type Null, Number and the string type will be used.
Warning: KiotaBuilder OpenAPI warning: #/components/schemas/microsoft.graph.windows10TeamGeneralConfiguration/allOf/1/properties/settingsScreenTimeoutInMinutes - The format int32 is not supported by Kiota for the type Null, Number and the string type will be used.
Warning: KiotaBuilder OpenAPI warning: #/components/schemas/microsoft.graph.windows10TeamGeneralConfiguration/allOf/1/properties/settingsSessionTimeoutInMinutes - The format int32 is not supported by Kiota for the type Null, Number and the string type will be used.
Warning: KiotaBuilder OpenAPI warning: #/components/schemas/microsoft.graph.windows10TeamGeneralConfiguration/allOf/1/properties/settingsSleepTimeoutInMinutes - The format int32 is not supported by Kiota for the type Null, Number and the string type will be used.
Warning: KiotaBuilder OpenAPI warning: #/components/schemas/microsoft.graph.windows10VpnConfiguration/allOf/1/properties/eapXml - The format base64url is not supported by Kiota for the type Null, String and the string type will be used.
Warning: KiotaBuilder OpenAPI warning: #/components/schemas/microsoft.graph.windows10XSCEPCertificateProfile/allOf/1/properties/rootCertificateId - The format uuid is not supported by Kiota for the type Null, String and the string type will be used.
Warning: KiotaBuilder OpenAPI warning: #/components/schemas/microsoft.graph.windows10XVpnConfiguration/allOf/1/properties/authenticationCertificateId - The format uuid is not supported by Kiota for the type Null, String and the string type will be used.
Warning: KiotaBuilder OpenAPI warning: #/components/schemas/microsoft.graph.windows10XWifiConfiguration/allOf/1/properties/authenticationCertificateId - The format uuid is not supported by Kiota for the type Null, String and the string type will be used.
Warning: KiotaBuilder OpenAPI warning: #/components/schemas/microsoft.graph.windows81CompliancePolicy/allOf/1/properties/passwordExpirationDays - The format int32 is not supported by Kiota for the type Null, Number and the string type will be used.
Warning: KiotaBuilder OpenAPI warning: #/components/schemas/microsoft.graph.windows81CompliancePolicy/allOf/1/properties/passwordMinimumCharacterSetCount - The format int32 is not supported by Kiota for the type Null, Number and the string type will be used.
Warning: KiotaBuilder OpenAPI warning: #/components/schemas/microsoft.graph.windows81CompliancePolicy/allOf/1/properties/passwordMinimumLength - The format int32 is not supported by Kiota for the type Null, Number and the string type will be used.
Warning: KiotaBuilder OpenAPI warning: #/components/schemas/microsoft.graph.windows81CompliancePolicy/allOf/1/properties/passwordMinutesOfInactivityBeforeLock - The format int32 is not supported by Kiota for the type Null, Number and the string type will be used.
Warning: KiotaBuilder OpenAPI warning: #/components/schemas/microsoft.graph.windows81CompliancePolicy/allOf/1/properties/passwordPreviousPasswordBlockCount - The format int32 is not supported by Kiota for the type Null, Number and the string type will be used.
Warning: KiotaBuilder OpenAPI warning: #/components/schemas/microsoft.graph.windows81GeneralConfiguration/allOf/1/properties/passwordExpirationDays - The format int32 is not supported by Kiota for the type Null, Number and the string type will be used.
Warning: KiotaBuilder OpenAPI warning: #/components/schemas/microsoft.graph.windows81GeneralConfiguration/allOf/1/properties/passwordMinimumCharacterSetCount - The format int32 is not supported by Kiota for the type Null, Number and the string type will be used.
Warning: KiotaBuilder OpenAPI warning: #/components/schemas/microsoft.graph.windows81GeneralConfiguration/allOf/1/properties/passwordMinimumLength - The format int32 is not supported by Kiota for the type Null, Number and the string type will be used.
Warning: KiotaBuilder OpenAPI warning: #/components/schemas/microsoft.graph.windows81GeneralConfiguration/allOf/1/properties/passwordMinutesOfInactivityBeforeScreenTimeout - The format int32 is not supported by Kiota for the type Null, Number and the string type will be used.
Warning: KiotaBuilder OpenAPI warning: #/components/schemas/microsoft.graph.windows81GeneralConfiguration/allOf/1/properties/passwordPreviousPasswordBlockCount - The format int32 is not supported by Kiota for the type Null, Number and the string type will be used.
Warning: KiotaBuilder OpenAPI warning: #/components/schemas/microsoft.graph.windows81GeneralConfiguration/allOf/1/properties/passwordSignInFailureCountBeforeFactoryReset - The format int32 is not supported by Kiota for the type Null, Number and the string type will be used.
Warning: KiotaBuilder OpenAPI warning: #/components/schemas/microsoft.graph.windowsDefenderApplicationControlSupplementalPolicy/allOf/1/properties/content - The format base64url is not supported by Kiota for the type Null, String and the string type will be used.
Warning: KiotaBuilder OpenAPI warning: #/components/schemas/microsoft.graph.windowsDeliveryOptimizationConfiguration/allOf/1/properties/foregroundDownloadFromHttpDelayInSeconds - The format int64 is not supported by Kiota for the type Null, Number and the string type will be used.
Warning: KiotaBuilder OpenAPI warning: #/components/schemas/microsoft.graph.windowsDeliveryOptimizationConfiguration/allOf/1/properties/maximumCacheAgeInDays - The format int32 is not supported by Kiota for the type Null, Number and the string type will be used.
Warning: KiotaBuilder OpenAPI warning: #/components/schemas/microsoft.graph.windowsDeliveryOptimizationConfiguration/allOf/1/properties/minimumBatteryPercentageAllowedToUpload - The format int32 is not supported by Kiota for the type Null, Number and the string type will be used.
Warning: KiotaBuilder OpenAPI warning: #/components/schemas/microsoft.graph.windowsDeliveryOptimizationConfiguration/allOf/1/properties/minimumDiskSizeAllowedToPeerInGigabytes - The format int32 is not supported by Kiota for the type Null, Number and the string type will be used.
Warning: KiotaBuilder OpenAPI warning: #/components/schemas/microsoft.graph.windowsDeliveryOptimizationConfiguration/allOf/1/properties/minimumFileSizeToCacheInMegabytes - The format int32 is not supported by Kiota for the type Null, Number and the string type will be used.
Warning: KiotaBuilder OpenAPI warning: #/components/schemas/microsoft.graph.windowsDeliveryOptimizationConfiguration/allOf/1/properties/minimumRamAllowedToPeerInGigabytes - The format int32 is not supported by Kiota for the type Null, Number and the string type will be used.
Warning: KiotaBuilder OpenAPI warning: #/components/schemas/microsoft.graph.windowsDeviceMalwareState/allOf/1/properties/detectionCount - The format int32 is not supported by Kiota for the type Null, Number and the string type will be used.
Warning: KiotaBuilder OpenAPI warning: #/components/schemas/microsoft.graph.windowsDeviceMalwareState/allOf/1/properties/initialDetectionDateTime - The format date-time is not supported by Kiota for the type Null, String and the string type will be used.
Warning: KiotaBuilder OpenAPI warning: #/components/schemas/microsoft.graph.windowsDeviceMalwareState/allOf/1/properties/lastStateChangeDateTime - The format date-time is not supported by Kiota for the type Null, String and the string type will be used.
Warning: KiotaBuilder OpenAPI warning: #/components/schemas/microsoft.graph.windowsDriverUpdateProfile/allOf/1/properties/deploymentDeferralInDays - The format int32 is not supported by Kiota for the type Null, Number and the string type will be used.
Warning: KiotaBuilder OpenAPI warning: #/components/schemas/microsoft.graph.windowsDriverUpdateProfile/allOf/1/properties/deviceReporting - The format int32 is not supported by Kiota for the type Null, Number and the string type will be used.
Warning: KiotaBuilder OpenAPI warning: #/components/schemas/microsoft.graph.windowsFeatureUpdateProfile/allOf/1/properties/endOfSupportDate - The format date-time is not supported by Kiota for the type Null, String and the string type will be used.
Warning: KiotaBuilder OpenAPI warning: #/components/schemas/microsoft.graph.windowsIdentityProtectionConfiguration/allOf/1/properties/pinExpirationInDays - The format int32 is not supported by Kiota for the type Null, Number and the string type will be used.
Warning: KiotaBuilder OpenAPI warning: #/components/schemas/microsoft.graph.windowsIdentityProtectionConfiguration/allOf/1/properties/pinMaximumLength - The format int32 is not supported by Kiota for the type Null, Number and the string type will be used.
Warning: KiotaBuilder OpenAPI warning: #/components/schemas/microsoft.graph.windowsIdentityProtectionConfiguration/allOf/1/properties/pinMinimumLength - The format int32 is not supported by Kiota for the type Null, Number and the string type will be used.
Warning: KiotaBuilder OpenAPI warning: #/components/schemas/microsoft.graph.windowsIdentityProtectionConfiguration/allOf/1/properties/pinPreviousBlockCount - The format int32 is not supported by Kiota for the type Null, Number and the string type will be used.
Warning: KiotaBuilder OpenAPI warning: #/components/schemas/microsoft.graph.windowsInformationProtection/allOf/1/properties/rightsManagementServicesTemplateId - The format uuid is not supported by Kiota for the type Null, String and the string type will be used.
Warning: KiotaBuilder OpenAPI warning: #/components/schemas/microsoft.graph.windowsInformationProtectionAppLockerFile/allOf/1/properties/file - The format base64url is not supported by Kiota for the type Null, String and the string type will be used.
Warning: KiotaBuilder OpenAPI warning: #/components/schemas/microsoft.graph.windowsKioskConfiguration/allOf/1/properties/kioskBrowserRestartOnIdleTimeInMinutes - The format int32 is not supported by Kiota for the type Null, Number and the string type will be used.
Warning: KiotaBuilder OpenAPI warning: #/components/schemas/microsoft.graph.windowsMalwareInformation/allOf/1/properties/lastDetectionDateTime - The format date-time is not supported by Kiota for the type Null, String and the string type will be used.
Warning: KiotaBuilder OpenAPI warning: #/components/schemas/microsoft.graph.windowsPhone81CompliancePolicy/allOf/1/properties/passwordExpirationDays - The format int32 is not supported by Kiota for the type Null, Number and the string type will be used.
Warning: KiotaBuilder OpenAPI warning: #/components/schemas/microsoft.graph.windowsPhone81CompliancePolicy/allOf/1/properties/passwordMinimumCharacterSetCount - The format int32 is not supported by Kiota for the type Null, Number and the string type will be used.
Warning: KiotaBuilder OpenAPI warning: #/components/schemas/microsoft.graph.windowsPhone81CompliancePolicy/allOf/1/properties/passwordMinimumLength - The format int32 is not supported by Kiota for the type Null, Number and the string type will be used.
Warning: KiotaBuilder OpenAPI warning: #/components/schemas/microsoft.graph.windowsPhone81CompliancePolicy/allOf/1/properties/passwordMinutesOfInactivityBeforeLock - The format int32 is not supported by Kiota for the type Null, Number and the string type will be used.
Warning: KiotaBuilder OpenAPI warning: #/components/schemas/microsoft.graph.windowsPhone81CompliancePolicy/allOf/1/properties/passwordPreviousPasswordBlockCount - The format int32 is not supported by Kiota for the type Null, Number and the string type will be used.
Warning: KiotaBuilder OpenAPI warning: #/components/schemas/microsoft.graph.windowsPhone81GeneralConfiguration/allOf/1/properties/passwordExpirationDays - The format int32 is not supported by Kiota for the type Null, Number and the string type will be used.
Warning: KiotaBuilder OpenAPI warning: #/components/schemas/microsoft.graph.windowsPhone81GeneralConfiguration/allOf/1/properties/passwordMinimumCharacterSetCount - The format int32 is not supported by Kiota for the type Null, Number and the string type will be used.
Warning: KiotaBuilder OpenAPI warning: #/components/schemas/microsoft.graph.windowsPhone81GeneralConfiguration/allOf/1/properties/passwordMinimumLength - The format int32 is not supported by Kiota for the type Null, Number and the string type will be used.
Warning: KiotaBuilder OpenAPI warning: #/components/schemas/microsoft.graph.windowsPhone81GeneralConfiguration/allOf/1/properties/passwordMinutesOfInactivityBeforeScreenTimeout - The format int32 is not supported by Kiota for the type Null, Number and the string type will be used.
Warning: KiotaBuilder OpenAPI warning: #/components/schemas/microsoft.graph.windowsPhone81GeneralConfiguration/allOf/1/properties/passwordPreviousPasswordBlockCount - The format int32 is not supported by Kiota for the type Null, Number and the string type will be used.
Warning: KiotaBuilder OpenAPI warning: #/components/schemas/microsoft.graph.windowsPhone81GeneralConfiguration/allOf/1/properties/passwordSignInFailureCountBeforeFactoryReset - The format int32 is not supported by Kiota for the type Null, Number and the string type will be used.
Warning: KiotaBuilder OpenAPI warning: #/components/schemas/microsoft.graph.windowsProtectionState/allOf/1/properties/lastFullScanDateTime - The format date-time is not supported by Kiota for the type Null, String and the string type will be used.
Warning: KiotaBuilder OpenAPI warning: #/components/schemas/microsoft.graph.windowsProtectionState/allOf/1/properties/lastQuickScanDateTime - The format date-time is not supported by Kiota for the type Null, String and the string type will be used.
Warning: KiotaBuilder OpenAPI warning: #/components/schemas/microsoft.graph.windowsProtectionState/allOf/1/properties/lastReportedDateTime - The format date-time is not supported by Kiota for the type Null, String and the string type will be used.
Warning: KiotaBuilder OpenAPI warning: #/components/schemas/microsoft.graph.windowsSettingInstance/allOf/1/properties/lastModifiedDateTime - The format date-time is not supported by Kiota for the type Null, String and the string type will be used.
Warning: KiotaBuilder OpenAPI warning: #/components/schemas/microsoft.graph.windowsUpdateCatalogItem/allOf/1/properties/endOfSupportDate - The format date-time is not supported by Kiota for the type Null, String and the string type will be used.
Warning: KiotaBuilder OpenAPI warning: #/components/schemas/microsoft.graph.windowsUpdateForBusinessConfiguration/allOf/1/properties/deadlineForFeatureUpdatesInDays - The format int32 is not supported by Kiota for the type Null, Number and the string type will be used.
Warning: KiotaBuilder OpenAPI warning: #/components/schemas/microsoft.graph.windowsUpdateForBusinessConfiguration/allOf/1/properties/deadlineForQualityUpdatesInDays - The format int32 is not supported by Kiota for the type Null, Number and the string type will be used.
Warning: KiotaBuilder OpenAPI warning: #/components/schemas/microsoft.graph.windowsUpdateForBusinessConfiguration/allOf/1/properties/deadlineGracePeriodInDays - The format int32 is not supported by Kiota for the type Null, Number and the string type will be used.
Warning: KiotaBuilder OpenAPI warning: #/components/schemas/microsoft.graph.windowsUpdateForBusinessConfiguration/allOf/1/properties/engagedRestartDeadlineInDays - The format int32 is not supported by Kiota for the type Null, Number and the string type will be used.
Warning: KiotaBuilder OpenAPI warning: #/components/schemas/microsoft.graph.windowsUpdateForBusinessConfiguration/allOf/1/properties/engagedRestartSnoozeScheduleInDays - The format int32 is not supported by Kiota for the type Null, Number and the string type will be used.
Warning: KiotaBuilder OpenAPI warning: #/components/schemas/microsoft.graph.windowsUpdateForBusinessConfiguration/allOf/1/properties/engagedRestartTransitionScheduleInDays - The format int32 is not supported by Kiota for the type Null, Number and the string type will be used.
Warning: KiotaBuilder OpenAPI warning: #/components/schemas/microsoft.graph.windowsUpdateForBusinessConfiguration/allOf/1/properties/featureUpdatesPauseStartDate - The format date is not supported by Kiota for the type Null, String and the string type will be used.
Warning: KiotaBuilder OpenAPI warning: #/components/schemas/microsoft.graph.windowsUpdateForBusinessConfiguration/allOf/1/properties/featureUpdatesRollbackWindowInDays - The format int32 is not supported by Kiota for the type Null, Number and the string type will be used.
Warning: KiotaBuilder OpenAPI warning: #/components/schemas/microsoft.graph.windowsUpdateForBusinessConfiguration/allOf/1/properties/qualityUpdatesPauseStartDate - The format date is not supported by Kiota for the type Null, String and the string type will be used.
Warning: KiotaBuilder OpenAPI warning: #/components/schemas/microsoft.graph.windowsUpdateForBusinessConfiguration/allOf/1/properties/scheduleImminentRestartWarningInMinutes - The format int32 is not supported by Kiota for the type Null, Number and the string type will be used.
Warning: KiotaBuilder OpenAPI warning: #/components/schemas/microsoft.graph.windowsUpdateForBusinessConfiguration/allOf/1/properties/scheduleRestartWarningInHours - The format int32 is not supported by Kiota for the type Null, Number and the string type will be used.
Warning: KiotaBuilder OpenAPI warning: #/components/schemas/microsoft.graph.windowsVpnConfiguration/allOf/1/properties/customXml - The format base64url is not supported by Kiota for the type Null, String and the string type will be used.
Warning: KiotaBuilder OpenAPI warning: #/components/schemas/microsoft.graph.windowsWifiConfiguration/allOf/1/properties/proxyManualPort - The format int32 is not supported by Kiota for the type Null, Number and the string type will be used.
Warning: KiotaBuilder OpenAPI warning: #/components/schemas/microsoft.graph.windowsWifiEnterpriseEAPConfiguration/allOf/1/properties/authenticationPeriodInSeconds - The format int32 is not supported by Kiota for the type Null, Number and the string type will be used.
Warning: KiotaBuilder OpenAPI warning: #/components/schemas/microsoft.graph.windowsWifiEnterpriseEAPConfiguration/allOf/1/properties/authenticationRetryDelayPeriodInSeconds - The format int32 is not supported by Kiota for the type Null, Number and the string type will be used.
Warning: KiotaBuilder OpenAPI warning: #/components/schemas/microsoft.graph.windowsWifiEnterpriseEAPConfiguration/allOf/1/properties/eapolStartPeriodInSeconds - The format int32 is not supported by Kiota for the type Null, Number and the string type will be used.
Warning: KiotaBuilder OpenAPI warning: #/components/schemas/microsoft.graph.windowsWifiEnterpriseEAPConfiguration/allOf/1/properties/maximumAuthenticationFailures - The format int32 is not supported by Kiota for the type Null, Number and the string type will be used.
Warning: KiotaBuilder OpenAPI warning: #/components/schemas/microsoft.graph.windowsWifiEnterpriseEAPConfiguration/allOf/1/properties/maximumAuthenticationTimeoutInSeconds - The format int32 is not supported by Kiota for the type Null, Number and the string type will be used.
Warning: KiotaBuilder OpenAPI warning: #/components/schemas/microsoft.graph.windowsWifiEnterpriseEAPConfiguration/allOf/1/properties/maximumEAPOLStartMessages - The format int32 is not supported by Kiota for the type Null, Number and the string type will be used.
Warning: KiotaBuilder OpenAPI warning: #/components/schemas/microsoft.graph.windowsWifiEnterpriseEAPConfiguration/allOf/1/properties/maximumNumberOfPairwiseMasterKeysInCache - The format int32 is not supported by Kiota for the type Null, Number and the string type will be used.
Warning: KiotaBuilder OpenAPI warning: #/components/schemas/microsoft.graph.windowsWifiEnterpriseEAPConfiguration/allOf/1/properties/maximumPairwiseMasterKeyCacheTimeInMinutes - The format int32 is not supported by Kiota for the type Null, Number and the string type will be used.
Warning: KiotaBuilder OpenAPI warning: #/components/schemas/microsoft.graph.windowsWifiEnterpriseEAPConfiguration/allOf/1/properties/maximumPreAuthenticationAttempts - The format int32 is not supported by Kiota for the type Null, Number and the string type will be used.
Warning: KiotaBuilder OpenAPI warning: #/components/schemas/microsoft.graph.windowsWiredNetworkConfiguration/allOf/1/properties/authenticationBlockPeriodInMinutes - The format int32 is not supported by Kiota for the type Null, Number and the string type will be used.
Warning: KiotaBuilder OpenAPI warning: #/components/schemas/microsoft.graph.windowsWiredNetworkConfiguration/allOf/1/properties/authenticationPeriodInSeconds - The format int32 is not supported by Kiota for the type Null, Number and the string type will be used.
Warning: KiotaBuilder OpenAPI warning: #/components/schemas/microsoft.graph.windowsWiredNetworkConfiguration/allOf/1/properties/authenticationRetryDelayPeriodInSeconds - The format int32 is not supported by Kiota for the type Null, Number and the string type will be used.
Warning: KiotaBuilder OpenAPI warning: #/components/schemas/microsoft.graph.windowsWiredNetworkConfiguration/allOf/1/properties/eapolStartPeriodInSeconds - The format int32 is not supported by Kiota for the type Null, Number and the string type will be used.
Warning: KiotaBuilder OpenAPI warning: #/components/schemas/microsoft.graph.windowsWiredNetworkConfiguration/allOf/1/properties/maximumAuthenticationFailures - The format int32 is not supported by Kiota for the type Null, Number and the string type will be used.
Warning: KiotaBuilder OpenAPI warning: #/components/schemas/microsoft.graph.windowsWiredNetworkConfiguration/allOf/1/properties/maximumEAPOLStartMessages - The format int32 is not supported by Kiota for the type Null, Number and the string type will be used.
Warning: KiotaBuilder OpenAPI warning: #/components/schemas/microsoft.graph.workbookChart/allOf/1/properties/height/oneOf/0 - The format double is not supported by Kiota for the type Null, Number and the string type will be used.
Warning: KiotaBuilder OpenAPI warning: #/components/schemas/microsoft.graph.workbookChart/allOf/1/properties/left/oneOf/0 - The format double is not supported by Kiota for the type Null, Number and the string type will be used.
Warning: KiotaBuilder OpenAPI warning: #/components/schemas/microsoft.graph.workbookChart/allOf/1/properties/top/oneOf/0 - The format double is not supported by Kiota for the type Null, Number and the string type will be used.
Warning: KiotaBuilder OpenAPI warning: #/components/schemas/microsoft.graph.workbookChart/allOf/1/properties/width/oneOf/0 - The format double is not supported by Kiota for the type Null, Number and the string type will be used.
Warning: KiotaBuilder OpenAPI warning: #/components/schemas/microsoft.graph.workbookChartFont/allOf/1/properties/size/oneOf/0 - The format double is not supported by Kiota for the type Null, Number and the string type will be used.
Warning: KiotaBuilder OpenAPI warning: #/components/schemas/microsoft.graph.workbookDocumentTask/allOf/1/properties/completedDateTime - The format date-time is not supported by Kiota for the type Null, String and the string type will be used.
Warning: KiotaBuilder OpenAPI warning: #/components/schemas/microsoft.graph.workbookDocumentTask/allOf/1/properties/createdDateTime - The format date-time is not supported by Kiota for the type Null, String and the string type will be used.
Warning: KiotaBuilder OpenAPI warning: #/components/schemas/microsoft.graph.workbookDocumentTask/allOf/1/properties/percentComplete - The format int32 is not supported by Kiota for the type Null, Number and the string type will be used.
Warning: KiotaBuilder OpenAPI warning: #/components/schemas/microsoft.graph.workbookDocumentTask/allOf/1/properties/priority - The format int32 is not supported by Kiota for the type Null, Number and the string type will be used.
Warning: KiotaBuilder OpenAPI warning: #/components/schemas/microsoft.graph.workbookDocumentTaskChange/allOf/1/properties/createdDateTime - The format date-time is not supported by Kiota for the type Null, String and the string type will be used.
Warning: KiotaBuilder OpenAPI warning: #/components/schemas/microsoft.graph.workbookDocumentTaskChange/allOf/1/properties/dueDateTime - The format date-time is not supported by Kiota for the type Null, String and the string type will be used.
Warning: KiotaBuilder OpenAPI warning: #/components/schemas/microsoft.graph.workbookDocumentTaskChange/allOf/1/properties/percentComplete - The format int32 is not supported by Kiota for the type Null, Number and the string type will be used.
Warning: KiotaBuilder OpenAPI warning: #/components/schemas/microsoft.graph.workbookDocumentTaskChange/allOf/1/properties/priority - The format int32 is not supported by Kiota for the type Null, Number and the string type will be used.
Warning: KiotaBuilder OpenAPI warning: #/components/schemas/microsoft.graph.workbookDocumentTaskChange/allOf/1/properties/startDateTime - The format date-time is not supported by Kiota for the type Null, String and the string type will be used.
Warning: KiotaBuilder OpenAPI warning: #/components/schemas/microsoft.graph.workbookRangeFont/allOf/1/properties/size/oneOf/0 - The format double is not supported by Kiota for the type Null, Number and the string type will be used.
Warning: KiotaBuilder OpenAPI warning: #/components/schemas/microsoft.graph.workbookRangeFormat/allOf/1/properties/columnWidth/oneOf/0 - The format double is not supported by Kiota for the type Null, Number and the string type will be used.
Warning: KiotaBuilder OpenAPI warning: #/components/schemas/microsoft.graph.workbookRangeFormat/allOf/1/properties/rowHeight/oneOf/0 - The format double is not supported by Kiota for the type Null, Number and the string type will be used.
Warning: KiotaBuilder OpenAPI warning: #/components/schemas/microsoft.graph.workforceIntegration/allOf/1/properties/apiVersion - The format int32 is not supported by Kiota for the type Null, Number and the string type will be used.
Warning: KiotaBuilder OpenAPI warning: #/components/schemas/microsoft.graph.workspace/allOf/1/properties/capacity - The format int32 is not supported by Kiota for the type Null, Number and the string type will be used.
Warning: KiotaBuilder OpenAPI warning: #/components/schemas/microsoft.graph.workspace/allOf/1/properties/floorNumber - The format int32 is not supported by Kiota for the type Null, Number and the string type will be used.
Warning: KiotaBuilder OpenAPI warning: #/components/schemas/microsoft.graph.accessPackageQuestion/properties/sequence - The format int32 is not supported by Kiota for the type Null, Number and the string type will be used.
Warning: KiotaBuilder OpenAPI warning: #/components/schemas/microsoft.graph.accessReviewInactiveUsersQueryScope/allOf/1/properties/inactiveDuration - The format duration is not supported by Kiota for the type Null, String and the string type will be used.
Warning: KiotaBuilder OpenAPI warning: #/components/schemas/microsoft.graph.accessReviewScheduleSettings/properties/recommendationLookBackDuration - The format duration is not supported by Kiota for the type Null, String and the string type will be used.
Warning: KiotaBuilder OpenAPI warning: #/components/schemas/microsoft.graph.accessReviewStageSettings/properties/recommendationLookBackDuration - The format duration is not supported by Kiota for the type Null, String and the string type will be used.
Warning: KiotaBuilder OpenAPI warning: #/components/schemas/microsoft.graph.addFooter/allOf/1/properties/margin - The format int32 is not supported by Kiota for the type Null, Number and the string type will be used.
Warning: KiotaBuilder OpenAPI warning: #/components/schemas/microsoft.graph.addHeader/allOf/1/properties/margin - The format int32 is not supported by Kiota for the type Null, Number and the string type will be used.
Warning: KiotaBuilder OpenAPI warning: #/components/schemas/microsoft.graph.addIn/properties/id - The format uuid is not supported by Kiota for the type Null, String and the string type will be used.
Warning: KiotaBuilder OpenAPI warning: #/components/schemas/microsoft.graph.aggregationOption/properties/size - The format int32 is not supported by Kiota for the type Null, Number and the string type will be used.
Warning: KiotaBuilder OpenAPI warning: #/components/schemas/microsoft.graph.agreementFileData/properties/data - The format base64url is not supported by Kiota for the type Null, String and the string type will be used.
Warning: KiotaBuilder OpenAPI warning: #/components/schemas/microsoft.graph.aiInteractionMention/allOf/1/properties/mentionId - The format int32 is not supported by Kiota for the type Null, Number and the string type will be used.
Warning: KiotaBuilder OpenAPI warning: #/components/schemas/microsoft.graph.airPrintDestination/properties/port - The format int32 is not supported by Kiota for the type Null, Number and the string type will be used.
Warning: KiotaBuilder OpenAPI warning: #/components/schemas/microsoft.graph.alertHistoryState/properties/updatedDateTime - The format date-time is not supported by Kiota for the type Null, String and the string type will be used.
Warning: KiotaBuilder OpenAPI warning: #/components/schemas/microsoft.graph.alteredQueryToken/properties/length - The format int32 is not supported by Kiota for the type Null, Number and the string type will be used.
Warning: KiotaBuilder OpenAPI warning: #/components/schemas/microsoft.graph.alteredQueryToken/properties/offset - The format int32 is not supported by Kiota for the type Null, Number and the string type will be used.
Warning: KiotaBuilder OpenAPI warning: #/components/schemas/microsoft.graph.alternativeSecurityId/properties/key - The format base64url is not supported by Kiota for the type Null, String and the string type will be used.
Warning: KiotaBuilder OpenAPI warning: #/components/schemas/microsoft.graph.alternativeSecurityId/properties/type - The format int32 is not supported by Kiota for the type Null, Number and the string type will be used.
Warning: KiotaBuilder OpenAPI warning: #/components/schemas/microsoft.graph.androidForWorkAppConfigurationSchemaItem/properties/defaultIntValue - The format int32 is not supported by Kiota for the type Null, Number and the string type will be used.
Warning: KiotaBuilder OpenAPI warning: #/components/schemas/microsoft.graph.androidManagedStoreAppConfigurationSchemaItem/properties/defaultIntValue - The format int32 is not supported by Kiota for the type Null, Number and the string type will be used.
Warning: KiotaBuilder OpenAPI warning: #/components/schemas/microsoft.graph.androidManagedStoreAppConfigurationSchemaItem/properties/parentIndex - The format int32 is not supported by Kiota for the type Null, Number and the string type will be used.
Warning: KiotaBuilder OpenAPI warning: #/components/schemas/microsoft.graph.apiApplication/properties/knownClientApplications/items - The format uuid is not supported by Kiota for the type Null, String and the string type will be used.
Warning: KiotaBuilder OpenAPI warning: #/components/schemas/microsoft.graph.apiApplication/properties/requestedAccessTokenVersion - The format int32 is not supported by Kiota for the type Null, Number and the string type will be used.
Warning: KiotaBuilder OpenAPI warning: #/components/schemas/microsoft.graph.appleVpnAlwaysOnConfiguration/properties/natKeepAliveIntervalInSeconds - The format int32 is not supported by Kiota for the type Null, Number and the string type will be used.
Warning: KiotaBuilder OpenAPI warning: #/components/schemas/microsoft.graph.appMetadataEntry/properties/value - The format base64url is not supported by Kiota for the type Null, String and the string type will be used.
Warning: KiotaBuilder OpenAPI warning: #/components/schemas/microsoft.graph.approvalStage/properties/approvalStageTimeOutInDays - The format int32 is not supported by Kiota for the type Null, Number and the string type will be used.
Warning: KiotaBuilder OpenAPI warning: #/components/schemas/microsoft.graph.approvalStage/properties/escalationTimeInMinutes - The format int32 is not supported by Kiota for the type Null, Number and the string type will be used.
Warning: KiotaBuilder OpenAPI warning: #/components/schemas/microsoft.graph.archivedPrintJob/properties/acquiredDateTime - The format date-time is not supported by Kiota for the type Null, String and the string type will be used.
Warning: KiotaBuilder OpenAPI warning: #/components/schemas/microsoft.graph.archivedPrintJob/properties/completionDateTime - The format date-time is not supported by Kiota for the type Null, String and the string type will be used.
Warning: KiotaBuilder OpenAPI warning: #/components/schemas/microsoft.graph.assignedLicense/properties/skuId - The format uuid is not supported by Kiota for the type Null, String and the string type will be used.
Warning: KiotaBuilder OpenAPI warning: #/components/schemas/microsoft.graph.assignedPlan/properties/assignedDateTime - The format date-time is not supported by Kiota for the type Null, String and the string type will be used.
Warning: KiotaBuilder OpenAPI warning: #/components/schemas/microsoft.graph.assignedPlan/properties/servicePlanId - The format uuid is not supported by Kiota for the type Null, String and the string type will be used.
Warning: KiotaBuilder OpenAPI warning: #/components/schemas/microsoft.graph.assignedTrainingInfo/properties/assignedUserCount - The format int32 is not supported by Kiota for the type Null, Number and the string type will be used.
Warning: KiotaBuilder OpenAPI warning: #/components/schemas/microsoft.graph.assignedTrainingInfo/properties/completedUserCount - The format int32 is not supported by Kiota for the type Null, Number and the string type will be used.
Warning: KiotaBuilder OpenAPI warning: #/components/schemas/microsoft.graph.assignmentReviewSettings/properties/durationInDays - The format int32 is not supported by Kiota for the type Null, Number and the string type will be used.
Warning: KiotaBuilder OpenAPI warning: #/components/schemas/microsoft.graph.assignmentReviewSettings/properties/startDateTime - The format date-time is not supported by Kiota for the type Null, String and the string type will be used.
Warning: KiotaBuilder OpenAPI warning: #/components/schemas/microsoft.graph.attachmentInfo/properties/size - The format int64 is not supported by Kiota for the type Null, Number and the string type will be used.
Warning: KiotaBuilder OpenAPI warning: #/components/schemas/microsoft.graph.attachmentItem/properties/size - The format int64 is not supported by Kiota for the type Null, Number and the string type will be used.
Warning: KiotaBuilder OpenAPI warning: #/components/schemas/microsoft.graph.attackSimulationRepeatOffender/properties/repeatOffenceCount - The format int32 is not supported by Kiota for the type Null, Number and the string type will be used.
Warning: KiotaBuilder OpenAPI warning: #/components/schemas/microsoft.graph.attackSimulationSimulationUserCoverage/properties/clickCount - The format int32 is not supported by Kiota for the type Null, Number and the string type will be used.
Warning: KiotaBuilder OpenAPI warning: #/components/schemas/microsoft.graph.attackSimulationSimulationUserCoverage/properties/compromisedCount - The format int32 is not supported by Kiota for the type Null, Number and the string type will be used.
Warning: KiotaBuilder OpenAPI warning: #/components/schemas/microsoft.graph.attackSimulationSimulationUserCoverage/properties/latestSimulationDateTime - The format date-time is not supported by Kiota for the type Null, String and the string type will be used.
Warning: KiotaBuilder OpenAPI warning: #/components/schemas/microsoft.graph.attackSimulationSimulationUserCoverage/properties/simulationCount - The format int32 is not supported by Kiota for the type Null, Number and the string type will be used.
Warning: KiotaBuilder OpenAPI warning: #/components/schemas/microsoft.graph.attackSimulationUser/properties/outOfOfficeDays - The format int32 is not supported by Kiota for the type Null, Number and the string type will be used.
Warning: KiotaBuilder OpenAPI warning: #/components/schemas/microsoft.graph.attendanceInterval/properties/durationInSeconds - The format int32 is not supported by Kiota for the type Null, Number and the string type will be used.
Warning: KiotaBuilder OpenAPI warning: #/components/schemas/microsoft.graph.attendanceInterval/properties/joinDateTime - The format date-time is not supported by Kiota for the type Null, String and the string type will be used.
Warning: KiotaBuilder OpenAPI warning: #/components/schemas/microsoft.graph.attendanceInterval/properties/leaveDateTime - The format date-time is not supported by Kiota for the type Null, String and the string type will be used.
Warning: KiotaBuilder OpenAPI warning: #/components/schemas/microsoft.graph.audio/properties/bitrate - The format int64 is not supported by Kiota for the type Null, Number and the string type will be used.
Warning: KiotaBuilder OpenAPI warning: #/components/schemas/microsoft.graph.audio/properties/disc - The format int16 is not supported by Kiota for the type Null, Number and the string type will be used.
Warning: KiotaBuilder OpenAPI warning: #/components/schemas/microsoft.graph.audio/properties/discCount - The format int16 is not supported by Kiota for the type Null, Number and the string type will be used.
Warning: KiotaBuilder OpenAPI warning: #/components/schemas/microsoft.graph.audio/properties/duration - The format int64 is not supported by Kiota for the type Null, Number and the string type will be used.
Warning: KiotaBuilder OpenAPI warning: #/components/schemas/microsoft.graph.audio/properties/track - The format int32 is not supported by Kiota for the type Null, Number and the string type will be used.
Warning: KiotaBuilder OpenAPI warning: #/components/schemas/microsoft.graph.audio/properties/trackCount - The format int32 is not supported by Kiota for the type Null, Number and the string type will be used.
Warning: KiotaBuilder OpenAPI warning: #/components/schemas/microsoft.graph.audio/properties/year - The format int32 is not supported by Kiota for the type Null, Number and the string type will be used.
Warning: KiotaBuilder OpenAPI warning: #/components/schemas/microsoft.graph.authenticationDetail/properties/authenticationStepDateTime - The format date-time is not supported by Kiota for the type Null, String and the string type will be used.
Warning: KiotaBuilder OpenAPI warning: #/components/schemas/microsoft.graph.averageComparativeScore/properties/averageScore/oneOf/0 - The format double is not supported by Kiota for the type Null, Number and the string type will be used.
Warning: KiotaBuilder OpenAPI warning: #/components/schemas/microsoft.graph.awsAccessKeyDetails/properties/createdDateTime - The format date-time is not supported by Kiota for the type Null, String and the string type will be used.
Warning: KiotaBuilder OpenAPI warning: #/components/schemas/microsoft.graph.awsAccessKeyDetails/properties/lastUsedDateTime - The format date-time is not supported by Kiota for the type Null, String and the string type will be used.
Warning: KiotaBuilder OpenAPI warning: #/components/schemas/microsoft.graph.bitLockerSystemDrivePolicy/properties/minimumPinLength - The format int32 is not supported by Kiota for the type Null, Number and the string type will be used.
Warning: KiotaBuilder OpenAPI warning: #/components/schemas/microsoft.graph.bookingsAvailabilityWindow/allOf/1/properties/endDate - The format date is not supported by Kiota for the type Null, String and the string type will be used.
Warning: KiotaBuilder OpenAPI warning: #/components/schemas/microsoft.graph.bookingsAvailabilityWindow/allOf/1/properties/startDate - The format date is not supported by Kiota for the type Null, String and the string type will be used.
Warning: KiotaBuilder OpenAPI warning: #/components/schemas/microsoft.graph.bucketAggregationDefinition/properties/minimumCount - The format int32 is not supported by Kiota for the type Null, Number and the string type will be used.
Warning: KiotaBuilder OpenAPI warning: #/components/schemas/microsoft.graph.bufferDecryptionResult/properties/decryptedBuffer - The format base64url is not supported by Kiota for the type Null, String and the string type will be used.
Warning: KiotaBuilder OpenAPI warning: #/components/schemas/microsoft.graph.bufferEncryptionResult/properties/encryptedBuffer - The format base64url is not supported by Kiota for the type Null, String and the string type will be used.
Warning: KiotaBuilder OpenAPI warning: #/components/schemas/microsoft.graph.bufferEncryptionResult/properties/publishingLicense - The format base64url is not supported by Kiota for the type Null, String and the string type will be used.
Warning: KiotaBuilder OpenAPI warning: #/components/schemas/microsoft.graph.bundle/properties/childCount - The format int32 is not supported by Kiota for the type Null, Number and the string type will be used.
Warning: KiotaBuilder OpenAPI warning: #/components/schemas/microsoft.graph.callEndedEventMessageDetail/allOf/1/properties/callDuration - The format duration is not supported by Kiota for the type Null, String and the string type will be used.
Warning: KiotaBuilder OpenAPI warning: #/components/schemas/microsoft.graph.callRecordingEventMessageDetail/allOf/1/properties/callRecordingDuration - The format duration is not supported by Kiota for the type Null, String and the string type will be used.
Warning: KiotaBuilder OpenAPI warning: #/components/schemas/microsoft.graph.callTranscriptionInfo/properties/lastModifiedDateTime - The format date-time is not supported by Kiota for the type Null, String and the string type will be used.
Warning: KiotaBuilder OpenAPI warning: #/components/schemas/microsoft.graph.campaignSchedule/properties/completionDateTime - The format date-time is not supported by Kiota for the type Null, String and the string type will be used.
Warning: KiotaBuilder OpenAPI warning: #/components/schemas/microsoft.graph.campaignSchedule/properties/launchDateTime - The format date-time is not supported by Kiota for the type Null, String and the string type will be used.
Warning: KiotaBuilder OpenAPI warning: #/components/schemas/microsoft.graph.certification/properties/certificationExpirationDateTime - The format date-time is not supported by Kiota for the type Null, String and the string type will be used.
Warning: KiotaBuilder OpenAPI warning: #/components/schemas/microsoft.graph.certification/properties/lastCertificationDateTime - The format date-time is not supported by Kiota for the type Null, String and the string type will be used.
Warning: KiotaBuilder OpenAPI warning: #/components/schemas/microsoft.graph.channelSummary/properties/guestsCount - The format int32 is not supported by Kiota for the type Null, Number and the string type will be used.
Warning: KiotaBuilder OpenAPI warning: #/components/schemas/microsoft.graph.channelSummary/properties/membersCount - The format int32 is not supported by Kiota for the type Null, Number and the string type will be used.
Warning: KiotaBuilder OpenAPI warning: #/components/schemas/microsoft.graph.channelSummary/properties/ownersCount - The format int32 is not supported by Kiota for the type Null, Number and the string type will be used.
Warning: KiotaBuilder OpenAPI warning: #/components/schemas/microsoft.graph.chatMessageMention/properties/id - The format int32 is not supported by Kiota for the type Null, Number and the string type will be used.
Warning: KiotaBuilder OpenAPI warning: #/components/schemas/microsoft.graph.chatViewpoint/properties/lastMessageReadDateTime - The format date-time is not supported by Kiota for the type Null, String and the string type will be used.
Warning: KiotaBuilder OpenAPI warning: #/components/schemas/microsoft.graph.classificationAttribute/properties/confidence - The format int32 is not supported by Kiota for the type Null, Number and the string type will be used.
Warning: KiotaBuilder OpenAPI warning: #/components/schemas/microsoft.graph.classificationAttribute/properties/count - The format int32 is not supported by Kiota for the type Null, Number and the string type will be used.
Warning: KiotaBuilder OpenAPI warning: #/components/schemas/microsoft.graph.classificationInnerError/properties/errorDateTime - The format date-time is not supported by Kiota for the type Null, String and the string type will be used.
Warning: KiotaBuilder OpenAPI warning: #/components/schemas/microsoft.graph.cloudPcConnectivityResult/properties/lastModifiedDateTime - The format date-time is not supported by Kiota for the type Null, String and the string type will be used.
Warning: KiotaBuilder OpenAPI warning: #/components/schemas/microsoft.graph.cloudPcHealthCheckItem/properties/lastHealthCheckDateTime - The format date-time is not supported by Kiota for the type Null, String and the string type will be used.
Warning: KiotaBuilder OpenAPI warning: #/components/schemas/microsoft.graph.cloudPcLoginResult/properties/time - The format date-time is not supported by Kiota for the type Null, String and the string type will be used.
Warning: KiotaBuilder OpenAPI warning: #/components/schemas/microsoft.graph.cloudPcManagementGroupAssignmentTarget/allOf/1/properties/allotmentLicensesCount - The format int32 is not supported by Kiota for the type Null, Number and the string type will be used.
Warning: KiotaBuilder OpenAPI warning: #/components/schemas/microsoft.graph.cloudPcPolicyApplyActionResult/allOf/1/properties/finishDateTime - The format date-time is not supported by Kiota for the type Null, String and the string type will be used.
Warning: KiotaBuilder OpenAPI warning: #/components/schemas/microsoft.graph.cloudPcPolicyApplyActionResult/allOf/1/properties/startDateTime - The format date-time is not supported by Kiota for the type Null, String and the string type will be used.
Warning: KiotaBuilder OpenAPI warning: #/components/schemas/microsoft.graph.cloudPcPolicyScheduledApplyActionDetail/allOf/1/properties/reservePercentage - The format int32 is not supported by Kiota for the type Null, Number and the string type will be used.
Warning: KiotaBuilder OpenAPI warning: #/components/schemas/microsoft.graph.cloudPcRemoteActionResult/properties/lastUpdatedDateTime - The format date-time is not supported by Kiota for the type Null, String and the string type will be used.
Warning: KiotaBuilder OpenAPI warning: #/components/schemas/microsoft.graph.cloudPcRemoteActionResult/properties/startDateTime - The format date-time is not supported by Kiota for the type Null, String and the string type will be used.
Warning: KiotaBuilder OpenAPI warning: #/components/schemas/microsoft.graph.cloudPcRestorePointSetting/properties/frequencyInHours - The format int32 is not supported by Kiota for the type Null, Number and the string type will be used.
Warning: KiotaBuilder OpenAPI warning: #/components/schemas/microsoft.graph.cloudPcReviewStatus/properties/restorePointDateTime - The format date-time is not supported by Kiota for the type Null, String and the string type will be used.
Warning: KiotaBuilder OpenAPI warning: #/components/schemas/microsoft.graph.cloudPcReviewStatus/properties/reviewStartDateTime - The format date-time is not supported by Kiota for the type Null, String and the string type will be used.
Warning: KiotaBuilder OpenAPI warning: #/components/schemas/microsoft.graph.cloudPcTenantEncryptionSetting/properties/lastSyncDateTime - The format date-time is not supported by Kiota for the type Null, String and the string type will be used.
Warning: KiotaBuilder OpenAPI warning: #/components/schemas/microsoft.graph.coachmarkLocation/properties/length - The format int32 is not supported by Kiota for the type Null, Number and the string type will be used.
Warning: KiotaBuilder OpenAPI warning: #/components/schemas/microsoft.graph.coachmarkLocation/properties/offset - The format int32 is not supported by Kiota for the type Null, Number and the string type will be used.
Warning: KiotaBuilder OpenAPI warning: #/components/schemas/microsoft.graph.contentClassification/properties/confidence - The format int32 is not supported by Kiota for the type Null, Number and the string type will be used.
Warning: KiotaBuilder OpenAPI warning: #/components/schemas/microsoft.graph.contentClassification/properties/uniqueCount - The format int32 is not supported by Kiota for the type Null, Number and the string type will be used.
Warning: KiotaBuilder OpenAPI warning: #/components/schemas/microsoft.graph.contentModelUsage/properties/createdDateTime - The format date-time is not supported by Kiota for the type Null, String and the string type will be used.
Warning: KiotaBuilder OpenAPI warning: #/components/schemas/microsoft.graph.contentModelUsage/properties/lastModifiedDateTime - The format date-time is not supported by Kiota for the type Null, String and the string type will be used.
Warning: KiotaBuilder OpenAPI warning: #/components/schemas/microsoft.graph.contentProperties/properties/lastModifiedDateTime - The format date-time is not supported by Kiota for the type Null, String and the string type will be used.
Warning: KiotaBuilder OpenAPI warning: #/components/schemas/microsoft.graph.contentTypeOrder/properties/position - The format int32 is not supported by Kiota for the type Null, Number and the string type will be used.
Warning: KiotaBuilder OpenAPI warning: #/components/schemas/microsoft.graph.controlScore/properties/score/oneOf/0 - The format double is not supported by Kiota for the type Null, Number and the string type will be used.
Warning: KiotaBuilder OpenAPI warning: #/components/schemas/microsoft.graph.CopyNotebookModel/properties/createdTime - The format date-time is not supported by Kiota for the type Null, String and the string type will be used.
Warning: KiotaBuilder OpenAPI warning: #/components/schemas/microsoft.graph.CopyNotebookModel/properties/lastModifiedTime - The format date-time is not supported by Kiota for the type Null, String and the string type will be used.
Warning: KiotaBuilder OpenAPI warning: #/components/schemas/microsoft.graph.corsConfiguration/properties/maxAgeInSeconds - The format int32 is not supported by Kiota for the type Null, Number and the string type will be used.
Warning: KiotaBuilder OpenAPI warning: #/components/schemas/microsoft.graph.customExtensionCallbackConfiguration/properties/timeoutDuration - The format duration is not supported by Kiota for the type Null, String and the string type will be used.
Warning: KiotaBuilder OpenAPI warning: #/components/schemas/microsoft.graph.customExtensionCalloutResult/allOf/1/properties/calloutDateTime - The format date-time is not supported by Kiota for the type Null, String and the string type will be used.
Warning: KiotaBuilder OpenAPI warning: #/components/schemas/microsoft.graph.customExtensionCalloutResult/allOf/1/properties/errorCode - The format int32 is not supported by Kiota for the type Null, Number and the string type will be used.
Warning: KiotaBuilder OpenAPI warning: #/components/schemas/microsoft.graph.customExtensionCalloutResult/allOf/1/properties/httpStatus - The format int32 is not supported by Kiota for the type Null, Number and the string type will be used.
Warning: KiotaBuilder OpenAPI warning: #/components/schemas/microsoft.graph.customExtensionCalloutResult/allOf/1/properties/numberOfAttempts - The format int32 is not supported by Kiota for the type Null, Number and the string type will be used.
Warning: KiotaBuilder OpenAPI warning: #/components/schemas/microsoft.graph.customExtensionClientConfiguration/properties/maximumRetries - The format int32 is not supported by Kiota for the type Null, Number and the string type will be used.
Warning: KiotaBuilder OpenAPI warning: #/components/schemas/microsoft.graph.customExtensionClientConfiguration/properties/timeoutInMilliseconds - The format int32 is not supported by Kiota for the type Null, Number and the string type will be used.
Warning: KiotaBuilder OpenAPI warning: #/components/schemas/microsoft.graph.customTimeZone/allOf/1/properties/bias - The format int32 is not supported by Kiota for the type Null, Number and the string type will be used.
Warning: KiotaBuilder OpenAPI warning: #/components/schemas/microsoft.graph.customTrainingSetting/allOf/1/properties/durationInMinutes - The format int32 is not supported by Kiota for the type Null, Number and the string type will be used.
Warning: KiotaBuilder OpenAPI warning: #/components/schemas/microsoft.graph.daylightTimeZoneOffset/allOf/1/properties/daylightBias - The format int32 is not supported by Kiota for the type Null, Number and the string type will be used.
Warning: KiotaBuilder OpenAPI warning: #/components/schemas/microsoft.graph.deliveryOptimizationBandwidthAbsolute/allOf/1/properties/maximumDownloadBandwidthInKilobytesPerSecond - The format int64 is not supported by Kiota for the type Null, Number and the string type will be used.
Warning: KiotaBuilder OpenAPI warning: #/components/schemas/microsoft.graph.deliveryOptimizationBandwidthAbsolute/allOf/1/properties/maximumUploadBandwidthInKilobytesPerSecond - The format int64 is not supported by Kiota for the type Null, Number and the string type will be used.
Warning: KiotaBuilder OpenAPI warning: #/components/schemas/microsoft.graph.deliveryOptimizationBandwidthPercentage/allOf/1/properties/maximumBackgroundBandwidthPercentage - The format int32 is not supported by Kiota for the type Null, Number and the string type will be used.
Warning: KiotaBuilder OpenAPI warning: #/components/schemas/microsoft.graph.deliveryOptimizationBandwidthPercentage/allOf/1/properties/maximumForegroundBandwidthPercentage - The format int32 is not supported by Kiota for the type Null, Number and the string type will be used.
Warning: KiotaBuilder OpenAPI warning: #/components/schemas/microsoft.graph.detectedSensitiveContentBase/properties/confidence - The format int32 is not supported by Kiota for the type Null, Number and the string type will be used.
Warning: KiotaBuilder OpenAPI warning: #/components/schemas/microsoft.graph.detectedSensitiveContentBase/properties/id - The format uuid is not supported by Kiota for the type Null, String and the string type will be used.
Warning: KiotaBuilder OpenAPI warning: #/components/schemas/microsoft.graph.detectedSensitiveContentBase/properties/recommendedConfidence - The format int32 is not supported by Kiota for the type Null, Number and the string type will be used.
Warning: KiotaBuilder OpenAPI warning: #/components/schemas/microsoft.graph.detectedSensitiveContentBase/properties/uniqueCount - The format int32 is not supported by Kiota for the type Null, Number and the string type will be used.
Warning: KiotaBuilder OpenAPI warning: #/components/schemas/microsoft.graph.deviceAndAppManagementData/properties/content - The format base64url is not supported by Kiota for the type Null, String and the string type will be used.
Warning: KiotaBuilder OpenAPI warning: #/components/schemas/microsoft.graph.deviceCompliancePolicyScript/properties/rulesContent - The format base64url is not supported by Kiota for the type Null, String and the string type will be used.
Warning: KiotaBuilder OpenAPI warning: #/components/schemas/microsoft.graph.deviceGeoLocation/properties/altitude/oneOf/0 - The format double is not supported by Kiota for the type Null, Number and the string type will be used.
Warning: KiotaBuilder OpenAPI warning: #/components/schemas/microsoft.graph.deviceGeoLocation/properties/heading/oneOf/0 - The format double is not supported by Kiota for the type Null, Number and the string type will be used.
Warning: KiotaBuilder OpenAPI warning: #/components/schemas/microsoft.graph.deviceGeoLocation/properties/horizontalAccuracy/oneOf/0 - The format double is not supported by Kiota for the type Null, Number and the string type will be used.
Warning: KiotaBuilder OpenAPI warning: #/components/schemas/microsoft.graph.deviceGeoLocation/properties/latitude/oneOf/0 - The format double is not supported by Kiota for the type Null, Number and the string type will be used.
Warning: KiotaBuilder OpenAPI warning: #/components/schemas/microsoft.graph.deviceGeoLocation/properties/longitude/oneOf/0 - The format double is not supported by Kiota for the type Null, Number and the string type will be used.
Warning: KiotaBuilder OpenAPI warning: #/components/schemas/microsoft.graph.deviceGeoLocation/properties/speed/oneOf/0 - The format double is not supported by Kiota for the type Null, Number and the string type will be used.
Warning: KiotaBuilder OpenAPI warning: #/components/schemas/microsoft.graph.deviceGeoLocation/properties/verticalAccuracy/oneOf/0 - The format double is not supported by Kiota for the type Null, Number and the string type will be used.
Warning: KiotaBuilder OpenAPI warning: #/components/schemas/microsoft.graph.deviceHealthScriptRemediationHistory/properties/lastModifiedDateTime - The format date-time is not supported by Kiota for the type Null, String and the string type will be used.
Warning: KiotaBuilder OpenAPI warning: #/components/schemas/microsoft.graph.deviceHealthScriptRemediationSummary/properties/remediatedDeviceCount - The format int32 is not supported by Kiota for the type Null, Number and the string type will be used.
Warning: KiotaBuilder OpenAPI warning: #/components/schemas/microsoft.graph.deviceHealthScriptRemediationSummary/properties/scriptCount - The format int32 is not supported by Kiota for the type Null, Number and the string type will be used.
Warning: KiotaBuilder OpenAPI warning: #/components/schemas/microsoft.graph.deviceHealthScriptRunOnceSchedule/allOf/1/properties/date - The format date is not supported by Kiota for the type Null, String and the string type will be used.
Warning: KiotaBuilder OpenAPI warning: #/components/schemas/microsoft.graph.deviceHealthScriptTimeSchedule/allOf/1/properties/time - The format time is not supported by Kiota for the type Null, String and the string type will be used.
Warning: KiotaBuilder OpenAPI warning: #/components/schemas/microsoft.graph.deviceKey/properties/deviceId - The format uuid is not supported by Kiota for the type Null, String and the string type will be used.
Warning: KiotaBuilder OpenAPI warning: #/components/schemas/microsoft.graph.deviceKey/properties/keyMaterial - The format base64url is not supported by Kiota for the type Null, String and the string type will be used.
Warning: KiotaBuilder OpenAPI warning: #/components/schemas/microsoft.graph.deviceManagementConfigurationIntegerSettingValueDefinition/allOf/1/properties/maximumValue - The format int64 is not supported by Kiota for the type Null, Number and the string type will be used.
Warning: KiotaBuilder OpenAPI warning: #/components/schemas/microsoft.graph.deviceManagementConfigurationIntegerSettingValueDefinition/allOf/1/properties/minimumValue - The format int64 is not supported by Kiota for the type Null, Number and the string type will be used.
Warning: KiotaBuilder OpenAPI warning: #/components/schemas/microsoft.graph.deviceManagementConfigurationSettingOccurrence/properties/maxDeviceOccurrence - The format int32 is not supported by Kiota for the type Null, Number and the string type will be used.
Warning: KiotaBuilder OpenAPI warning: #/components/schemas/microsoft.graph.deviceManagementConfigurationSettingOccurrence/properties/minDeviceOccurrence - The format int32 is not supported by Kiota for the type Null, Number and the string type will be used.
Warning: KiotaBuilder OpenAPI warning: #/components/schemas/microsoft.graph.deviceManagementConfigurationStringSettingValueDefinition/allOf/1/properties/maximumLength - The format int64 is not supported by Kiota for the type Null, Number and the string type will be used.
Warning: KiotaBuilder OpenAPI warning: #/components/schemas/microsoft.graph.deviceManagementConfigurationStringSettingValueDefinition/allOf/1/properties/minimumLength - The format int64 is not supported by Kiota for the type Null, Number and the string type will be used.
Warning: KiotaBuilder OpenAPI warning: #/components/schemas/microsoft.graph.deviceManagementSettingCollectionConstraint/allOf/1/properties/maximumLength - The format int32 is not supported by Kiota for the type Null, Number and the string type will be used.
Warning: KiotaBuilder OpenAPI warning: #/components/schemas/microsoft.graph.deviceManagementSettingCollectionConstraint/allOf/1/properties/minimumLength - The format int32 is not supported by Kiota for the type Null, Number and the string type will be used.
Warning: KiotaBuilder OpenAPI warning: #/components/schemas/microsoft.graph.deviceManagementSettingIntegerConstraint/allOf/1/properties/maximumValue - The format int32 is not supported by Kiota for the type Null, Number and the string type will be used.
Warning: KiotaBuilder OpenAPI warning: #/components/schemas/microsoft.graph.deviceManagementSettingIntegerConstraint/allOf/1/properties/minimumValue - The format int32 is not supported by Kiota for the type Null, Number and the string type will be used.
Warning: KiotaBuilder OpenAPI warning: #/components/schemas/microsoft.graph.deviceManagementSettingStringLengthConstraint/allOf/1/properties/maximumLength - The format int32 is not supported by Kiota for the type Null, Number and the string type will be used.
Warning: KiotaBuilder OpenAPI warning: #/components/schemas/microsoft.graph.deviceManagementSettingStringLengthConstraint/allOf/1/properties/minimumLength - The format int32 is not supported by Kiota for the type Null, Number and the string type will be used.
Warning: KiotaBuilder OpenAPI warning: #/components/schemas/microsoft.graph.directorySizeQuota/properties/total - The format int32 is not supported by Kiota for the type Null, Number and the string type will be used.
Warning: KiotaBuilder OpenAPI warning: #/components/schemas/microsoft.graph.directorySizeQuota/properties/used - The format int32 is not supported by Kiota for the type Null, Number and the string type will be used.
Warning: KiotaBuilder OpenAPI warning: #/components/schemas/microsoft.graph.discoveredSensitiveType/properties/confidence - The format int32 is not supported by Kiota for the type Null, Number and the string type will be used.
Warning: KiotaBuilder OpenAPI warning: #/components/schemas/microsoft.graph.discoveredSensitiveType/properties/count - The format int32 is not supported by Kiota for the type Null, Number and the string type will be used.
Warning: KiotaBuilder OpenAPI warning: #/components/schemas/microsoft.graph.dlpPoliciesJobResult/properties/evaluationDateTime - The format date-time is not supported by Kiota for the type Null, String and the string type will be used.
Warning: KiotaBuilder OpenAPI warning: #/components/schemas/microsoft.graph.domainState/properties/lastActionDateTime - The format date-time is not supported by Kiota for the type Null, String and the string type will be used.
Warning: KiotaBuilder OpenAPI warning: #/components/schemas/microsoft.graph.driveItemUploadableProperties/properties/fileSize - The format int64 is not supported by Kiota for the type Null, Number and the string type will be used.
Warning: KiotaBuilder OpenAPI warning: #/components/schemas/microsoft.graph.educationAssignmentGrade/properties/gradedDateTime - The format date-time is not supported by Kiota for the type Null, String and the string type will be used.
Warning: KiotaBuilder OpenAPI warning: #/components/schemas/microsoft.graph.educationAssignmentPointsGrade/allOf/1/properties/points/oneOf/0 - The format float is not supported by Kiota for the type Null, Number and the string type will be used.
Warning: KiotaBuilder OpenAPI warning: #/components/schemas/microsoft.graph.educationAssignmentPointsGradeType/allOf/1/properties/maxPoints/oneOf/0 - The format float is not supported by Kiota for the type Null, Number and the string type will be used.
Warning: KiotaBuilder OpenAPI warning: #/components/schemas/microsoft.graph.educationFeedback/properties/feedbackDateTime - The format date-time is not supported by Kiota for the type Null, String and the string type will be used.
Warning: KiotaBuilder OpenAPI warning: #/components/schemas/microsoft.graph.educationGradingSchemeGrade/properties/defaultPercentage/oneOf/0 - The format float is not supported by Kiota for the type Null, Number and the string type will be used.
Warning: KiotaBuilder OpenAPI warning: #/components/schemas/microsoft.graph.educationGradingSchemeGrade/properties/minPercentage/oneOf/0 - The format float is not supported by Kiota for the type Null, Number and the string type will be used.
Warning: KiotaBuilder OpenAPI warning: #/components/schemas/microsoft.graph.educationResource/properties/createdDateTime - The format date-time is not supported by Kiota for the type Null, String and the string type will be used.
Warning: KiotaBuilder OpenAPI warning: #/components/schemas/microsoft.graph.educationResource/properties/lastModifiedDateTime - The format date-time is not supported by Kiota for the type Null, String and the string type will be used.
Warning: KiotaBuilder OpenAPI warning: #/components/schemas/microsoft.graph.educationStudent/properties/birthDate - The format date is not supported by Kiota for the type Null, String and the string type will be used.
Warning: KiotaBuilder OpenAPI warning: #/components/schemas/microsoft.graph.educationTerm/properties/endDate - The format date is not supported by Kiota for the type Null, String and the string type will be used.
Warning: KiotaBuilder OpenAPI warning: #/components/schemas/microsoft.graph.educationTerm/properties/startDate - The format date is not supported by Kiota for the type Null, String and the string type will be used.
Warning: KiotaBuilder OpenAPI warning: #/components/schemas/microsoft.graph.exactMatchClassificationRequest/properties/timeoutInMs - The format int32 is not supported by Kiota for the type Null, Number and the string type will be used.
Warning: KiotaBuilder OpenAPI warning: #/components/schemas/microsoft.graph.expirationPattern/properties/duration - The format duration is not supported by Kiota for the type Null, String and the string type will be used.
Warning: KiotaBuilder OpenAPI warning: #/components/schemas/microsoft.graph.expirationPattern/properties/endDateTime - The format date-time is not supported by Kiota for the type Null, String and the string type will be used.
Warning: KiotaBuilder OpenAPI warning: #/components/schemas/microsoft.graph.exportItemResponse/properties/data - The format base64url is not supported by Kiota for the type Null, String and the string type will be used.
Warning: KiotaBuilder OpenAPI warning: #/components/schemas/microsoft.graph.fileEncryptionInfo/properties/encryptionKey - The format base64url is not supported by Kiota for the type Null, String and the string type will be used.
Warning: KiotaBuilder OpenAPI warning: #/components/schemas/microsoft.graph.fileEncryptionInfo/properties/fileDigest - The format base64url is not supported by Kiota for the type Null, String and the string type will be used.
Warning: KiotaBuilder OpenAPI warning: #/components/schemas/microsoft.graph.fileEncryptionInfo/properties/initializationVector - The format base64url is not supported by Kiota for the type Null, String and the string type will be used.
Warning: KiotaBuilder OpenAPI warning: #/components/schemas/microsoft.graph.fileEncryptionInfo/properties/mac - The format base64url is not supported by Kiota for the type Null, String and the string type will be used.
Warning: KiotaBuilder OpenAPI warning: #/components/schemas/microsoft.graph.fileEncryptionInfo/properties/macKey - The format base64url is not supported by Kiota for the type Null, String and the string type will be used.
Warning: KiotaBuilder OpenAPI warning: #/components/schemas/microsoft.graph.fileStorageContainerSettings/properties/itemMajorVersionLimit - The format int32 is not supported by Kiota for the type Null, Number and the string type will be used.
Warning: KiotaBuilder OpenAPI warning: #/components/schemas/microsoft.graph.fileSystemInfo/properties/createdDateTime - The format date-time is not supported by Kiota for the type Null, String and the string type will be used.
Warning: KiotaBuilder OpenAPI warning: #/components/schemas/microsoft.graph.fileSystemInfo/properties/lastAccessedDateTime - The format date-time is not supported by Kiota for the type Null, String and the string type will be used.
Warning: KiotaBuilder OpenAPI warning: #/components/schemas/microsoft.graph.fileSystemInfo/properties/lastModifiedDateTime - The format date-time is not supported by Kiota for the type Null, String and the string type will be used.
Warning: KiotaBuilder OpenAPI warning: #/components/schemas/microsoft.graph.folder/properties/childCount - The format int32 is not supported by Kiota for the type Null, Number and the string type will be used.
Warning: KiotaBuilder OpenAPI warning: #/components/schemas/microsoft.graph.geoCoordinates/properties/altitude/oneOf/0 - The format double is not supported by Kiota for the type Null, Number and the string type will be used.
Warning: KiotaBuilder OpenAPI warning: #/components/schemas/microsoft.graph.geoCoordinates/properties/latitude/oneOf/0 - The format double is not supported by Kiota for the type Null, Number and the string type will be used.
Warning: KiotaBuilder OpenAPI warning: #/components/schemas/microsoft.graph.geoCoordinates/properties/longitude/oneOf/0 - The format double is not supported by Kiota for the type Null, Number and the string type will be used.
Warning: KiotaBuilder OpenAPI warning: #/components/schemas/microsoft.graph.governanceSchedule/properties/duration - The format duration is not supported by Kiota for the type Null, String and the string type will be used.
Warning: KiotaBuilder OpenAPI warning: #/components/schemas/microsoft.graph.governanceSchedule/properties/endDateTime - The format date-time is not supported by Kiota for the type Null, String and the string type will be used.
Warning: KiotaBuilder OpenAPI warning: #/components/schemas/microsoft.graph.governanceSchedule/properties/startDateTime - The format date-time is not supported by Kiota for the type Null, String and the string type will be used.
Warning: KiotaBuilder OpenAPI warning: #/components/schemas/microsoft.graph.groupPolicyUploadedLanguageFile/properties/content - The format base64url is not supported by Kiota for the type Null, String and the string type will be used.
Warning: KiotaBuilder OpenAPI warning: #/components/schemas/microsoft.graph.hardwareInformation/properties/batteryLevelPercentage/oneOf/0 - The format double is not supported by Kiota for the type Null, Number and the string type will be used.
Warning: KiotaBuilder OpenAPI warning: #/components/schemas/microsoft.graph.hardwareInformation/properties/residentUsersCount - The format int32 is not supported by Kiota for the type Null, Number and the string type will be used.
Warning: KiotaBuilder OpenAPI warning: #/components/schemas/microsoft.graph.hybridAgentUpdaterConfiguration/properties/deferUpdateDateTime - The format date-time is not supported by Kiota for the type Null, String and the string type will be used.
Warning: KiotaBuilder OpenAPI warning: #/components/schemas/microsoft.graph.identifierUriRestriction/properties/restrictForAppsCreatedAfterDateTime - The format date-time is not supported by Kiota for the type Null, String and the string type will be used.
Warning: KiotaBuilder OpenAPI warning: #/components/schemas/microsoft.graph.identityDetails/properties/createdDateTime - The format date-time is not supported by Kiota for the type Null, String and the string type will be used.
Warning: KiotaBuilder OpenAPI warning: #/components/schemas/microsoft.graph.identityDetails/properties/lastActiveDateTime - The format date-time is not supported by Kiota for the type Null, String and the string type will be used.
Warning: KiotaBuilder OpenAPI warning: #/components/schemas/microsoft.graph.idleSessionSignOut/properties/signOutAfterInSeconds - The format int64 is not supported by Kiota for the type Null, Number and the string type will be used.
Warning: KiotaBuilder OpenAPI warning: #/components/schemas/microsoft.graph.idleSessionSignOut/properties/warnAfterInSeconds - The format int64 is not supported by Kiota for the type Null, Number and the string type will be used.
Warning: KiotaBuilder OpenAPI warning: #/components/schemas/microsoft.graph.image/properties/height - The format int32 is not supported by Kiota for the type Null, Number and the string type will be used.
Warning: KiotaBuilder OpenAPI warning: #/components/schemas/microsoft.graph.image/properties/width - The format int32 is not supported by Kiota for the type Null, Number and the string type will be used.
Warning: KiotaBuilder OpenAPI warning: #/components/schemas/microsoft.graph.incompleteData/properties/missingDataBeforeDateTime - The format date-time is not supported by Kiota for the type Null, String and the string type will be used.
Warning: KiotaBuilder OpenAPI warning: #/components/schemas/microsoft.graph.inferenceData/properties/confidenceScore/oneOf/0 - The format double is not supported by Kiota for the type Null, Number and the string type will be used.
Warning: KiotaBuilder OpenAPI warning: #/components/schemas/microsoft.graph.informationProtectionContentLabel/properties/creationDateTime - The format date-time is not supported by Kiota for the type Null, String and the string type will be used.
Warning: KiotaBuilder OpenAPI warning: #/components/schemas/microsoft.graph.insightValueDouble/allOf/1/properties/value/oneOf/0 - The format double is not supported by Kiota for the type Null, Number and the string type will be used.
Warning: KiotaBuilder OpenAPI warning: #/components/schemas/microsoft.graph.integerRange/properties/end - The format int64 is not supported by Kiota for the type Null, Number and the string type will be used.
Warning: KiotaBuilder OpenAPI warning: #/components/schemas/microsoft.graph.integerRange/properties/maximum - The format int64 is not supported by Kiota for the type Null, Number and the string type will be used.
Warning: KiotaBuilder OpenAPI warning: #/components/schemas/microsoft.graph.integerRange/properties/minimum - The format int64 is not supported by Kiota for the type Null, Number and the string type will be used.
Warning: KiotaBuilder OpenAPI warning: #/components/schemas/microsoft.graph.integerRange/properties/start - The format int64 is not supported by Kiota for the type Null, Number and the string type will be used.
Warning: KiotaBuilder OpenAPI warning: #/components/schemas/microsoft.graph.iosKerberosSingleSignOnExtension/allOf/1/properties/passwordExpirationDays - The format int32 is not supported by Kiota for the type Null, Number and the string type will be used.
Warning: KiotaBuilder OpenAPI warning: #/components/schemas/microsoft.graph.iosKerberosSingleSignOnExtension/allOf/1/properties/passwordExpirationNotificationDays - The format int32 is not supported by Kiota for the type Null, Number and the string type will be used.
Warning: KiotaBuilder OpenAPI warning: #/components/schemas/microsoft.graph.iosKerberosSingleSignOnExtension/allOf/1/properties/passwordMinimumAgeDays - The format int32 is not supported by Kiota for the type Null, Number and the string type will be used.
Warning: KiotaBuilder OpenAPI warning: #/components/schemas/microsoft.graph.iosKerberosSingleSignOnExtension/allOf/1/properties/passwordMinimumLength - The format int32 is not supported by Kiota for the type Null, Number and the string type will be used.
Warning: KiotaBuilder OpenAPI warning: #/components/schemas/microsoft.graph.iosKerberosSingleSignOnExtension/allOf/1/properties/passwordPreviousPasswordBlockCount - The format int32 is not supported by Kiota for the type Null, Number and the string type will be used.
Warning: KiotaBuilder OpenAPI warning: #/components/schemas/microsoft.graph.iosVpnSecurityAssociationParameters/properties/lifetimeInMinutes - The format int32 is not supported by Kiota for the type Null, Number and the string type will be used.
Warning: KiotaBuilder OpenAPI warning: #/components/schemas/microsoft.graph.iosVpnSecurityAssociationParameters/properties/securityDiffieHellmanGroup - The format int32 is not supported by Kiota for the type Null, Number and the string type will be used.
Warning: KiotaBuilder OpenAPI warning: #/components/schemas/microsoft.graph.ipReferenceData/properties/asn - The format int64 is not supported by Kiota for the type Null, Number and the string type will be used.
Warning: KiotaBuilder OpenAPI warning: #/components/schemas/microsoft.graph.itemActionStat/properties/actionCount - The format int32 is not supported by Kiota for the type Null, Number and the string type will be used.
Warning: KiotaBuilder OpenAPI warning: #/components/schemas/microsoft.graph.itemActionStat/properties/actorCount - The format int32 is not supported by Kiota for the type Null, Number and the string type will be used.
Warning: KiotaBuilder OpenAPI warning: #/components/schemas/microsoft.graph.itemActivityTimeSet/properties/lastRecordedDateTime - The format date-time is not supported by Kiota for the type Null, String and the string type will be used.
Warning: KiotaBuilder OpenAPI warning: #/components/schemas/microsoft.graph.itemActivityTimeSet/properties/observedDateTime - The format date-time is not supported by Kiota for the type Null, String and the string type will be used.
Warning: KiotaBuilder OpenAPI warning: #/components/schemas/microsoft.graph.itemActivityTimeSet/properties/recordedDateTime - The format date-time is not supported by Kiota for the type Null, String and the string type will be used.
Warning: KiotaBuilder OpenAPI warning: #/components/schemas/microsoft.graph.kerberosSingleSignOnExtension/allOf/1/properties/passwordExpirationDays - The format int32 is not supported by Kiota for the type Null, Number and the string type will be used.
Warning: KiotaBuilder OpenAPI warning: #/components/schemas/microsoft.graph.kerberosSingleSignOnExtension/allOf/1/properties/passwordExpirationNotificationDays - The format int32 is not supported by Kiota for the type Null, Number and the string type will be used.
Warning: KiotaBuilder OpenAPI warning: #/components/schemas/microsoft.graph.kerberosSingleSignOnExtension/allOf/1/properties/passwordMinimumAgeDays - The format int32 is not supported by Kiota for the type Null, Number and the string type will be used.
Warning: KiotaBuilder OpenAPI warning: #/components/schemas/microsoft.graph.kerberosSingleSignOnExtension/allOf/1/properties/passwordMinimumLength - The format int32 is not supported by Kiota for the type Null, Number and the string type will be used.
Warning: KiotaBuilder OpenAPI warning: #/components/schemas/microsoft.graph.kerberosSingleSignOnExtension/allOf/1/properties/passwordPreviousPasswordBlockCount - The format int32 is not supported by Kiota for the type Null, Number and the string type will be used.
Warning: KiotaBuilder OpenAPI warning: #/components/schemas/microsoft.graph.keyCredential/properties/customKeyIdentifier - The format base64url is not supported by Kiota for the type Null, String and the string type will be used.
Warning: KiotaBuilder OpenAPI warning: #/components/schemas/microsoft.graph.keyCredential/properties/endDateTime - The format date-time is not supported by Kiota for the type Null, String and the string type will be used.
Warning: KiotaBuilder OpenAPI warning: #/components/schemas/microsoft.graph.keyCredential/properties/key - The format base64url is not supported by Kiota for the type Null, String and the string type will be used.
Warning: KiotaBuilder OpenAPI warning: #/components/schemas/microsoft.graph.keyCredential/properties/keyId - The format uuid is not supported by Kiota for the type Null, String and the string type will be used.
Warning: KiotaBuilder OpenAPI warning: #/components/schemas/microsoft.graph.keyCredential/properties/startDateTime - The format date-time is not supported by Kiota for the type Null, String and the string type will be used.
Warning: KiotaBuilder OpenAPI warning: #/components/schemas/microsoft.graph.keyRealValuePair/allOf/1/properties/value/oneOf/0 - The format double is not supported by Kiota for the type Null, Number and the string type will be used.
Warning: KiotaBuilder OpenAPI warning: #/components/schemas/microsoft.graph.lastSignIn/properties/interactiveDateTime - The format date-time is not supported by Kiota for the type Null, String and the string type will be used.
Warning: KiotaBuilder OpenAPI warning: #/components/schemas/microsoft.graph.lastSignIn/properties/nonInteractiveDateTime - The format date-time is not supported by Kiota for the type Null, String and the string type will be used.
Warning: KiotaBuilder OpenAPI warning: #/components/schemas/microsoft.graph.licenseAssignmentState/properties/disabledPlans/items - The format uuid is not supported by Kiota for the type Null, String and the string type will be used.
Warning: KiotaBuilder OpenAPI warning: #/components/schemas/microsoft.graph.licenseAssignmentState/properties/lastUpdatedDateTime - The format date-time is not supported by Kiota for the type Null, String and the string type will be used.
Warning: KiotaBuilder OpenAPI warning: #/components/schemas/microsoft.graph.licenseAssignmentState/properties/skuId - The format uuid is not supported by Kiota for the type Null, String and the string type will be used.
Warning: KiotaBuilder OpenAPI warning: #/components/schemas/microsoft.graph.licenseUnitsDetail/properties/enabled - The format int32 is not supported by Kiota for the type Null, Number and the string type will be used.
Warning: KiotaBuilder OpenAPI warning: #/components/schemas/microsoft.graph.licenseUnitsDetail/properties/lockedOut - The format int32 is not supported by Kiota for the type Null, Number and the string type will be used.
Warning: KiotaBuilder OpenAPI warning: #/components/schemas/microsoft.graph.licenseUnitsDetail/properties/suspended - The format int32 is not supported by Kiota for the type Null, Number and the string type will be used.
Warning: KiotaBuilder OpenAPI warning: #/components/schemas/microsoft.graph.licenseUnitsDetail/properties/warning - The format int32 is not supported by Kiota for the type Null, Number and the string type will be used.
Warning: KiotaBuilder OpenAPI warning: #/components/schemas/microsoft.graph.logonUser/properties/firstSeenDateTime - The format date-time is not supported by Kiota for the type Null, String and the string type will be used.
Warning: KiotaBuilder OpenAPI warning: #/components/schemas/microsoft.graph.logonUser/properties/lastSeenDateTime - The format date-time is not supported by Kiota for the type Null, String and the string type will be used.
Warning: KiotaBuilder OpenAPI warning: #/components/schemas/microsoft.graph.macOSKerberosSingleSignOnExtension/allOf/1/properties/passwordExpirationDays - The format int32 is not supported by Kiota for the type Null, Number and the string type will be used.
Warning: KiotaBuilder OpenAPI warning: #/components/schemas/microsoft.graph.macOSKerberosSingleSignOnExtension/allOf/1/properties/passwordExpirationNotificationDays - The format int32 is not supported by Kiota for the type Null, Number and the string type will be used.
Warning: KiotaBuilder OpenAPI warning: #/components/schemas/microsoft.graph.macOSKerberosSingleSignOnExtension/allOf/1/properties/passwordMinimumAgeDays - The format int32 is not supported by Kiota for the type Null, Number and the string type will be used.
Warning: KiotaBuilder OpenAPI warning: #/components/schemas/microsoft.graph.macOSKerberosSingleSignOnExtension/allOf/1/properties/passwordMinimumLength - The format int32 is not supported by Kiota for the type Null, Number and the string type will be used.
Warning: KiotaBuilder OpenAPI warning: #/components/schemas/microsoft.graph.macOSKerberosSingleSignOnExtension/allOf/1/properties/passwordPreviousPasswordBlockCount - The format int32 is not supported by Kiota for the type Null, Number and the string type will be used.
Warning: KiotaBuilder OpenAPI warning: #/components/schemas/microsoft.graph.mailboxItemImportSession/properties/expirationDateTime - The format date-time is not supported by Kiota for the type Null, String and the string type will be used.
Warning: KiotaBuilder OpenAPI warning: #/components/schemas/microsoft.graph.mailTips/properties/externalMemberCount - The format int32 is not supported by Kiota for the type Null, Number and the string type will be used.
Warning: KiotaBuilder OpenAPI warning: #/components/schemas/microsoft.graph.mailTips/properties/maxMessageSize - The format int32 is not supported by Kiota for the type Null, Number and the string type will be used.
Warning: KiotaBuilder OpenAPI warning: #/components/schemas/microsoft.graph.mailTips/properties/totalMemberCount - The format int32 is not supported by Kiota for the type Null, Number and the string type will be used.
Warning: KiotaBuilder OpenAPI warning: #/components/schemas/microsoft.graph.markContent/allOf/1/properties/fontSize - The format int64 is not supported by Kiota for the type Null, Number and the string type will be used.
Warning: KiotaBuilder OpenAPI warning: #/components/schemas/microsoft.graph.matchingDlpRule/properties/priority - The format int32 is not supported by Kiota for the type Null, Number and the string type will be used.
Warning: KiotaBuilder OpenAPI warning: #/components/schemas/microsoft.graph.matchingLabel/properties/priority - The format int32 is not supported by Kiota for the type Null, Number and the string type will be used.
Warning: KiotaBuilder OpenAPI warning: #/components/schemas/microsoft.graph.matchLocation/properties/length - The format int32 is not supported by Kiota for the type Null, Number and the string type will be used.
Warning: KiotaBuilder OpenAPI warning: #/components/schemas/microsoft.graph.matchLocation/properties/offset - The format int32 is not supported by Kiota for the type Null, Number and the string type will be used.
Warning: KiotaBuilder OpenAPI warning: #/components/schemas/microsoft.graph.mediaPrompt/allOf/1/properties/loop - The format int32 is not supported by Kiota for the type Null, Number and the string type will be used.
Warning: KiotaBuilder OpenAPI warning: #/components/schemas/microsoft.graph.meetingTimeSuggestion/properties/confidence/oneOf/0 - The format double is not supported by Kiota for the type Null, Number and the string type will be used.
Warning: KiotaBuilder OpenAPI warning: #/components/schemas/microsoft.graph.meetingTimeSuggestion/properties/order - The format int32 is not supported by Kiota for the type Null, Number and the string type will be used.
Warning: KiotaBuilder OpenAPI warning: #/components/schemas/microsoft.graph.membersAddedEventMessageDetail/allOf/1/properties/visibleHistoryStartDateTime - The format date-time is not supported by Kiota for the type Null, String and the string type will be used.
Warning: KiotaBuilder OpenAPI warning: #/components/schemas/microsoft.graph.membershipRuleProcessingStatus/properties/lastMembershipUpdated - The format date-time is not supported by Kiota for the type Null, String and the string type will be used.
Warning: KiotaBuilder OpenAPI warning: #/components/schemas/microsoft.graph.mentionEvent/properties/eventDateTime - The format date-time is not supported by Kiota for the type Null, String and the string type will be used.
Warning: KiotaBuilder OpenAPI warning: #/components/schemas/microsoft.graph.messagePinnedEventMessageDetail/allOf/1/properties/eventDateTime - The format date-time is not supported by Kiota for the type Null, String and the string type will be used.
Warning: KiotaBuilder OpenAPI warning: #/components/schemas/microsoft.graph.messageSecurityState/properties/messageReceivedDateTime - The format date-time is not supported by Kiota for the type Null, String and the string type will be used.
Warning: KiotaBuilder OpenAPI warning: #/components/schemas/microsoft.graph.messageUnpinnedEventMessageDetail/allOf/1/properties/eventDateTime - The format date-time is not supported by Kiota for the type Null, String and the string type will be used.
Warning: KiotaBuilder OpenAPI warning: #/components/schemas/microsoft.graph.microsoftCustomTrainingSetting/allOf/1/properties/completionDateTime - The format date-time is not supported by Kiota for the type Null, String and the string type will be used.
Warning: KiotaBuilder OpenAPI warning: #/components/schemas/microsoft.graph.microsoftManagedTrainingSetting/allOf/1/properties/completionDateTime - The format date-time is not supported by Kiota for the type Null, String and the string type will be used.
Warning: KiotaBuilder OpenAPI warning: #/components/schemas/microsoft.graph.mimeContent/properties/value - The format base64url is not supported by Kiota for the type Null, String and the string type will be used.
Warning: KiotaBuilder OpenAPI warning: #/components/schemas/microsoft.graph.mobileAppInstallTimeSettings/properties/deadlineDateTime - The format date-time is not supported by Kiota for the type Null, String and the string type will be used.
Warning: KiotaBuilder OpenAPI warning: #/components/schemas/microsoft.graph.mobileAppInstallTimeSettings/properties/startDateTime - The format date-time is not supported by Kiota for the type Null, String and the string type will be used.
Warning: KiotaBuilder OpenAPI warning: #/components/schemas/microsoft.graph.networkConnection/properties/domainRegisteredDateTime - The format date-time is not supported by Kiota for the type Null, String and the string type will be used.
Warning: KiotaBuilder OpenAPI warning: #/components/schemas/microsoft.graph.notifyUserAction/allOf/1/properties/actionLastModifiedDateTime - The format date-time is not supported by Kiota for the type Null, String and the string type will be used.
Warning: KiotaBuilder OpenAPI warning: #/components/schemas/microsoft.graph.numberColumn/properties/maximum/oneOf/0 - The format double is not supported by Kiota for the type Null, Number and the string type will be used.
Warning: KiotaBuilder OpenAPI warning: #/components/schemas/microsoft.graph.numberColumn/properties/minimum/oneOf/0 - The format double is not supported by Kiota for the type Null, Number and the string type will be used.
Warning: KiotaBuilder OpenAPI warning: #/components/schemas/microsoft.graph.omaSettingFloatingPoint/allOf/1/properties/value/oneOf/0 - The format float is not supported by Kiota for the type Null, Number and the string type will be used.
Warning: KiotaBuilder OpenAPI warning: #/components/schemas/microsoft.graph.onPremisesAccidentalDeletionPrevention/properties/alertThreshold - The format int32 is not supported by Kiota for the type Null, Number and the string type will be used.
Warning: KiotaBuilder OpenAPI warning: #/components/schemas/microsoft.graph.onPremisesCurrentExportData/properties/pendingObjectsAddition - The format int32 is not supported by Kiota for the type Null, Number and the string type will be used.
Warning: KiotaBuilder OpenAPI warning: #/components/schemas/microsoft.graph.onPremisesCurrentExportData/properties/pendingObjectsDeletion - The format int32 is not supported by Kiota for the type Null, Number and the string type will be used.
Warning: KiotaBuilder OpenAPI warning: #/components/schemas/microsoft.graph.onPremisesCurrentExportData/properties/pendingObjectsUpdate - The format int32 is not supported by Kiota for the type Null, Number and the string type will be used.
Warning: KiotaBuilder OpenAPI warning: #/components/schemas/microsoft.graph.onPremisesCurrentExportData/properties/successfulLinksProvisioningCount - The format int64 is not supported by Kiota for the type Null, Number and the string type will be used.
Warning: KiotaBuilder OpenAPI warning: #/components/schemas/microsoft.graph.onPremisesCurrentExportData/properties/successfulObjectsProvisioningCount - The format int32 is not supported by Kiota for the type Null, Number and the string type will be used.
Warning: KiotaBuilder OpenAPI warning: #/components/schemas/microsoft.graph.onPremisesCurrentExportData/properties/totalConnectorSpaceObjects - The format int32 is not supported by Kiota for the type Null, Number and the string type will be used.
Warning: KiotaBuilder OpenAPI warning: #/components/schemas/microsoft.graph.onPremisesDirectorySynchronizationConfiguration/properties/customerRequestedSynchronizationInterval - The format duration is not supported by Kiota for the type Null, String and the string type will be used.
Warning: KiotaBuilder OpenAPI warning: #/components/schemas/microsoft.graph.onPremisesDirectorySynchronizationConfiguration/properties/synchronizationInterval - The format duration is not supported by Kiota for the type Null, String and the string type will be used.
Warning: KiotaBuilder OpenAPI warning: #/components/schemas/microsoft.graph.onPremisesProvisioningError/properties/occurredDateTime - The format date-time is not supported by Kiota for the type Null, String and the string type will be used.
Warning: KiotaBuilder OpenAPI warning: #/components/schemas/microsoft.graph.operationApprovalRequestEntityStatus/properties/requestExpirationDateTime - The format date-time is not supported by Kiota for the type Null, String and the string type will be used.
Warning: KiotaBuilder OpenAPI warning: #/components/schemas/microsoft.graph.outlookGeoCoordinates/properties/accuracy/oneOf/0 - The format double is not supported by Kiota for the type Null, Number and the string type will be used.
Warning: KiotaBuilder OpenAPI warning: #/components/schemas/microsoft.graph.outlookGeoCoordinates/properties/altitude/oneOf/0 - The format double is not supported by Kiota for the type Null, Number and the string type will be used.
Warning: KiotaBuilder OpenAPI warning: #/components/schemas/microsoft.graph.outlookGeoCoordinates/properties/altitudeAccuracy/oneOf/0 - The format double is not supported by Kiota for the type Null, Number and the string type will be used.
Warning: KiotaBuilder OpenAPI warning: #/components/schemas/microsoft.graph.outlookGeoCoordinates/properties/latitude/oneOf/0 - The format double is not supported by Kiota for the type Null, Number and the string type will be used.
Warning: KiotaBuilder OpenAPI warning: #/components/schemas/microsoft.graph.outlookGeoCoordinates/properties/longitude/oneOf/0 - The format double is not supported by Kiota for the type Null, Number and the string type will be used.
Warning: KiotaBuilder OpenAPI warning: #/components/schemas/microsoft.graph.passwordCredential/properties/customKeyIdentifier - The format base64url is not supported by Kiota for the type Null, String and the string type will be used.
Warning: KiotaBuilder OpenAPI warning: #/components/schemas/microsoft.graph.passwordCredential/properties/endDateTime - The format date-time is not supported by Kiota for the type Null, String and the string type will be used.
Warning: KiotaBuilder OpenAPI warning: #/components/schemas/microsoft.graph.passwordCredential/properties/keyId - The format uuid is not supported by Kiota for the type Null, String and the string type will be used.
Warning: KiotaBuilder OpenAPI warning: #/components/schemas/microsoft.graph.passwordCredential/properties/startDateTime - The format date-time is not supported by Kiota for the type Null, String and the string type will be used.
Warning: KiotaBuilder OpenAPI warning: #/components/schemas/microsoft.graph.pendingContentUpdate/properties/queuedDateTime - The format date-time is not supported by Kiota for the type Null, String and the string type will be used.
Warning: KiotaBuilder OpenAPI warning: #/components/schemas/microsoft.graph.photo/properties/exposureDenominator/oneOf/0 - The format double is not supported by Kiota for the type Null, Number and the string type will be used.
Warning: KiotaBuilder OpenAPI warning: #/components/schemas/microsoft.graph.photo/properties/exposureNumerator/oneOf/0 - The format double is not supported by Kiota for the type Null, Number and the string type will be used.
Warning: KiotaBuilder OpenAPI warning: #/components/schemas/microsoft.graph.photo/properties/fNumber/oneOf/0 - The format double is not supported by Kiota for the type Null, Number and the string type will be used.
Warning: KiotaBuilder OpenAPI warning: #/components/schemas/microsoft.graph.photo/properties/focalLength/oneOf/0 - The format double is not supported by Kiota for the type Null, Number and the string type will be used.
Warning: KiotaBuilder OpenAPI warning: #/components/schemas/microsoft.graph.photo/properties/iso - The format int32 is not supported by Kiota for the type Null, Number and the string type will be used.
Warning: KiotaBuilder OpenAPI warning: #/components/schemas/microsoft.graph.photo/properties/orientation - The format int16 is not supported by Kiota for the type Null, Number and the string type will be used.
Warning: KiotaBuilder OpenAPI warning: #/components/schemas/microsoft.graph.photo/properties/takenDateTime - The format date-time is not supported by Kiota for the type Null, String and the string type will be used.
Warning: KiotaBuilder OpenAPI warning: #/components/schemas/microsoft.graph.plannerArchivalInfo/properties/statusChangedDateTime - The format date-time is not supported by Kiota for the type Null, String and the string type will be used.
Warning: KiotaBuilder OpenAPI warning: #/components/schemas/microsoft.graph.plannerAssignment/properties/assignedDateTime - The format date-time is not supported by Kiota for the type Null, String and the string type will be used.
Warning: KiotaBuilder OpenAPI warning: #/components/schemas/microsoft.graph.plannerChecklistItem/properties/lastModifiedDateTime - The format date-time is not supported by Kiota for the type Null, String and the string type will be used.
Warning: KiotaBuilder OpenAPI warning: #/components/schemas/microsoft.graph.plannerExternalReference/properties/lastModifiedDateTime - The format date-time is not supported by Kiota for the type Null, String and the string type will be used.
Warning: KiotaBuilder OpenAPI warning: #/components/schemas/microsoft.graph.plannerPlanContext/properties/createdDateTime - The format date-time is not supported by Kiota for the type Null, String and the string type will be used.
Warning: KiotaBuilder OpenAPI warning: #/components/schemas/microsoft.graph.plannerRecentPlanReference/properties/lastAccessedDateTime - The format date-time is not supported by Kiota for the type Null, String and the string type will be used.
Warning: KiotaBuilder OpenAPI warning: #/components/schemas/microsoft.graph.plannerRecurrenceSchedule/properties/nextOccurrenceDateTime - The format date-time is not supported by Kiota for the type Null, String and the string type will be used.
Warning: KiotaBuilder OpenAPI warning: #/components/schemas/microsoft.graph.plannerRecurrenceSchedule/properties/patternStartDateTime - The format date-time is not supported by Kiota for the type Null, String and the string type will be used.
Warning: KiotaBuilder OpenAPI warning: #/components/schemas/microsoft.graph.plannerTeamsPublicationInfo/allOf/1/properties/lastModifiedDateTime - The format date-time is not supported by Kiota for the type Null, String and the string type will be used.
Warning: KiotaBuilder OpenAPI warning: #/components/schemas/microsoft.graph.positionDetail/properties/endMonthYear - The format date is not supported by Kiota for the type Null, String and the string type will be used.
Warning: KiotaBuilder OpenAPI warning: #/components/schemas/microsoft.graph.positionDetail/properties/layer - The format int32 is not supported by Kiota for the type Null, Number and the string type will be used.
Warning: KiotaBuilder OpenAPI warning: #/components/schemas/microsoft.graph.positionDetail/properties/startMonthYear - The format date is not supported by Kiota for the type Null, String and the string type will be used.
Warning: KiotaBuilder OpenAPI warning: #/components/schemas/microsoft.graph.powerliftIncidentDetail/properties/createdDateTime - The format date-time is not supported by Kiota for the type Null, String and the string type will be used.
Warning: KiotaBuilder OpenAPI warning: #/components/schemas/microsoft.graph.powerliftIncidentMetadata/properties/createdAtDateTime - The format date-time is not supported by Kiota for the type Null, String and the string type will be used.
Warning: KiotaBuilder OpenAPI warning: #/components/schemas/microsoft.graph.presenceStatusMessage/properties/publishedDateTime - The format date-time is not supported by Kiota for the type Null, String and the string type will be used.
Warning: KiotaBuilder OpenAPI warning: #/components/schemas/microsoft.graph.printerCapabilities/properties/bottomMargins/items - The format int32 is not supported by Kiota for the type Null, Number and the string type will be used.
Warning: KiotaBuilder OpenAPI warning: #/components/schemas/microsoft.graph.printerCapabilities/properties/dpis/items - The format int32 is not supported by Kiota for the type Null, Number and the string type will be used.
Warning: KiotaBuilder OpenAPI warning: #/components/schemas/microsoft.graph.printerCapabilities/properties/leftMargins/items - The format int32 is not supported by Kiota for the type Null, Number and the string type will be used.
Warning: KiotaBuilder OpenAPI warning: #/components/schemas/microsoft.graph.printerCapabilities/properties/pagesPerSheet/items - The format int32 is not supported by Kiota for the type Null, Number and the string type will be used.
Warning: KiotaBuilder OpenAPI warning: #/components/schemas/microsoft.graph.printerCapabilities/properties/rightMargins/items - The format int32 is not supported by Kiota for the type Null, Number and the string type will be used.
Warning: KiotaBuilder OpenAPI warning: #/components/schemas/microsoft.graph.printerCapabilities/properties/topMargins/items - The format int32 is not supported by Kiota for the type Null, Number and the string type will be used.
Warning: KiotaBuilder OpenAPI warning: #/components/schemas/microsoft.graph.printerDefaults/properties/copiesPerJob - The format int32 is not supported by Kiota for the type Null, Number and the string type will be used.
Warning: KiotaBuilder OpenAPI warning: #/components/schemas/microsoft.graph.printerDefaults/properties/dpi - The format int32 is not supported by Kiota for the type Null, Number and the string type will be used.
Warning: KiotaBuilder OpenAPI warning: #/components/schemas/microsoft.graph.printerDefaults/properties/pagesPerSheet - The format int32 is not supported by Kiota for the type Null, Number and the string type will be used.
Warning: KiotaBuilder OpenAPI warning: #/components/schemas/microsoft.graph.printerDocumentConfiguration/properties/copies - The format int32 is not supported by Kiota for the type Null, Number and the string type will be used.
Warning: KiotaBuilder OpenAPI warning: #/components/schemas/microsoft.graph.printerDocumentConfiguration/properties/dpi - The format int32 is not supported by Kiota for the type Null, Number and the string type will be used.
Warning: KiotaBuilder OpenAPI warning: #/components/schemas/microsoft.graph.printerDocumentConfiguration/properties/pagesPerSheet - The format int32 is not supported by Kiota for the type Null, Number and the string type will be used.
Warning: KiotaBuilder OpenAPI warning: #/components/schemas/microsoft.graph.printerLocation/properties/altitudeInMeters - The format int32 is not supported by Kiota for the type Null, Number and the string type will be used.
Warning: KiotaBuilder OpenAPI warning: #/components/schemas/microsoft.graph.printerLocation/properties/floorNumber - The format int32 is not supported by Kiota for the type Null, Number and the string type will be used.
Warning: KiotaBuilder OpenAPI warning: #/components/schemas/microsoft.graph.printerLocation/properties/latitude/oneOf/0 - The format double is not supported by Kiota for the type Null, Number and the string type will be used.
Warning: KiotaBuilder OpenAPI warning: #/components/schemas/microsoft.graph.printerLocation/properties/longitude/oneOf/0 - The format double is not supported by Kiota for the type Null, Number and the string type will be used.
Warning: KiotaBuilder OpenAPI warning: #/components/schemas/microsoft.graph.printerLocation/properties/roomNumber - The format int32 is not supported by Kiota for the type Null, Number and the string type will be used.
Warning: KiotaBuilder OpenAPI warning: #/components/schemas/microsoft.graph.printerShareViewpoint/properties/lastUsedDateTime - The format date-time is not supported by Kiota for the type Null, String and the string type will be used.
Warning: KiotaBuilder OpenAPI warning: #/components/schemas/microsoft.graph.printJobConfiguration/properties/copies - The format int32 is not supported by Kiota for the type Null, Number and the string type will be used.
Warning: KiotaBuilder OpenAPI warning: #/components/schemas/microsoft.graph.printJobConfiguration/properties/dpi - The format int32 is not supported by Kiota for the type Null, Number and the string type will be used.
Warning: KiotaBuilder OpenAPI warning: #/components/schemas/microsoft.graph.printJobConfiguration/properties/pagesPerSheet - The format int32 is not supported by Kiota for the type Null, Number and the string type will be used.
Warning: KiotaBuilder OpenAPI warning: #/components/schemas/microsoft.graph.printMargin/properties/bottom - The format int32 is not supported by Kiota for the type Null, Number and the string type will be used.
Warning: KiotaBuilder OpenAPI warning: #/components/schemas/microsoft.graph.printMargin/properties/left - The format int32 is not supported by Kiota for the type Null, Number and the string type will be used.
Warning: KiotaBuilder OpenAPI warning: #/components/schemas/microsoft.graph.printMargin/properties/right - The format int32 is not supported by Kiota for the type Null, Number and the string type will be used.
Warning: KiotaBuilder OpenAPI warning: #/components/schemas/microsoft.graph.printMargin/properties/top - The format int32 is not supported by Kiota for the type Null, Number and the string type will be used.
Warning: KiotaBuilder OpenAPI warning: #/components/schemas/microsoft.graph.process/properties/createdDateTime - The format date-time is not supported by Kiota for the type Null, String and the string type will be used.
Warning: KiotaBuilder OpenAPI warning: #/components/schemas/microsoft.graph.process/properties/parentProcessCreatedDateTime - The format date-time is not supported by Kiota for the type Null, String and the string type will be used.
Warning: KiotaBuilder OpenAPI warning: #/components/schemas/microsoft.graph.process/properties/parentProcessId - The format int32 is not supported by Kiota for the type Null, Number and the string type will be used.
Warning: KiotaBuilder OpenAPI warning: #/components/schemas/microsoft.graph.process/properties/processId - The format int32 is not supported by Kiota for the type Null, Number and the string type will be used.
Warning: KiotaBuilder OpenAPI warning: #/components/schemas/microsoft.graph.quizInfo/properties/maxPoints/oneOf/0 - The format float is not supported by Kiota for the type Null, Number and the string type will be used.
Warning: KiotaBuilder OpenAPI warning: #/components/schemas/microsoft.graph.quota/properties/deleted - The format int64 is not supported by Kiota for the type Null, Number and the string type will be used.
Warning: KiotaBuilder OpenAPI warning: #/components/schemas/microsoft.graph.quota/properties/remaining - The format int64 is not supported by Kiota for the type Null, Number and the string type will be used.
Warning: KiotaBuilder OpenAPI warning: #/components/schemas/microsoft.graph.quota/properties/total - The format int64 is not supported by Kiota for the type Null, Number and the string type will be used.
Warning: KiotaBuilder OpenAPI warning: #/components/schemas/microsoft.graph.quota/properties/used - The format int64 is not supported by Kiota for the type Null, Number and the string type will be used.
Warning: KiotaBuilder OpenAPI warning: #/components/schemas/microsoft.graph.rankedEmailAddress/properties/rank/oneOf/0 - The format double is not supported by Kiota for the type Null, Number and the string type will be used.
Warning: KiotaBuilder OpenAPI warning: #/components/schemas/microsoft.graph.reactionsFacet/properties/commentCount - The format int32 is not supported by Kiota for the type Null, Number and the string type will be used.
Warning: KiotaBuilder OpenAPI warning: #/components/schemas/microsoft.graph.reactionsFacet/properties/likeCount - The format int32 is not supported by Kiota for the type Null, Number and the string type will be used.
Warning: KiotaBuilder OpenAPI warning: #/components/schemas/microsoft.graph.reactionsFacet/properties/shareCount - The format int32 is not supported by Kiota for the type Null, Number and the string type will be used.
Warning: KiotaBuilder OpenAPI warning: #/components/schemas/microsoft.graph.recentNotebook/properties/lastAccessedTime - The format date-time is not supported by Kiota for the type Null, String and the string type will be used.
Warning: KiotaBuilder OpenAPI warning: #/components/schemas/microsoft.graph.recommendedAction/properties/potentialScoreImpact/oneOf/0 - The format double is not supported by Kiota for the type Null, Number and the string type will be used.
Warning: KiotaBuilder OpenAPI warning: #/components/schemas/microsoft.graph.reconciliationCounter/properties/correlatedObjectCount - The format int64 is not supported by Kiota for the type Null, Number and the string type will be used.
Warning: KiotaBuilder OpenAPI warning: #/components/schemas/microsoft.graph.reconciliationCounter/properties/sourceObjectCount - The format int64 is not supported by Kiota for the type Null, Number and the string type will be used.
Warning: KiotaBuilder OpenAPI warning: #/components/schemas/microsoft.graph.reconciliationCounter/properties/targetObjectCount - The format int64 is not supported by Kiota for the type Null, Number and the string type will be used.
Warning: KiotaBuilder OpenAPI warning: #/components/schemas/microsoft.graph.reconciliationCounter/properties/uncorrelatedObjectCount - The format int64 is not supported by Kiota for the type Null, Number and the string type will be used.
Warning: KiotaBuilder OpenAPI warning: #/components/schemas/microsoft.graph.recurrenceRange/properties/endDate - The format date is not supported by Kiota for the type Null, String and the string type will be used.
Warning: KiotaBuilder OpenAPI warning: #/components/schemas/microsoft.graph.recurrenceRange/properties/startDate - The format date is not supported by Kiota for the type Null, String and the string type will be used.
Warning: KiotaBuilder OpenAPI warning: #/components/schemas/microsoft.graph.recycleBinSettings/properties/retentionPeriodOverrideDays - The format int32 is not supported by Kiota for the type Null, Number and the string type will be used.
Warning: KiotaBuilder OpenAPI warning: #/components/schemas/microsoft.graph.redirectUriSettings/properties/index - The format int32 is not supported by Kiota for the type Null, Number and the string type will be used.
Warning: KiotaBuilder OpenAPI warning: #/components/schemas/microsoft.graph.registryKeyState/properties/processId - The format int32 is not supported by Kiota for the type Null, Number and the string type will be used.
Warning: KiotaBuilder OpenAPI warning: #/components/schemas/microsoft.graph.remoteItem/properties/createdDateTime - The format date-time is not supported by Kiota for the type Null, String and the string type will be used.
Warning: KiotaBuilder OpenAPI warning: #/components/schemas/microsoft.graph.remoteItem/properties/lastModifiedDateTime - The format date-time is not supported by Kiota for the type Null, String and the string type will be used.
Warning: KiotaBuilder OpenAPI warning: #/components/schemas/microsoft.graph.remoteItem/properties/size - The format int64 is not supported by Kiota for the type Null, Number and the string type will be used.
Warning: KiotaBuilder OpenAPI warning: #/components/schemas/microsoft.graph.report/properties/content - The format base64url is not supported by Kiota for the type Null, String and the string type will be used.
Warning: KiotaBuilder OpenAPI warning: #/components/schemas/microsoft.graph.reportSuspiciousActivitySettings/properties/voiceReportingCode - The format int32 is not supported by Kiota for the type Null, Number and the string type will be used.
Warning: KiotaBuilder OpenAPI warning: #/components/schemas/microsoft.graph.requestActivity/properties/actionDateTime - The format date-time is not supported by Kiota for the type Null, String and the string type will be used.
Warning: KiotaBuilder OpenAPI warning: #/components/schemas/microsoft.graph.requestActivity/properties/scheduledDateTime - The format date-time is not supported by Kiota for the type Null, String and the string type will be used.
Warning: KiotaBuilder OpenAPI warning: #/components/schemas/microsoft.graph.requestorManager/allOf/1/properties/managerLevel - The format int32 is not supported by Kiota for the type Null, Number and the string type will be used.
Warning: KiotaBuilder OpenAPI warning: #/components/schemas/microsoft.graph.requestSchedule/properties/startDateTime - The format date-time is not supported by Kiota for the type Null, String and the string type will be used.
Warning: KiotaBuilder OpenAPI warning: #/components/schemas/microsoft.graph.responseStatus/properties/time - The format date-time is not supported by Kiota for the type Null, String and the string type will be used.
Warning: KiotaBuilder OpenAPI warning: #/components/schemas/microsoft.graph.restorePointSearchResult/properties/artifactHitCount - The format int32 is not supported by Kiota for the type Null, Number and the string type will be used.
Warning: KiotaBuilder OpenAPI warning: #/components/schemas/microsoft.graph.restoreSessionArtifactCount/properties/completed - The format int32 is not supported by Kiota for the type Null, Number and the string type will be used.
Warning: KiotaBuilder OpenAPI warning: #/components/schemas/microsoft.graph.restoreSessionArtifactCount/properties/failed - The format int32 is not supported by Kiota for the type Null, Number and the string type will be used.
Warning: KiotaBuilder OpenAPI warning: #/components/schemas/microsoft.graph.restoreSessionArtifactCount/properties/inProgress - The format int32 is not supported by Kiota for the type Null, Number and the string type will be used.
Warning: KiotaBuilder OpenAPI warning: #/components/schemas/microsoft.graph.restoreSessionArtifactCount/properties/total - The format int32 is not supported by Kiota for the type Null, Number and the string type will be used.
Warning: KiotaBuilder OpenAPI warning: #/components/schemas/microsoft.graph.retentionSetting/properties/period - The format duration is not supported by Kiota for the type Null, String and the string type will be used.
Warning: KiotaBuilder OpenAPI warning: #/components/schemas/microsoft.graph.roleSuccessStatistics/properties/permanentFail - The format int64 is not supported by Kiota for the type Null, Number and the string type will be used.
Warning: KiotaBuilder OpenAPI warning: #/components/schemas/microsoft.graph.roleSuccessStatistics/properties/permanentSuccess - The format int64 is not supported by Kiota for the type Null, Number and the string type will be used.
Warning: KiotaBuilder OpenAPI warning: #/components/schemas/microsoft.graph.roleSuccessStatistics/properties/removeFail - The format int64 is not supported by Kiota for the type Null, Number and the string type will be used.
Warning: KiotaBuilder OpenAPI warning: #/components/schemas/microsoft.graph.roleSuccessStatistics/properties/removeSuccess - The format int64 is not supported by Kiota for the type Null, Number and the string type will be used.
Warning: KiotaBuilder OpenAPI warning: #/components/schemas/microsoft.graph.roleSuccessStatistics/properties/temporaryFail - The format int64 is not supported by Kiota for the type Null, Number and the string type will be used.
Warning: KiotaBuilder OpenAPI warning: #/components/schemas/microsoft.graph.roleSuccessStatistics/properties/temporarySuccess - The format int64 is not supported by Kiota for the type Null, Number and the string type will be used.
Warning: KiotaBuilder OpenAPI warning: #/components/schemas/microsoft.graph.roleSuccessStatistics/properties/unknownFail - The format int64 is not supported by Kiota for the type Null, Number and the string type will be used.
Warning: KiotaBuilder OpenAPI warning: #/components/schemas/microsoft.graph.rubricQuality/properties/weight/oneOf/0 - The format float is not supported by Kiota for the type Null, Number and the string type will be used.
Warning: KiotaBuilder OpenAPI warning: #/components/schemas/microsoft.graph.scheduleEntity/properties/endDateTime - The format date-time is not supported by Kiota for the type Null, String and the string type will be used.
Warning: KiotaBuilder OpenAPI warning: #/components/schemas/microsoft.graph.scheduleEntity/properties/startDateTime - The format date-time is not supported by Kiota for the type Null, String and the string type will be used.
Warning: KiotaBuilder OpenAPI warning: #/components/schemas/microsoft.graph.searchBucket/properties/count - The format int32 is not supported by Kiota for the type Null, Number and the string type will be used.
Warning: KiotaBuilder OpenAPI warning: #/components/schemas/microsoft.graph.searchHit/properties/rank - The format int32 is not supported by Kiota for the type Null, Number and the string type will be used.
Warning: KiotaBuilder OpenAPI warning: #/components/schemas/microsoft.graph.searchHit/properties/_score - The format int32 is not supported by Kiota for the type Null, Number and the string type will be used.
Warning: KiotaBuilder OpenAPI warning: #/components/schemas/microsoft.graph.searchHitsContainer/properties/total - The format int32 is not supported by Kiota for the type Null, Number and the string type will be used.
Warning: KiotaBuilder OpenAPI warning: #/components/schemas/microsoft.graph.searchSensitivityLabelInfo/properties/priority - The format int32 is not supported by Kiota for the type Null, Number and the string type will be used.
Warning: KiotaBuilder OpenAPI warning: #/components/schemas/microsoft.graph.secureScoreControlStateUpdate/properties/updatedDateTime - The format date-time is not supported by Kiota for the type Null, String and the string type will be used.
Warning: KiotaBuilder OpenAPI warning: #/components/schemas/microsoft.graph.securityActionState/properties/updatedDateTime - The format date-time is not supported by Kiota for the type Null, String and the string type will be used.
Warning: KiotaBuilder OpenAPI warning: #/components/schemas/microsoft.graph.selfSignedCertificate/properties/customKeyIdentifier - The format base64url is not supported by Kiota for the type Null, String and the string type will be used.
Warning: KiotaBuilder OpenAPI warning: #/components/schemas/microsoft.graph.selfSignedCertificate/properties/endDateTime - The format date-time is not supported by Kiota for the type Null, String and the string type will be used.
Warning: KiotaBuilder OpenAPI warning: #/components/schemas/microsoft.graph.selfSignedCertificate/properties/key - The format base64url is not supported by Kiota for the type Null, String and the string type will be used.
Warning: KiotaBuilder OpenAPI warning: #/components/schemas/microsoft.graph.selfSignedCertificate/properties/keyId - The format uuid is not supported by Kiota for the type Null, String and the string type will be used.
Warning: KiotaBuilder OpenAPI warning: #/components/schemas/microsoft.graph.selfSignedCertificate/properties/startDateTime - The format date-time is not supported by Kiota for the type Null, String and the string type will be used.
Warning: KiotaBuilder OpenAPI warning: #/components/schemas/microsoft.graph.sensitiveContentEvidence/properties/length - The format int32 is not supported by Kiota for the type Null, Number and the string type will be used.
Warning: KiotaBuilder OpenAPI warning: #/components/schemas/microsoft.graph.sensitiveContentEvidence/properties/offset - The format int32 is not supported by Kiota for the type Null, Number and the string type will be used.
Warning: KiotaBuilder OpenAPI warning: #/components/schemas/microsoft.graph.sensitiveContentLocation/properties/confidence - The format int32 is not supported by Kiota for the type Null, Number and the string type will be used.
Warning: KiotaBuilder OpenAPI warning: #/components/schemas/microsoft.graph.sensitiveContentLocation/properties/length - The format int32 is not supported by Kiota for the type Null, Number and the string type will be used.
Warning: KiotaBuilder OpenAPI warning: #/components/schemas/microsoft.graph.sensitiveContentLocation/properties/offset - The format int32 is not supported by Kiota for the type Null, Number and the string type will be used.
Warning: KiotaBuilder OpenAPI warning: #/components/schemas/microsoft.graph.serviceActivityPerformanceMetric/properties/percentage/oneOf/0 - The format double is not supported by Kiota for the type Null, Number and the string type will be used.
Warning: KiotaBuilder OpenAPI warning: #/components/schemas/microsoft.graph.serviceLevelAgreementAttainment/properties/score/oneOf/0 - The format double is not supported by Kiota for the type Null, Number and the string type will be used.
Warning: KiotaBuilder OpenAPI warning: #/components/schemas/microsoft.graph.servicePlanInfo/properties/servicePlanId - The format uuid is not supported by Kiota for the type Null, String and the string type will be used.
Warning: KiotaBuilder OpenAPI warning: #/components/schemas/microsoft.graph.serviceProvisioningError/properties/createdDateTime - The format date-time is not supported by Kiota for the type Null, String and the string type will be used.
Warning: KiotaBuilder OpenAPI warning: #/components/schemas/microsoft.graph.serviceStatus/properties/gracePeriodDateTime - The format date-time is not supported by Kiota for the type Null, String and the string type will be used.
Warning: KiotaBuilder OpenAPI warning: #/components/schemas/microsoft.graph.serviceStatus/properties/lastModifiedDateTime - The format date-time is not supported by Kiota for the type Null, String and the string type will be used.
Warning: KiotaBuilder OpenAPI warning: #/components/schemas/microsoft.graph.serviceStatus/properties/restoreAllowedTillDateTime - The format date-time is not supported by Kiota for the type Null, String and the string type will be used.
Warning: KiotaBuilder OpenAPI warning: #/components/schemas/microsoft.graph.shared/properties/sharedDateTime - The format date-time is not supported by Kiota for the type Null, String and the string type will be used.
Warning: KiotaBuilder OpenAPI warning: #/components/schemas/microsoft.graph.sharedAppleDeviceUser/properties/dataQuota - The format int64 is not supported by Kiota for the type Null, Number and the string type will be used.
Warning: KiotaBuilder OpenAPI warning: #/components/schemas/microsoft.graph.sharedPCAccountManagerPolicy/properties/cacheAccountsAboveDiskFreePercentage - The format int32 is not supported by Kiota for the type Null, Number and the string type will be used.
Warning: KiotaBuilder OpenAPI warning: #/components/schemas/microsoft.graph.sharedPCAccountManagerPolicy/properties/inactiveThresholdDays - The format int32 is not supported by Kiota for the type Null, Number and the string type will be used.
Warning: KiotaBuilder OpenAPI warning: #/components/schemas/microsoft.graph.sharedPCAccountManagerPolicy/properties/removeAccountsBelowDiskFreePercentage - The format int32 is not supported by Kiota for the type Null, Number and the string type will be used.
Warning: KiotaBuilder OpenAPI warning: #/components/schemas/microsoft.graph.sharingDetail/properties/sharedDateTime - The format date-time is not supported by Kiota for the type Null, String and the string type will be used.
Warning: KiotaBuilder OpenAPI warning: #/components/schemas/microsoft.graph.sharingLinkExpirationStatus/properties/defaultExpirationInDays - The format int32 is not supported by Kiota for the type Null, Number and the string type will be used.
Warning: KiotaBuilder OpenAPI warning: #/components/schemas/microsoft.graph.shiftActivity/properties/endDateTime - The format date-time is not supported by Kiota for the type Null, String and the string type will be used.
Warning: KiotaBuilder OpenAPI warning: #/components/schemas/microsoft.graph.shiftActivity/properties/startDateTime - The format date-time is not supported by Kiota for the type Null, String and the string type will be used.
Warning: KiotaBuilder OpenAPI warning: #/components/schemas/microsoft.graph.signInActivity/properties/lastNonInteractiveSignInDateTime - The format date-time is not supported by Kiota for the type Null, String and the string type will be used.
Warning: KiotaBuilder OpenAPI warning: #/components/schemas/microsoft.graph.signInActivity/properties/lastSignInDateTime - The format date-time is not supported by Kiota for the type Null, String and the string type will be used.
Warning: KiotaBuilder OpenAPI warning: #/components/schemas/microsoft.graph.signInActivity/properties/lastSuccessfulSignInDateTime - The format date-time is not supported by Kiota for the type Null, String and the string type will be used.
Warning: KiotaBuilder OpenAPI warning: #/components/schemas/microsoft.graph.signInCounts/properties/noSignIn - The format int32 is not supported by Kiota for the type Null, Number and the string type will be used.
Warning: KiotaBuilder OpenAPI warning: #/components/schemas/microsoft.graph.signInCounts/properties/withSignIn - The format int32 is not supported by Kiota for the type Null, Number and the string type will be used.
Warning: KiotaBuilder OpenAPI warning: #/components/schemas/microsoft.graph.signInFrequencySessionControl/allOf/1/properties/value - The format int32 is not supported by Kiota for the type Null, Number and the string type will be used.
Warning: KiotaBuilder OpenAPI warning: #/components/schemas/microsoft.graph.signingCertificateUpdateStatus/properties/lastRunDateTime - The format date-time is not supported by Kiota for the type Null, String and the string type will be used.
Warning: KiotaBuilder OpenAPI warning: #/components/schemas/microsoft.graph.signingResult/properties/signature - The format base64url is not supported by Kiota for the type Null, String and the string type will be used.
Warning: KiotaBuilder OpenAPI warning: #/components/schemas/microsoft.graph.signInStatus/properties/errorCode - The format int32 is not supported by Kiota for the type Null, Number and the string type will be used.
Warning: KiotaBuilder OpenAPI warning: #/components/schemas/microsoft.graph.simulationEvent/properties/count - The format int32 is not supported by Kiota for the type Null, Number and the string type will be used.
Warning: KiotaBuilder OpenAPI warning: #/components/schemas/microsoft.graph.simulationEventsContent/properties/compromisedRate/oneOf/0 - The format double is not supported by Kiota for the type Null, Number and the string type will be used.
Warning: KiotaBuilder OpenAPI warning: #/components/schemas/microsoft.graph.simulationReportOverview/properties/resolvedTargetsCount - The format int32 is not supported by Kiota for the type Null, Number and the string type will be used.
Warning: KiotaBuilder OpenAPI warning: #/components/schemas/microsoft.graph.siteArchivalDetails/properties/archivedDateTime - The format date-time is not supported by Kiota for the type Null, String and the string type will be used.
Warning: KiotaBuilder OpenAPI warning: #/components/schemas/microsoft.graph.sizeRange/properties/maximumSize - The format int32 is not supported by Kiota for the type Null, Number and the string type will be used.
Warning: KiotaBuilder OpenAPI warning: #/components/schemas/microsoft.graph.sizeRange/properties/minimumSize - The format int32 is not supported by Kiota for the type Null, Number and the string type will be used.
Warning: KiotaBuilder OpenAPI warning: #/components/schemas/microsoft.graph.standardTimeZoneOffset/properties/dayOccurrence - The format int32 is not supported by Kiota for the type Null, Number and the string type will be used.
Warning: KiotaBuilder OpenAPI warning: #/components/schemas/microsoft.graph.standardTimeZoneOffset/properties/month - The format int32 is not supported by Kiota for the type Null, Number and the string type will be used.
Warning: KiotaBuilder OpenAPI warning: #/components/schemas/microsoft.graph.standardTimeZoneOffset/properties/time - The format time is not supported by Kiota for the type Null, String and the string type will be used.
Warning: KiotaBuilder OpenAPI warning: #/components/schemas/microsoft.graph.standardTimeZoneOffset/properties/year - The format int32 is not supported by Kiota for the type Null, Number and the string type will be used.
Warning: KiotaBuilder OpenAPI warning: #/components/schemas/microsoft.graph.subjectRightsRequestDetail/properties/excludedItemCount - The format int64 is not supported by Kiota for the type Null, Number and the string type will be used.
Warning: KiotaBuilder OpenAPI warning: #/components/schemas/microsoft.graph.subjectRightsRequestDetail/properties/itemCount - The format int64 is not supported by Kiota for the type Null, Number and the string type will be used.
Warning: KiotaBuilder OpenAPI warning: #/components/schemas/microsoft.graph.subjectRightsRequestDetail/properties/itemNeedReview - The format int64 is not supported by Kiota for the type Null, Number and the string type will be used.
Warning: KiotaBuilder OpenAPI warning: #/components/schemas/microsoft.graph.subjectRightsRequestDetail/properties/signedOffItemCount - The format int64 is not supported by Kiota for the type Null, Number and the string type will be used.
Warning: KiotaBuilder OpenAPI warning: #/components/schemas/microsoft.graph.subjectRightsRequestDetail/properties/totalItemSize - The format int64 is not supported by Kiota for the type Null, Number and the string type will be used.
Warning: KiotaBuilder OpenAPI warning: #/components/schemas/microsoft.graph.subjectRightsRequestHistory/properties/eventDateTime - The format date-time is not supported by Kiota for the type Null, String and the string type will be used.
Warning: KiotaBuilder OpenAPI warning: #/components/schemas/microsoft.graph.substringTransformation/allOf/1/properties/length - The format int32 is not supported by Kiota for the type Null, Number and the string type will be used.
Warning: KiotaBuilder OpenAPI warning: #/components/schemas/microsoft.graph.synchronizationSchedule/properties/expiration - The format date-time is not supported by Kiota for the type Null, String and the string type will be used.
Warning: KiotaBuilder OpenAPI warning: #/components/schemas/microsoft.graph.teamSummary/properties/guestsCount - The format int32 is not supported by Kiota for the type Null, Number and the string type will be used.
Warning: KiotaBuilder OpenAPI warning: #/components/schemas/microsoft.graph.teamSummary/properties/membersCount - The format int32 is not supported by Kiota for the type Null, Number and the string type will be used.
Warning: KiotaBuilder OpenAPI warning: #/components/schemas/microsoft.graph.teamSummary/properties/ownersCount - The format int32 is not supported by Kiota for the type Null, Number and the string type will be used.
Warning: KiotaBuilder OpenAPI warning: #/components/schemas/microsoft.graph.teamworkConnection/properties/lastModifiedDateTime - The format date-time is not supported by Kiota for the type Null, String and the string type will be used.
Warning: KiotaBuilder OpenAPI warning: #/components/schemas/microsoft.graph.teamworkDateTimeConfiguration/properties/officeHoursEndTime - The format time is not supported by Kiota for the type Null, String and the string type will be used.
Warning: KiotaBuilder OpenAPI warning: #/components/schemas/microsoft.graph.teamworkDateTimeConfiguration/properties/officeHoursStartTime - The format time is not supported by Kiota for the type Null, String and the string type will be used.
Warning: KiotaBuilder OpenAPI warning: #/components/schemas/microsoft.graph.teamworkDisplayConfiguration/properties/displayCount - The format int32 is not supported by Kiota for the type Null, Number and the string type will be used.
Warning: KiotaBuilder OpenAPI warning: #/components/schemas/microsoft.graph.teamworkDisplayScreenConfiguration/properties/backlightBrightness - The format int32 is not supported by Kiota for the type Null, Number and the string type will be used.
Warning: KiotaBuilder OpenAPI warning: #/components/schemas/microsoft.graph.teamworkDisplayScreenConfiguration/properties/backlightTimeout - The format duration is not supported by Kiota for the type Null, String and the string type will be used.
Warning: KiotaBuilder OpenAPI warning: #/components/schemas/microsoft.graph.teamworkDisplayScreenConfiguration/properties/screensaverTimeout - The format duration is not supported by Kiota for the type Null, String and the string type will be used.
Warning: KiotaBuilder OpenAPI warning: #/components/schemas/microsoft.graph.teamworkSystemConfiguration/properties/deviceLockTimeout - The format duration is not supported by Kiota for the type Null, String and the string type will be used.
Warning: KiotaBuilder OpenAPI warning: #/components/schemas/microsoft.graph.teleconferenceDeviceMediaQuality/properties/averageInboundJitter - The format duration is not supported by Kiota for the type Null, String and the string type will be used.
Warning: KiotaBuilder OpenAPI warning: #/components/schemas/microsoft.graph.teleconferenceDeviceMediaQuality/properties/averageInboundPacketLossRateInPercentage/oneOf/0 - The format double is not supported by Kiota for the type Null, Number and the string type will be used.
Warning: KiotaBuilder OpenAPI warning: #/components/schemas/microsoft.graph.teleconferenceDeviceMediaQuality/properties/averageInboundRoundTripDelay - The format duration is not supported by Kiota for the type Null, String and the string type will be used.
Warning: KiotaBuilder OpenAPI warning: #/components/schemas/microsoft.graph.teleconferenceDeviceMediaQuality/properties/averageOutboundJitter - The format duration is not supported by Kiota for the type Null, String and the string type will be used.
Warning: KiotaBuilder OpenAPI warning: #/components/schemas/microsoft.graph.teleconferenceDeviceMediaQuality/properties/averageOutboundPacketLossRateInPercentage/oneOf/0 - The format double is not supported by Kiota for the type Null, Number and the string type will be used.
Warning: KiotaBuilder OpenAPI warning: #/components/schemas/microsoft.graph.teleconferenceDeviceMediaQuality/properties/averageOutboundRoundTripDelay - The format duration is not supported by Kiota for the type Null, String and the string type will be used.
Warning: KiotaBuilder OpenAPI warning: #/components/schemas/microsoft.graph.teleconferenceDeviceMediaQuality/properties/inboundPackets - The format int64 is not supported by Kiota for the type Null, Number and the string type will be used.
Warning: KiotaBuilder OpenAPI warning: #/components/schemas/microsoft.graph.teleconferenceDeviceMediaQuality/properties/localPort - The format int32 is not supported by Kiota for the type Null, Number and the string type will be used.
Warning: KiotaBuilder OpenAPI warning: #/components/schemas/microsoft.graph.teleconferenceDeviceMediaQuality/properties/maximumInboundJitter - The format duration is not supported by Kiota for the type Null, String and the string type will be used.
Warning: KiotaBuilder OpenAPI warning: #/components/schemas/microsoft.graph.teleconferenceDeviceMediaQuality/properties/maximumInboundPacketLossRateInPercentage/oneOf/0 - The format double is not supported by Kiota for the type Null, Number and the string type will be used.
Warning: KiotaBuilder OpenAPI warning: #/components/schemas/microsoft.graph.teleconferenceDeviceMediaQuality/properties/maximumInboundRoundTripDelay - The format duration is not supported by Kiota for the type Null, String and the string type will be used.
Warning: KiotaBuilder OpenAPI warning: #/components/schemas/microsoft.graph.teleconferenceDeviceMediaQuality/properties/maximumOutboundJitter - The format duration is not supported by Kiota for the type Null, String and the string type will be used.
Warning: KiotaBuilder OpenAPI warning: #/components/schemas/microsoft.graph.teleconferenceDeviceMediaQuality/properties/maximumOutboundPacketLossRateInPercentage/oneOf/0 - The format double is not supported by Kiota for the type Null, Number and the string type will be used.
Warning: KiotaBuilder OpenAPI warning: #/components/schemas/microsoft.graph.teleconferenceDeviceMediaQuality/properties/maximumOutboundRoundTripDelay - The format duration is not supported by Kiota for the type Null, String and the string type will be used.
Warning: KiotaBuilder OpenAPI warning: #/components/schemas/microsoft.graph.teleconferenceDeviceMediaQuality/properties/mediaDuration - The format duration is not supported by Kiota for the type Null, String and the string type will be used.
Warning: KiotaBuilder OpenAPI warning: #/components/schemas/microsoft.graph.teleconferenceDeviceMediaQuality/properties/networkLinkSpeedInBytes - The format int64 is not supported by Kiota for the type Null, Number and the string type will be used.
Warning: KiotaBuilder OpenAPI warning: #/components/schemas/microsoft.graph.teleconferenceDeviceMediaQuality/properties/outboundPackets - The format int64 is not supported by Kiota for the type Null, Number and the string type will be used.
Warning: KiotaBuilder OpenAPI warning: #/components/schemas/microsoft.graph.teleconferenceDeviceMediaQuality/properties/remotePort - The format int32 is not supported by Kiota for the type Null, Number and the string type will be used.
Warning: KiotaBuilder OpenAPI warning: #/components/schemas/microsoft.graph.teleconferenceDeviceVideoQuality/allOf/1/properties/averageInboundBitRate/oneOf/0 - The format double is not supported by Kiota for the type Null, Number and the string type will be used.
Warning: KiotaBuilder OpenAPI warning: #/components/schemas/microsoft.graph.teleconferenceDeviceVideoQuality/allOf/1/properties/averageInboundFrameRate/oneOf/0 - The format double is not supported by Kiota for the type Null, Number and the string type will be used.
Warning: KiotaBuilder OpenAPI warning: #/components/schemas/microsoft.graph.teleconferenceDeviceVideoQuality/allOf/1/properties/averageOutboundBitRate/oneOf/0 - The format double is not supported by Kiota for the type Null, Number and the string type will be used.
Warning: KiotaBuilder OpenAPI warning: #/components/schemas/microsoft.graph.teleconferenceDeviceVideoQuality/allOf/1/properties/averageOutboundFrameRate/oneOf/0 - The format double is not supported by Kiota for the type Null, Number and the string type will be used.
Warning: KiotaBuilder OpenAPI warning: #/components/schemas/microsoft.graph.termsExpiration/properties/frequency - The format duration is not supported by Kiota for the type Null, String and the string type will be used.
Warning: KiotaBuilder OpenAPI warning: #/components/schemas/microsoft.graph.termsExpiration/properties/startDateTime - The format date-time is not supported by Kiota for the type Null, String and the string type will be used.
Warning: KiotaBuilder OpenAPI warning: #/components/schemas/microsoft.graph.textColumn/properties/linesForEditing - The format int32 is not supported by Kiota for the type Null, Number and the string type will be used.
Warning: KiotaBuilder OpenAPI warning: #/components/schemas/microsoft.graph.textColumn/properties/maxLength - The format int32 is not supported by Kiota for the type Null, Number and the string type will be used.
Warning: KiotaBuilder OpenAPI warning: #/components/schemas/microsoft.graph.threatAssessmentRequestsCount/properties/count - The format int64 is not supported by Kiota for the type Null, Number and the string type will be used.
Warning: KiotaBuilder OpenAPI warning: #/components/schemas/microsoft.graph.threatAssessmentRequestsCount/properties/createdDateTime - The format date-time is not supported by Kiota for the type Null, String and the string type will be used.
Warning: KiotaBuilder OpenAPI warning: #/components/schemas/microsoft.graph.thumbnail/properties/content - The format base64url is not supported by Kiota for the type Null, String and the string type will be used.
Warning: KiotaBuilder OpenAPI warning: #/components/schemas/microsoft.graph.thumbnail/properties/height - The format int32 is not supported by Kiota for the type Null, Number and the string type will be used.
Warning: KiotaBuilder OpenAPI warning: #/components/schemas/microsoft.graph.thumbnail/properties/width - The format int32 is not supported by Kiota for the type Null, Number and the string type will be used.
Warning: KiotaBuilder OpenAPI warning: #/components/schemas/microsoft.graph.timePeriod/properties/endDateTime - The format date-time is not supported by Kiota for the type Null, String and the string type will be used.
Warning: KiotaBuilder OpenAPI warning: #/components/schemas/microsoft.graph.timePeriod/properties/startDateTime - The format date-time is not supported by Kiota for the type Null, String and the string type will be used.
Warning: KiotaBuilder OpenAPI warning: #/components/schemas/microsoft.graph.timeRange/properties/endTime - The format time is not supported by Kiota for the type Null, String and the string type will be used.
Warning: KiotaBuilder OpenAPI warning: #/components/schemas/microsoft.graph.timeRange/properties/startTime - The format time is not supported by Kiota for the type Null, String and the string type will be used.
Warning: KiotaBuilder OpenAPI warning: #/components/schemas/microsoft.graph.timeSeriesParameter/properties/endDateTime - The format date-time is not supported by Kiota for the type Null, String and the string type will be used.
Warning: KiotaBuilder OpenAPI warning: #/components/schemas/microsoft.graph.tokenProtectionStatusDetails/properties/signInSessionStatusCode - The format int32 is not supported by Kiota for the type Null, Number and the string type will be used.
Warning: KiotaBuilder OpenAPI warning: #/components/schemas/microsoft.graph.trainingEventsContent/properties/trainingsAssignedUserCount - The format int32 is not supported by Kiota for the type Null, Number and the string type will be used.
Warning: KiotaBuilder OpenAPI warning: #/components/schemas/microsoft.graph.trainingNotificationDelivery/properties/failedMessageDeliveryCount - The format int32 is not supported by Kiota for the type Null, Number and the string type will be used.
Warning: KiotaBuilder OpenAPI warning: #/components/schemas/microsoft.graph.trainingNotificationDelivery/properties/resolvedTargetsCount - The format int32 is not supported by Kiota for the type Null, Number and the string type will be used.
Warning: KiotaBuilder OpenAPI warning: #/components/schemas/microsoft.graph.trainingNotificationDelivery/properties/successfulMessageDeliveryCount - The format int32 is not supported by Kiota for the type Null, Number and the string type will be used.
Warning: KiotaBuilder OpenAPI warning: #/components/schemas/microsoft.graph.trustFrameworkKey/properties/exp - The format int64 is not supported by Kiota for the type Null, Number and the string type will be used.
Warning: KiotaBuilder OpenAPI warning: #/components/schemas/microsoft.graph.trustFrameworkKey/properties/nbf - The format int64 is not supported by Kiota for the type Null, Number and the string type will be used.
Warning: KiotaBuilder OpenAPI warning: #/components/schemas/microsoft.graph.updateWindow/properties/updateWindowEndTime - The format time is not supported by Kiota for the type Null, String and the string type will be used.
Warning: KiotaBuilder OpenAPI warning: #/components/schemas/microsoft.graph.updateWindow/properties/updateWindowStartTime - The format time is not supported by Kiota for the type Null, String and the string type will be used.
Warning: KiotaBuilder OpenAPI warning: #/components/schemas/microsoft.graph.uploadSession/properties/expirationDateTime - The format date-time is not supported by Kiota for the type Null, String and the string type will be used.
Warning: KiotaBuilder OpenAPI warning: #/components/schemas/microsoft.graph.uriClickSecurityState/properties/clickDateTime - The format date-time is not supported by Kiota for the type Null, String and the string type will be used.
Warning: KiotaBuilder OpenAPI warning: #/components/schemas/microsoft.graph.usageDetails/properties/lastAccessedDateTime - The format date-time is not supported by Kiota for the type Null, String and the string type will be used.
Warning: KiotaBuilder OpenAPI warning: #/components/schemas/microsoft.graph.usageDetails/properties/lastModifiedDateTime - The format date-time is not supported by Kiota for the type Null, String and the string type will be used.
Warning: KiotaBuilder OpenAPI warning: #/components/schemas/microsoft.graph.userAccount/properties/lastSeenDateTime - The format date-time is not supported by Kiota for the type Null, String and the string type will be used.
Warning: KiotaBuilder OpenAPI warning: #/components/schemas/microsoft.graph.userLastSignInRecommendationInsightSetting/allOf/1/properties/recommendationLookBackDuration - The format duration is not supported by Kiota for the type Null, String and the string type will be used.
Warning: KiotaBuilder OpenAPI warning: #/components/schemas/microsoft.graph.userSecurityState/properties/logonDateTime - The format date-time is not supported by Kiota for the type Null, String and the string type will be used.
Warning: KiotaBuilder OpenAPI warning: #/components/schemas/microsoft.graph.userSimulationDetails/properties/assignedTrainingsCount - The format int32 is not supported by Kiota for the type Null, Number and the string type will be used.
Warning: KiotaBuilder OpenAPI warning: #/components/schemas/microsoft.graph.userSimulationDetails/properties/completedTrainingsCount - The format int32 is not supported by Kiota for the type Null, Number and the string type will be used.
Warning: KiotaBuilder OpenAPI warning: #/components/schemas/microsoft.graph.userSimulationDetails/properties/compromisedDateTime - The format date-time is not supported by Kiota for the type Null, String and the string type will be used.
Warning: KiotaBuilder OpenAPI warning: #/components/schemas/microsoft.graph.userSimulationDetails/properties/inProgressTrainingsCount - The format int32 is not supported by Kiota for the type Null, Number and the string type will be used.
Warning: KiotaBuilder OpenAPI warning: #/components/schemas/microsoft.graph.userSimulationDetails/properties/reportedPhishDateTime - The format date-time is not supported by Kiota for the type Null, String and the string type will be used.
Warning: KiotaBuilder OpenAPI warning: #/components/schemas/microsoft.graph.userSimulationEventInfo/properties/eventDateTime - The format date-time is not supported by Kiota for the type Null, String and the string type will be used.
Warning: KiotaBuilder OpenAPI warning: #/components/schemas/microsoft.graph.userTrainingCompletionSummary/properties/completedUsersCount - The format int32 is not supported by Kiota for the type Null, Number and the string type will be used.
Warning: KiotaBuilder OpenAPI warning: #/components/schemas/microsoft.graph.userTrainingCompletionSummary/properties/inProgressUsersCount - The format int32 is not supported by Kiota for the type Null, Number and the string type will be used.
Warning: KiotaBuilder OpenAPI warning: #/components/schemas/microsoft.graph.userTrainingCompletionSummary/properties/notCompletedUsersCount - The format int32 is not supported by Kiota for the type Null, Number and the string type will be used.
Warning: KiotaBuilder OpenAPI warning: #/components/schemas/microsoft.graph.userTrainingCompletionSummary/properties/notStartedUsersCount - The format int32 is not supported by Kiota for the type Null, Number and the string type will be used.
Warning: KiotaBuilder OpenAPI warning: #/components/schemas/microsoft.graph.userTrainingCompletionSummary/properties/previouslyAssignedUsersCount - The format int32 is not supported by Kiota for the type Null, Number and the string type will be used.
Warning: KiotaBuilder OpenAPI warning: #/components/schemas/microsoft.graph.userTrainingContentEventInfo/properties/contentDateTime - The format date-time is not supported by Kiota for the type Null, String and the string type will be used.
Warning: KiotaBuilder OpenAPI warning: #/components/schemas/microsoft.graph.userTrainingContentEventInfo/properties/potentialScoreImpact/oneOf/0 - The format double is not supported by Kiota for the type Null, Number and the string type will be used.
Warning: KiotaBuilder OpenAPI warning: #/components/schemas/microsoft.graph.userTrainingStatusInfo/properties/assignedDateTime - The format date-time is not supported by Kiota for the type Null, String and the string type will be used.
Warning: KiotaBuilder OpenAPI warning: #/components/schemas/microsoft.graph.userTrainingStatusInfo/properties/completionDateTime - The format date-time is not supported by Kiota for the type Null, String and the string type will be used.
Warning: KiotaBuilder OpenAPI warning: #/components/schemas/microsoft.graph.verifiableCredentialClaimBinding/properties/priority - The format int32 is not supported by Kiota for the type Null, Number and the string type will be used.
Warning: KiotaBuilder OpenAPI warning: #/components/schemas/microsoft.graph.verifiedCustomDomainCertificatesMetadata/properties/expiryDate - The format date-time is not supported by Kiota for the type Null, String and the string type will be used.
Warning: KiotaBuilder OpenAPI warning: #/components/schemas/microsoft.graph.verifiedCustomDomainCertificatesMetadata/properties/issueDate - The format date-time is not supported by Kiota for the type Null, String and the string type will be used.
Warning: KiotaBuilder OpenAPI warning: #/components/schemas/microsoft.graph.verifiedPublisher/properties/addedDateTime - The format date-time is not supported by Kiota for the type Null, String and the string type will be used.
Warning: KiotaBuilder OpenAPI warning: #/components/schemas/microsoft.graph.video/properties/audioBitsPerSample - The format int32 is not supported by Kiota for the type Null, Number and the string type will be used.
Warning: KiotaBuilder OpenAPI warning: #/components/schemas/microsoft.graph.video/properties/audioChannels - The format int32 is not supported by Kiota for the type Null, Number and the string type will be used.
Warning: KiotaBuilder OpenAPI warning: #/components/schemas/microsoft.graph.video/properties/audioSamplesPerSecond - The format int32 is not supported by Kiota for the type Null, Number and the string type will be used.
Warning: KiotaBuilder OpenAPI warning: #/components/schemas/microsoft.graph.video/properties/bitrate - The format int32 is not supported by Kiota for the type Null, Number and the string type will be used.
Warning: KiotaBuilder OpenAPI warning: #/components/schemas/microsoft.graph.video/properties/duration - The format int64 is not supported by Kiota for the type Null, Number and the string type will be used.
Warning: KiotaBuilder OpenAPI warning: #/components/schemas/microsoft.graph.video/properties/frameRate/oneOf/0 - The format double is not supported by Kiota for the type Null, Number and the string type will be used.
Warning: KiotaBuilder OpenAPI warning: #/components/schemas/microsoft.graph.video/properties/height - The format int32 is not supported by Kiota for the type Null, Number and the string type will be used.
Warning: KiotaBuilder OpenAPI warning: #/components/schemas/microsoft.graph.video/properties/width - The format int32 is not supported by Kiota for the type Null, Number and the string type will be used.
Warning: KiotaBuilder OpenAPI warning: #/components/schemas/microsoft.graph.virtualEventPresenterDetails/properties/photo - The format base64url is not supported by Kiota for the type Null, String and the string type will be used.
Warning: KiotaBuilder OpenAPI warning: #/components/schemas/microsoft.graph.vpnProxyServer/properties/port - The format int32 is not supported by Kiota for the type Null, Number and the string type will be used.
Warning: KiotaBuilder OpenAPI warning: #/components/schemas/microsoft.graph.vpnTrafficRule/properties/protocols - The format int32 is not supported by Kiota for the type Null, Number and the string type will be used.
Warning: KiotaBuilder OpenAPI warning: #/components/schemas/microsoft.graph.webauthnCredentialCreationOptions/properties/challengeTimeoutDateTime - The format date-time is not supported by Kiota for the type Null, String and the string type will be used.
Warning: KiotaBuilder OpenAPI warning: #/components/schemas/microsoft.graph.webauthnPublicKeyCredentialCreationOptions/properties/timeout - The format int32 is not supported by Kiota for the type Null, Number and the string type will be used.
Warning: KiotaBuilder OpenAPI warning: #/components/schemas/microsoft.graph.webauthnPublicKeyCredentialParameters/properties/alg - The format int32 is not supported by Kiota for the type Null, Number and the string type will be used.
Warning: KiotaBuilder OpenAPI warning: #/components/schemas/microsoft.graph.webPartPosition/properties/columnId/oneOf/0 - The format double is not supported by Kiota for the type Null, Number and the string type will be used.
Warning: KiotaBuilder OpenAPI warning: #/components/schemas/microsoft.graph.webPartPosition/properties/horizontalSectionId/oneOf/0 - The format double is not supported by Kiota for the type Null, Number and the string type will be used.
Warning: KiotaBuilder OpenAPI warning: #/components/schemas/microsoft.graph.webPartPosition/properties/webPartIndex/oneOf/0 - The format double is not supported by Kiota for the type Null, Number and the string type will be used.
Warning: KiotaBuilder OpenAPI warning: #/components/schemas/microsoft.graph.win32LobAppInstallExperience/properties/maxRunTimeInMinutes - The format int32 is not supported by Kiota for the type Null, Number and the string type will be used.
Warning: KiotaBuilder OpenAPI warning: #/components/schemas/microsoft.graph.win32LobAppRestartSettings/properties/restartNotificationSnoozeDurationInMinutes - The format int32 is not supported by Kiota for the type Null, Number and the string type will be used.
Warning: KiotaBuilder OpenAPI warning: #/components/schemas/microsoft.graph.windowsEnrollmentStatusScreenSettings/properties/installProgressTimeoutInMinutes - The format int32 is not supported by Kiota for the type Null, Number and the string type will be used.
Warning: KiotaBuilder OpenAPI warning: #/components/schemas/microsoft.graph.windowsFirewallRule/properties/protocol - The format int32 is not supported by Kiota for the type Null, Number and the string type will be used.
Warning: KiotaBuilder OpenAPI warning: #/components/schemas/microsoft.graph.windowsInformationProtectionDataRecoveryCertificate/properties/certificate - The format base64url is not supported by Kiota for the type Null, String and the string type will be used.
Warning: KiotaBuilder OpenAPI warning: #/components/schemas/microsoft.graph.windowsKioskMultipleApps/allOf/1/properties/startMenuLayoutXml - The format base64url is not supported by Kiota for the type Null, String and the string type will be used.
Warning: KiotaBuilder OpenAPI warning: #/components/schemas/microsoft.graph.windowsKioskWin32App/allOf/1/properties/edgeKioskIdleTimeoutMinutes - The format int32 is not supported by Kiota for the type Null, Number and the string type will be used.
Warning: KiotaBuilder OpenAPI warning: #/components/schemas/microsoft.graph.windowsUpdateRolloutSettings/properties/offerEndDateTimeInUTC - The format date-time is not supported by Kiota for the type Null, String and the string type will be used.
Warning: KiotaBuilder OpenAPI warning: #/components/schemas/microsoft.graph.windowsUpdateRolloutSettings/properties/offerIntervalInDays - The format int32 is not supported by Kiota for the type Null, Number and the string type will be used.
Warning: KiotaBuilder OpenAPI warning: #/components/schemas/microsoft.graph.windowsUpdateRolloutSettings/properties/offerStartDateTimeInUTC - The format date-time is not supported by Kiota for the type Null, String and the string type will be used.
Warning: KiotaBuilder OpenAPI warning: #/components/schemas/microsoft.graph.winGetAppRestartSettings/properties/restartNotificationSnoozeDurationInMinutes - The format int32 is not supported by Kiota for the type Null, Number and the string type will be used.
Warning: KiotaBuilder OpenAPI warning: #/components/schemas/microsoft.graph.workbookDocumentTaskSchedule/properties/dueDateTime - The format date-time is not supported by Kiota for the type Null, String and the string type will be used.
Warning: KiotaBuilder OpenAPI warning: #/components/schemas/microsoft.graph.workbookDocumentTaskSchedule/properties/startDateTime - The format date-time is not supported by Kiota for the type Null, String and the string type will be used.
Warning: KiotaBuilder OpenAPI warning: #/components/schemas/microsoft.graph.workingHours/properties/endTime - The format time is not supported by Kiota for the type Null, String and the string type will be used.
Warning: KiotaBuilder OpenAPI warning: #/components/schemas/microsoft.graph.workingHours/properties/startTime - The format time is not supported by Kiota for the type Null, String and the string type will be used.
Warning: KiotaBuilder OpenAPI warning: #/components/schemas/microsoft.graph.workplaceSensorDeviceTelemetry/properties/intValue - The format int32 is not supported by Kiota for the type Null, Number and the string type will be used.
Warning: KiotaBuilder OpenAPI warning: #/components/schemas/microsoft.graph.zebraFotaDeploymentSettings/properties/batteryRuleMinimumBatteryLevelPercentage - The format int32 is not supported by Kiota for the type Null, Number and the string type will be used.
Warning: KiotaBuilder OpenAPI warning: #/components/schemas/microsoft.graph.zebraFotaDeploymentSettings/properties/downloadRuleStartDateTime - The format date-time is not supported by Kiota for the type Null, String and the string type will be used.
Warning: KiotaBuilder OpenAPI warning: #/components/schemas/microsoft.graph.zebraFotaDeploymentSettings/properties/installRuleStartDateTime - The format date-time is not supported by Kiota for the type Null, String and the string type will be used.
Warning: KiotaBuilder OpenAPI warning: #/components/schemas/microsoft.graph.zebraFotaDeploymentSettings/properties/installRuleWindowEndTime - The format time is not supported by Kiota for the type Null, String and the string type will be used.
Warning: KiotaBuilder OpenAPI warning: #/components/schemas/microsoft.graph.zebraFotaDeploymentSettings/properties/installRuleWindowStartTime - The format time is not supported by Kiota for the type Null, String and the string type will be used.
Warning: KiotaBuilder OpenAPI warning: #/components/schemas/microsoft.graph.zebraFotaDeploymentSettings/properties/scheduleDurationInDays - The format int32 is not supported by Kiota for the type Null, Number and the string type will be used.
Warning: KiotaBuilder OpenAPI warning: #/components/schemas/microsoft.graph.zebraFotaDeploymentSettings/properties/timeZoneOffsetInMinutes - The format int32 is not supported by Kiota for the type Null, Number and the string type will be used.
Warning: KiotaBuilder OpenAPI warning: #/components/schemas/microsoft.graph.zebraFotaDeploymentStatus/properties/completeOrCanceledDateTime - The format date-time is not supported by Kiota for the type Null, String and the string type will be used.
Warning: KiotaBuilder OpenAPI warning: #/components/schemas/microsoft.graph.zebraFotaDeploymentStatus/properties/lastUpdatedDateTime - The format date-time is not supported by Kiota for the type Null, String and the string type will be used.
Warning: KiotaBuilder OpenAPI warning: #/components/schemas/microsoft.graph.callRecords.deviceInfo/properties/captureNotFunctioningEventRatio/oneOf/0 - The format float is not supported by Kiota for the type Null, Number and the string type will be used.
Warning: KiotaBuilder OpenAPI warning: #/components/schemas/microsoft.graph.callRecords.deviceInfo/properties/cpuInsufficentEventRatio/oneOf/0 - The format float is not supported by Kiota for the type Null, Number and the string type will be used.
Warning: KiotaBuilder OpenAPI warning: #/components/schemas/microsoft.graph.callRecords.deviceInfo/properties/deviceClippingEventRatio/oneOf/0 - The format float is not supported by Kiota for the type Null, Number and the string type will be used.
Warning: KiotaBuilder OpenAPI warning: #/components/schemas/microsoft.graph.callRecords.deviceInfo/properties/deviceGlitchEventRatio/oneOf/0 - The format float is not supported by Kiota for the type Null, Number and the string type will be used.
Warning: KiotaBuilder OpenAPI warning: #/components/schemas/microsoft.graph.callRecords.deviceInfo/properties/howlingEventCount - The format int32 is not supported by Kiota for the type Null, Number and the string type will be used.
Warning: KiotaBuilder OpenAPI warning: #/components/schemas/microsoft.graph.callRecords.deviceInfo/properties/initialSignalLevelRootMeanSquare/oneOf/0 - The format float is not supported by Kiota for the type Null, Number and the string type will be used.
Warning: KiotaBuilder OpenAPI warning: #/components/schemas/microsoft.graph.callRecords.deviceInfo/properties/lowSpeechLevelEventRatio/oneOf/0 - The format float is not supported by Kiota for the type Null, Number and the string type will be used.
Warning: KiotaBuilder OpenAPI warning: #/components/schemas/microsoft.graph.callRecords.deviceInfo/properties/lowSpeechToNoiseEventRatio/oneOf/0 - The format float is not supported by Kiota for the type Null, Number and the string type will be used.
Warning: KiotaBuilder OpenAPI warning: #/components/schemas/microsoft.graph.callRecords.deviceInfo/properties/micGlitchRate/oneOf/0 - The format float is not supported by Kiota for the type Null, Number and the string type will be used.
Warning: KiotaBuilder OpenAPI warning: #/components/schemas/microsoft.graph.callRecords.deviceInfo/properties/receivedNoiseLevel - The format int32 is not supported by Kiota for the type Null, Number and the string type will be used.
Warning: KiotaBuilder OpenAPI warning: #/components/schemas/microsoft.graph.callRecords.deviceInfo/properties/receivedSignalLevel - The format int32 is not supported by Kiota for the type Null, Number and the string type will be used.
Warning: KiotaBuilder OpenAPI warning: #/components/schemas/microsoft.graph.callRecords.deviceInfo/properties/renderMuteEventRatio/oneOf/0 - The format float is not supported by Kiota for the type Null, Number and the string type will be used.
Warning: KiotaBuilder OpenAPI warning: #/components/schemas/microsoft.graph.callRecords.deviceInfo/properties/renderNotFunctioningEventRatio/oneOf/0 - The format float is not supported by Kiota for the type Null, Number and the string type will be used.
Warning: KiotaBuilder OpenAPI warning: #/components/schemas/microsoft.graph.callRecords.deviceInfo/properties/renderZeroVolumeEventRatio/oneOf/0 - The format float is not supported by Kiota for the type Null, Number and the string type will be used.
Warning: KiotaBuilder OpenAPI warning: #/components/schemas/microsoft.graph.callRecords.deviceInfo/properties/sentNoiseLevel - The format int32 is not supported by Kiota for the type Null, Number and the string type will be used.
Warning: KiotaBuilder OpenAPI warning: #/components/schemas/microsoft.graph.callRecords.deviceInfo/properties/sentSignalLevel - The format int32 is not supported by Kiota for the type Null, Number and the string type will be used.
Warning: KiotaBuilder OpenAPI warning: #/components/schemas/microsoft.graph.callRecords.deviceInfo/properties/speakerGlitchRate/oneOf/0 - The format float is not supported by Kiota for the type Null, Number and the string type will be used.
Warning: KiotaBuilder OpenAPI warning: #/components/schemas/microsoft.graph.callRecords.directRoutingLogRow/allOf/1/properties/callEndSubReason - The format int32 is not supported by Kiota for the type Null, Number and the string type will be used.
Warning: KiotaBuilder OpenAPI warning: #/components/schemas/microsoft.graph.callRecords.directRoutingLogRow/allOf/1/properties/duration - The format int32 is not supported by Kiota for the type Null, Number and the string type will be used.
Warning: KiotaBuilder OpenAPI warning: #/components/schemas/microsoft.graph.callRecords.directRoutingLogRow/allOf/1/properties/endDateTime - The format date-time is not supported by Kiota for the type Null, String and the string type will be used.
Warning: KiotaBuilder OpenAPI warning: #/components/schemas/microsoft.graph.callRecords.directRoutingLogRow/allOf/1/properties/failureDateTime - The format date-time is not supported by Kiota for the type Null, String and the string type will be used.
Warning: KiotaBuilder OpenAPI warning: #/components/schemas/microsoft.graph.callRecords.directRoutingLogRow/allOf/1/properties/finalSipCode - The format int32 is not supported by Kiota for the type Null, Number and the string type will be used.
Warning: KiotaBuilder OpenAPI warning: #/components/schemas/microsoft.graph.callRecords.directRoutingLogRow/allOf/1/properties/inviteDateTime - The format date-time is not supported by Kiota for the type Null, String and the string type will be used.
Warning: KiotaBuilder OpenAPI warning: #/components/schemas/microsoft.graph.callRecords.directRoutingLogRow/allOf/1/properties/startDateTime - The format date-time is not supported by Kiota for the type Null, String and the string type will be used.
Warning: KiotaBuilder OpenAPI warning: #/components/schemas/microsoft.graph.callRecords.mediaStream/properties/averageAudioDegradation/oneOf/0 - The format float is not supported by Kiota for the type Null, Number and the string type will be used.
Warning: KiotaBuilder OpenAPI warning: #/components/schemas/microsoft.graph.callRecords.mediaStream/properties/averageAudioNetworkJitter - The format duration is not supported by Kiota for the type Null, String and the string type will be used.
Warning: KiotaBuilder OpenAPI warning: #/components/schemas/microsoft.graph.callRecords.mediaStream/properties/averageBandwidthEstimate - The format int64 is not supported by Kiota for the type Null, Number and the string type will be used.
Warning: KiotaBuilder OpenAPI warning: #/components/schemas/microsoft.graph.callRecords.mediaStream/properties/averageFreezeDuration - The format duration is not supported by Kiota for the type Null, String and the string type will be used.
Warning: KiotaBuilder OpenAPI warning: #/components/schemas/microsoft.graph.callRecords.mediaStream/properties/averageJitter - The format duration is not supported by Kiota for the type Null, String and the string type will be used.
Warning: KiotaBuilder OpenAPI warning: #/components/schemas/microsoft.graph.callRecords.mediaStream/properties/averagePacketLossRate/oneOf/0 - The format float is not supported by Kiota for the type Null, Number and the string type will be used.
Warning: KiotaBuilder OpenAPI warning: #/components/schemas/microsoft.graph.callRecords.mediaStream/properties/averageRatioOfConcealedSamples/oneOf/0 - The format float is not supported by Kiota for the type Null, Number and the string type will be used.
Warning: KiotaBuilder OpenAPI warning: #/components/schemas/microsoft.graph.callRecords.mediaStream/properties/averageReceivedFrameRate/oneOf/0 - The format float is not supported by Kiota for the type Null, Number and the string type will be used.
Warning: KiotaBuilder OpenAPI warning: #/components/schemas/microsoft.graph.callRecords.mediaStream/properties/averageRoundTripTime - The format duration is not supported by Kiota for the type Null, String and the string type will be used.
Warning: KiotaBuilder OpenAPI warning: #/components/schemas/microsoft.graph.callRecords.mediaStream/properties/averageVideoFrameLossPercentage/oneOf/0 - The format float is not supported by Kiota for the type Null, Number and the string type will be used.
Warning: KiotaBuilder OpenAPI warning: #/components/schemas/microsoft.graph.callRecords.mediaStream/properties/averageVideoFrameRate/oneOf/0 - The format float is not supported by Kiota for the type Null, Number and the string type will be used.
Warning: KiotaBuilder OpenAPI warning: #/components/schemas/microsoft.graph.callRecords.mediaStream/properties/averageVideoPacketLossRate/oneOf/0 - The format float is not supported by Kiota for the type Null, Number and the string type will be used.
Warning: KiotaBuilder OpenAPI warning: #/components/schemas/microsoft.graph.callRecords.mediaStream/properties/endDateTime - The format date-time is not supported by Kiota for the type Null, String and the string type will be used.
Warning: KiotaBuilder OpenAPI warning: #/components/schemas/microsoft.graph.callRecords.mediaStream/properties/lowFrameRateRatio/oneOf/0 - The format float is not supported by Kiota for the type Null, Number and the string type will be used.
Warning: KiotaBuilder OpenAPI warning: #/components/schemas/microsoft.graph.callRecords.mediaStream/properties/lowVideoProcessingCapabilityRatio/oneOf/0 - The format float is not supported by Kiota for the type Null, Number and the string type will be used.
Warning: KiotaBuilder OpenAPI warning: #/components/schemas/microsoft.graph.callRecords.mediaStream/properties/maxAudioNetworkJitter - The format duration is not supported by Kiota for the type Null, String and the string type will be used.
Warning: KiotaBuilder OpenAPI warning: #/components/schemas/microsoft.graph.callRecords.mediaStream/properties/maxJitter - The format duration is not supported by Kiota for the type Null, String and the string type will be used.
Warning: KiotaBuilder OpenAPI warning: #/components/schemas/microsoft.graph.callRecords.mediaStream/properties/maxPacketLossRate/oneOf/0 - The format float is not supported by Kiota for the type Null, Number and the string type will be used.
Warning: KiotaBuilder OpenAPI warning: #/components/schemas/microsoft.graph.callRecords.mediaStream/properties/maxRatioOfConcealedSamples/oneOf/0 - The format float is not supported by Kiota for the type Null, Number and the string type will be used.
Warning: KiotaBuilder OpenAPI warning: #/components/schemas/microsoft.graph.callRecords.mediaStream/properties/maxRoundTripTime - The format duration is not supported by Kiota for the type Null, String and the string type will be used.
Warning: KiotaBuilder OpenAPI warning: #/components/schemas/microsoft.graph.callRecords.mediaStream/properties/packetUtilization - The format int64 is not supported by Kiota for the type Null, Number and the string type will be used.
Warning: KiotaBuilder OpenAPI warning: #/components/schemas/microsoft.graph.callRecords.mediaStream/properties/postForwardErrorCorrectionPacketLossRate/oneOf/0 - The format float is not supported by Kiota for the type Null, Number and the string type will be used.
Warning: KiotaBuilder OpenAPI warning: #/components/schemas/microsoft.graph.callRecords.mediaStream/properties/rmsFreezeDuration - The format duration is not supported by Kiota for the type Null, String and the string type will be used.
Warning: KiotaBuilder OpenAPI warning: #/components/schemas/microsoft.graph.callRecords.mediaStream/properties/startDateTime - The format date-time is not supported by Kiota for the type Null, String and the string type will be used.
Warning: KiotaBuilder OpenAPI warning: #/components/schemas/microsoft.graph.callRecords.networkInfo/properties/bandwidthLowEventRatio/oneOf/0 - The format float is not supported by Kiota for the type Null, Number and the string type will be used.
Warning: KiotaBuilder OpenAPI warning: #/components/schemas/microsoft.graph.callRecords.networkInfo/properties/delayEventRatio/oneOf/0 - The format float is not supported by Kiota for the type Null, Number and the string type will be used.
Warning: KiotaBuilder OpenAPI warning: #/components/schemas/microsoft.graph.callRecords.networkInfo/properties/linkSpeed - The format int64 is not supported by Kiota for the type Null, Number and the string type will be used.
Warning: KiotaBuilder OpenAPI warning: #/components/schemas/microsoft.graph.callRecords.networkInfo/properties/port - The format int32 is not supported by Kiota for the type Null, Number and the string type will be used.
Warning: KiotaBuilder OpenAPI warning: #/components/schemas/microsoft.graph.callRecords.networkInfo/properties/receivedQualityEventRatio/oneOf/0 - The format float is not supported by Kiota for the type Null, Number and the string type will be used.
Warning: KiotaBuilder OpenAPI warning: #/components/schemas/microsoft.graph.callRecords.networkInfo/properties/relayPort - The format int32 is not supported by Kiota for the type Null, Number and the string type will be used.
Warning: KiotaBuilder OpenAPI warning: #/components/schemas/microsoft.graph.callRecords.networkInfo/properties/sentQualityEventRatio/oneOf/0 - The format float is not supported by Kiota for the type Null, Number and the string type will be used.
Warning: KiotaBuilder OpenAPI warning: #/components/schemas/microsoft.graph.callRecords.networkInfo/properties/wifiBatteryCharge - The format int32 is not supported by Kiota for the type Null, Number and the string type will be used.
Warning: KiotaBuilder OpenAPI warning: #/components/schemas/microsoft.graph.callRecords.networkInfo/properties/wifiChannel - The format int32 is not supported by Kiota for the type Null, Number and the string type will be used.
Warning: KiotaBuilder OpenAPI warning: #/components/schemas/microsoft.graph.callRecords.networkInfo/properties/wifiSignalStrength - The format int32 is not supported by Kiota for the type Null, Number and the string type will be used.
Warning: KiotaBuilder OpenAPI warning: #/components/schemas/microsoft.graph.callRecords.participantEndpoint/allOf/1/properties/cpuCoresCount - The format int32 is not supported by Kiota for the type Null, Number and the string type will be used.
Warning: KiotaBuilder OpenAPI warning: #/components/schemas/microsoft.graph.callRecords.participantEndpoint/allOf/1/properties/cpuProcessorSpeedInMhz - The format int32 is not supported by Kiota for the type Null, Number and the string type will be used.
Warning: KiotaBuilder OpenAPI warning: #/components/schemas/microsoft.graph.callRecords.pstnBlockedUsersLogRow/properties/blockDateTime - The format date-time is not supported by Kiota for the type Null, String and the string type will be used.
Warning: KiotaBuilder OpenAPI warning: #/components/schemas/microsoft.graph.callRecords.pstnCallLogRow/allOf/1/properties/charge - The format decimal is not supported by Kiota for the type Null, Number and the string type will be used.
Warning: KiotaBuilder OpenAPI warning: #/components/schemas/microsoft.graph.callRecords.pstnCallLogRow/allOf/1/properties/connectionCharge - The format decimal is not supported by Kiota for the type Null, Number and the string type will be used.
Warning: KiotaBuilder OpenAPI warning: #/components/schemas/microsoft.graph.callRecords.pstnCallLogRow/allOf/1/properties/duration - The format int32 is not supported by Kiota for the type Null, Number and the string type will be used.
Warning: KiotaBuilder OpenAPI warning: #/components/schemas/microsoft.graph.callRecords.pstnCallLogRow/allOf/1/properties/endDateTime - The format date-time is not supported by Kiota for the type Null, String and the string type will be used.
Warning: KiotaBuilder OpenAPI warning: #/components/schemas/microsoft.graph.callRecords.pstnCallLogRow/allOf/1/properties/startDateTime - The format date-time is not supported by Kiota for the type Null, String and the string type will be used.
Warning: KiotaBuilder OpenAPI warning: #/components/schemas/microsoft.graph.callRecords.pstnOnlineMeetingDialoutReport/properties/totalCallCharge - The format decimal is not supported by Kiota for the type Null, Number and the string type will be used.
Warning: KiotaBuilder OpenAPI warning: #/components/schemas/microsoft.graph.callRecords.pstnOnlineMeetingDialoutReport/properties/totalCalls - The format int32 is not supported by Kiota for the type Null, Number and the string type will be used.
Warning: KiotaBuilder OpenAPI warning: #/components/schemas/microsoft.graph.callRecords.pstnOnlineMeetingDialoutReport/properties/totalCallSeconds - The format int32 is not supported by Kiota for the type Null, Number and the string type will be used.
Warning: KiotaBuilder OpenAPI warning: #/components/schemas/microsoft.graph.callRecords.smsLogRow/allOf/1/properties/callCharge - The format decimal is not supported by Kiota for the type Null, Number and the string type will be used.
Warning: KiotaBuilder OpenAPI warning: #/components/schemas/microsoft.graph.callRecords.smsLogRow/allOf/1/properties/sentDateTime - The format date-time is not supported by Kiota for the type Null, String and the string type will be used.
Warning: KiotaBuilder OpenAPI warning: #/components/schemas/microsoft.graph.callRecords.smsLogRow/allOf/1/properties/smsUnits - The format int32 is not supported by Kiota for the type Null, Number and the string type will be used.
Warning: KiotaBuilder OpenAPI warning: #/components/schemas/microsoft.graph.callRecords.traceRouteHop/properties/hopCount - The format int32 is not supported by Kiota for the type Null, Number and the string type will be used.
Warning: KiotaBuilder OpenAPI warning: #/components/schemas/microsoft.graph.callRecords.traceRouteHop/properties/roundTripTime - The format duration is not supported by Kiota for the type Null, String and the string type will be used.
Warning: KiotaBuilder OpenAPI warning: #/components/schemas/microsoft.graph.cloudLicensing.usageRight/allOf/1/properties/skuId - The format uuid is not supported by Kiota for the type Null, String and the string type will be used.
Warning: KiotaBuilder OpenAPI warning: #/components/schemas/microsoft.graph.deviceManagement.alertRecord/allOf/1/properties/detectedDateTime - The format date-time is not supported by Kiota for the type Null, String and the string type will be used.
Warning: KiotaBuilder OpenAPI warning: #/components/schemas/microsoft.graph.deviceManagement.alertRecord/allOf/1/properties/lastUpdatedDateTime - The format date-time is not supported by Kiota for the type Null, String and the string type will be used.
Warning: KiotaBuilder OpenAPI warning: #/components/schemas/microsoft.graph.deviceManagement.alertRecord/allOf/1/properties/resolvedDateTime - The format date-time is not supported by Kiota for the type Null, String and the string type will be used.
Warning: KiotaBuilder OpenAPI warning: #/components/schemas/microsoft.graph.deviceManagement.alertImpact/properties/value - The format int32 is not supported by Kiota for the type Null, Number and the string type will be used.
Warning: KiotaBuilder OpenAPI warning: #/components/schemas/microsoft.graph.deviceManagement.ruleThreshold/properties/target - The format int32 is not supported by Kiota for the type Null, Number and the string type will be used.
Warning: KiotaBuilder OpenAPI warning: #/components/schemas/microsoft.graph.ediscovery.case/allOf/1/properties/closedDateTime - The format date-time is not supported by Kiota for the type Null, String and the string type will be used.
Warning: KiotaBuilder OpenAPI warning: #/components/schemas/microsoft.graph.ediscovery.case/allOf/1/properties/createdDateTime - The format date-time is not supported by Kiota for the type Null, String and the string type will be used.
Warning: KiotaBuilder OpenAPI warning: #/components/schemas/microsoft.graph.ediscovery.case/allOf/1/properties/lastModifiedDateTime - The format date-time is not supported by Kiota for the type Null, String and the string type will be used.
Warning: KiotaBuilder OpenAPI warning: #/components/schemas/microsoft.graph.ediscovery.caseOperation/allOf/1/properties/completedDateTime - The format date-time is not supported by Kiota for the type Null, String and the string type will be used.
Warning: KiotaBuilder OpenAPI warning: #/components/schemas/microsoft.graph.ediscovery.caseOperation/allOf/1/properties/createdDateTime - The format date-time is not supported by Kiota for the type Null, String and the string type will be used.
Warning: KiotaBuilder OpenAPI warning: #/components/schemas/microsoft.graph.ediscovery.caseOperation/allOf/1/properties/percentProgress - The format int32 is not supported by Kiota for the type Null, Number and the string type will be used.
Warning: KiotaBuilder OpenAPI warning: #/components/schemas/microsoft.graph.ediscovery.custodian/allOf/1/properties/acknowledgedDateTime - The format date-time is not supported by Kiota for the type Null, String and the string type will be used.
Warning: KiotaBuilder OpenAPI warning: #/components/schemas/microsoft.graph.ediscovery.dataSource/allOf/1/properties/createdDateTime - The format date-time is not supported by Kiota for the type Null, String and the string type will be used.
Warning: KiotaBuilder OpenAPI warning: #/components/schemas/microsoft.graph.ediscovery.dataSourceContainer/allOf/1/properties/createdDateTime - The format date-time is not supported by Kiota for the type Null, String and the string type will be used.
Warning: KiotaBuilder OpenAPI warning: #/components/schemas/microsoft.graph.ediscovery.dataSourceContainer/allOf/1/properties/lastModifiedDateTime - The format date-time is not supported by Kiota for the type Null, String and the string type will be used.
Warning: KiotaBuilder OpenAPI warning: #/components/schemas/microsoft.graph.ediscovery.dataSourceContainer/allOf/1/properties/releasedDateTime - The format date-time is not supported by Kiota for the type Null, String and the string type will be used.
Warning: KiotaBuilder OpenAPI warning: #/components/schemas/microsoft.graph.ediscovery.estimateStatisticsOperation/allOf/1/properties/indexedItemCount - The format int64 is not supported by Kiota for the type Null, Number and the string type will be used.
Warning: KiotaBuilder OpenAPI warning: #/components/schemas/microsoft.graph.ediscovery.estimateStatisticsOperation/allOf/1/properties/indexedItemsSize - The format int64 is not supported by Kiota for the type Null, Number and the string type will be used.
Warning: KiotaBuilder OpenAPI warning: #/components/schemas/microsoft.graph.ediscovery.estimateStatisticsOperation/allOf/1/properties/mailboxCount - The format int32 is not supported by Kiota for the type Null, Number and the string type will be used.
Warning: KiotaBuilder OpenAPI warning: #/components/schemas/microsoft.graph.ediscovery.estimateStatisticsOperation/allOf/1/properties/siteCount - The format int32 is not supported by Kiota for the type Null, Number and the string type will be used.
Warning: KiotaBuilder OpenAPI warning: #/components/schemas/microsoft.graph.ediscovery.estimateStatisticsOperation/allOf/1/properties/unindexedItemCount - The format int64 is not supported by Kiota for the type Null, Number and the string type will be used.
Warning: KiotaBuilder OpenAPI warning: #/components/schemas/microsoft.graph.ediscovery.estimateStatisticsOperation/allOf/1/properties/unindexedItemsSize - The format int64 is not supported by Kiota for the type Null, Number and the string type will be used.
Warning: KiotaBuilder OpenAPI warning: #/components/schemas/microsoft.graph.ediscovery.legalHold/allOf/1/properties/createdDateTime - The format date-time is not supported by Kiota for the type Null, String and the string type will be used.
Warning: KiotaBuilder OpenAPI warning: #/components/schemas/microsoft.graph.ediscovery.legalHold/allOf/1/properties/lastModifiedDateTime - The format date-time is not supported by Kiota for the type Null, String and the string type will be used.
Warning: KiotaBuilder OpenAPI warning: #/components/schemas/microsoft.graph.ediscovery.reviewSet/allOf/1/properties/createdDateTime - The format date-time is not supported by Kiota for the type Null, String and the string type will be used.
Warning: KiotaBuilder OpenAPI warning: #/components/schemas/microsoft.graph.ediscovery.reviewSetQuery/allOf/1/properties/createdDateTime - The format date-time is not supported by Kiota for the type Null, String and the string type will be used.
Warning: KiotaBuilder OpenAPI warning: #/components/schemas/microsoft.graph.ediscovery.reviewSetQuery/allOf/1/properties/lastModifiedDateTime - The format date-time is not supported by Kiota for the type Null, String and the string type will be used.
Warning: KiotaBuilder OpenAPI warning: #/components/schemas/microsoft.graph.ediscovery.sourceCollection/allOf/1/properties/createdDateTime - The format date-time is not supported by Kiota for the type Null, String and the string type will be used.
Warning: KiotaBuilder OpenAPI warning: #/components/schemas/microsoft.graph.ediscovery.sourceCollection/allOf/1/properties/lastModifiedDateTime - The format date-time is not supported by Kiota for the type Null, String and the string type will be used.
Warning: KiotaBuilder OpenAPI warning: #/components/schemas/microsoft.graph.ediscovery.tag/allOf/1/properties/lastModifiedDateTime - The format date-time is not supported by Kiota for the type Null, String and the string type will be used.
Warning: KiotaBuilder OpenAPI warning: #/components/schemas/microsoft.graph.ediscovery.ocrSettings/properties/maxImageSize - The format int32 is not supported by Kiota for the type Null, Number and the string type will be used.
Warning: KiotaBuilder OpenAPI warning: #/components/schemas/microsoft.graph.ediscovery.ocrSettings/properties/timeout - The format duration is not supported by Kiota for the type Null, String and the string type will be used.
Warning: KiotaBuilder OpenAPI warning: #/components/schemas/microsoft.graph.ediscovery.redundancyDetectionSettings/properties/maxWords - The format int32 is not supported by Kiota for the type Null, Number and the string type will be used.
Warning: KiotaBuilder OpenAPI warning: #/components/schemas/microsoft.graph.ediscovery.redundancyDetectionSettings/properties/minWords - The format int32 is not supported by Kiota for the type Null, Number and the string type will be used.
Warning: KiotaBuilder OpenAPI warning: #/components/schemas/microsoft.graph.ediscovery.redundancyDetectionSettings/properties/similarityThreshold - The format int32 is not supported by Kiota for the type Null, Number and the string type will be used.
Warning: KiotaBuilder OpenAPI warning: #/components/schemas/microsoft.graph.ediscovery.topicModelingSettings/properties/topicCount - The format int32 is not supported by Kiota for the type Null, Number and the string type will be used.
Warning: KiotaBuilder OpenAPI warning: #/components/schemas/microsoft.graph.externalConnectors.connectionQuota/allOf/1/properties/itemsRemaining - The format int64 is not supported by Kiota for the type Null, Number and the string type will be used.
Warning: KiotaBuilder OpenAPI warning: #/components/schemas/microsoft.graph.externalConnectors.externalConnection/allOf/1/properties/ingestedItemsCount - The format int64 is not supported by Kiota for the type Null, Number and the string type will be used.
Warning: KiotaBuilder OpenAPI warning: #/components/schemas/microsoft.graph.externalConnectors.urlToItemResolverBase/properties/priority - The format int32 is not supported by Kiota for the type Null, Number and the string type will be used.
Warning: KiotaBuilder OpenAPI warning: #/components/schemas/microsoft.graph.identityGovernance.customTaskExtension/allOf/1/properties/createdDateTime - The format date-time is not supported by Kiota for the type Null, String and the string type will be used.
Warning: KiotaBuilder OpenAPI warning: #/components/schemas/microsoft.graph.identityGovernance.customTaskExtension/allOf/1/properties/lastModifiedDateTime - The format date-time is not supported by Kiota for the type Null, String and the string type will be used.
Warning: KiotaBuilder OpenAPI warning: #/components/schemas/microsoft.graph.identityGovernance.run/allOf/1/properties/completedDateTime - The format date-time is not supported by Kiota for the type Null, String and the string type will be used.
Warning: KiotaBuilder OpenAPI warning: #/components/schemas/microsoft.graph.identityGovernance.run/allOf/1/properties/lastUpdatedDateTime - The format date-time is not supported by Kiota for the type Null, String and the string type will be used.
Warning: KiotaBuilder OpenAPI warning: #/components/schemas/microsoft.graph.identityGovernance.run/allOf/1/properties/startedDateTime - The format date-time is not supported by Kiota for the type Null, String and the string type will be used.
Warning: KiotaBuilder OpenAPI warning: #/components/schemas/microsoft.graph.identityGovernance.taskProcessingResult/allOf/1/properties/completedDateTime - The format date-time is not supported by Kiota for the type Null, String and the string type will be used.
Warning: KiotaBuilder OpenAPI warning: #/components/schemas/microsoft.graph.identityGovernance.taskProcessingResult/allOf/1/properties/startedDateTime - The format date-time is not supported by Kiota for the type Null, String and the string type will be used.
Warning: KiotaBuilder OpenAPI warning: #/components/schemas/microsoft.graph.identityGovernance.taskReport/allOf/1/properties/completedDateTime - The format date-time is not supported by Kiota for the type Null, String and the string type will be used.
Warning: KiotaBuilder OpenAPI warning: #/components/schemas/microsoft.graph.identityGovernance.taskReport/allOf/1/properties/startedDateTime - The format date-time is not supported by Kiota for the type Null, String and the string type will be used.
Warning: KiotaBuilder OpenAPI warning: #/components/schemas/microsoft.graph.identityGovernance.userProcessingResult/allOf/1/properties/completedDateTime - The format date-time is not supported by Kiota for the type Null, String and the string type will be used.
Warning: KiotaBuilder OpenAPI warning: #/components/schemas/microsoft.graph.identityGovernance.userProcessingResult/allOf/1/properties/startedDateTime - The format date-time is not supported by Kiota for the type Null, String and the string type will be used.
Warning: KiotaBuilder OpenAPI warning: #/components/schemas/microsoft.graph.identityGovernance.workflow/allOf/1/properties/deletedDateTime - The format date-time is not supported by Kiota for the type Null, String and the string type will be used.
Warning: KiotaBuilder OpenAPI warning: #/components/schemas/microsoft.graph.identityGovernance.workflow/allOf/1/properties/nextScheduleRunDateTime - The format date-time is not supported by Kiota for the type Null, String and the string type will be used.
Warning: KiotaBuilder OpenAPI warning: #/components/schemas/microsoft.graph.identityGovernance.workflow/allOf/1/properties/version - The format int32 is not supported by Kiota for the type Null, Number and the string type will be used.
Warning: KiotaBuilder OpenAPI warning: #/components/schemas/microsoft.graph.identityGovernance.workflowBase/properties/createdDateTime - The format date-time is not supported by Kiota for the type Null, String and the string type will be used.
Warning: KiotaBuilder OpenAPI warning: #/components/schemas/microsoft.graph.identityGovernance.workflowBase/properties/lastModifiedDateTime - The format date-time is not supported by Kiota for the type Null, String and the string type will be used.
Warning: KiotaBuilder OpenAPI warning: #/components/schemas/microsoft.graph.industryData.inboundFlow/allOf/1/properties/expirationDateTime - The format date-time is not supported by Kiota for the type Null, String and the string type will be used.
Warning: KiotaBuilder OpenAPI warning: #/components/schemas/microsoft.graph.industryData.industryDataRun/allOf/1/properties/endDateTime - The format date-time is not supported by Kiota for the type Null, String and the string type will be used.
Warning: KiotaBuilder OpenAPI warning: #/components/schemas/microsoft.graph.industryData.outboundProvisioningFlowSet/allOf/1/properties/createdDateTime - The format date-time is not supported by Kiota for the type Null, String and the string type will be used.
Warning: KiotaBuilder OpenAPI warning: #/components/schemas/microsoft.graph.industryData.outboundProvisioningFlowSet/allOf/1/properties/lastModifiedDateTime - The format date-time is not supported by Kiota for the type Null, String and the string type will be used.
Warning: KiotaBuilder OpenAPI warning: #/components/schemas/microsoft.graph.industryData.provisioningFlow/allOf/1/properties/createdDateTime - The format date-time is not supported by Kiota for the type Null, String and the string type will be used.
Warning: KiotaBuilder OpenAPI warning: #/components/schemas/microsoft.graph.industryData.provisioningFlow/allOf/1/properties/lastModifiedDateTime - The format date-time is not supported by Kiota for the type Null, String and the string type will be used.
Warning: KiotaBuilder OpenAPI warning: #/components/schemas/microsoft.graph.industryData.aggregatedInboundStatistics/properties/errors - The format int32 is not supported by Kiota for the type Null, Number and the string type will be used.
Warning: KiotaBuilder OpenAPI warning: #/components/schemas/microsoft.graph.industryData.aggregatedInboundStatistics/properties/groups - The format int32 is not supported by Kiota for the type Null, Number and the string type will be used.
Warning: KiotaBuilder OpenAPI warning: #/components/schemas/microsoft.graph.industryData.aggregatedInboundStatistics/properties/memberships - The format int32 is not supported by Kiota for the type Null, Number and the string type will be used.
Warning: KiotaBuilder OpenAPI warning: #/components/schemas/microsoft.graph.industryData.aggregatedInboundStatistics/properties/organizations - The format int32 is not supported by Kiota for the type Null, Number and the string type will be used.
Warning: KiotaBuilder OpenAPI warning: #/components/schemas/microsoft.graph.industryData.aggregatedInboundStatistics/properties/people - The format int32 is not supported by Kiota for the type Null, Number and the string type will be used.
Warning: KiotaBuilder OpenAPI warning: #/components/schemas/microsoft.graph.industryData.aggregatedInboundStatistics/properties/warnings - The format int32 is not supported by Kiota for the type Null, Number and the string type will be used.
Warning: KiotaBuilder OpenAPI warning: #/components/schemas/microsoft.graph.industryData.credential/properties/lastValidDateTime - The format date-time is not supported by Kiota for the type Null, String and the string type will be used.
Warning: KiotaBuilder OpenAPI warning: #/components/schemas/microsoft.graph.industryData.inboundActivityResults/allOf/1/properties/errors - The format int32 is not supported by Kiota for the type Null, Number and the string type will be used.
Warning: KiotaBuilder OpenAPI warning: #/components/schemas/microsoft.graph.industryData.inboundActivityResults/allOf/1/properties/warnings - The format int32 is not supported by Kiota for the type Null, Number and the string type will be used.
Warning: KiotaBuilder OpenAPI warning: #/components/schemas/microsoft.graph.industryData.industryDataRunEntityCountMetric/properties/active - The format int32 is not supported by Kiota for the type Null, Number and the string type will be used.
Warning: KiotaBuilder OpenAPI warning: #/components/schemas/microsoft.graph.industryData.industryDataRunEntityCountMetric/properties/inactive - The format int32 is not supported by Kiota for the type Null, Number and the string type will be used.
Warning: KiotaBuilder OpenAPI warning: #/components/schemas/microsoft.graph.industryData.industryDataRunEntityCountMetric/properties/total - The format int32 is not supported by Kiota for the type Null, Number and the string type will be used.
Warning: KiotaBuilder OpenAPI warning: #/components/schemas/microsoft.graph.industryData.industryDataRunRoleCountMetric/properties/count - The format int32 is not supported by Kiota for the type Null, Number and the string type will be used.
Warning: KiotaBuilder OpenAPI warning: #/components/schemas/microsoft.graph.managedTenants.aggregatedPolicyCompliance/allOf/1/properties/lastRefreshedDateTime - The format date-time is not supported by Kiota for the type Null, String and the string type will be used.
Warning: KiotaBuilder OpenAPI warning: #/components/schemas/microsoft.graph.managedTenants.aggregatedPolicyCompliance/allOf/1/properties/numberOfCompliantDevices - The format int64 is not supported by Kiota for the type Null, Number and the string type will be used.
Warning: KiotaBuilder OpenAPI warning: #/components/schemas/microsoft.graph.managedTenants.aggregatedPolicyCompliance/allOf/1/properties/numberOfErrorDevices - The format int64 is not supported by Kiota for the type Null, Number and the string type will be used.
Warning: KiotaBuilder OpenAPI warning: #/components/schemas/microsoft.graph.managedTenants.aggregatedPolicyCompliance/allOf/1/properties/numberOfNonCompliantDevices - The format int64 is not supported by Kiota for the type Null, Number and the string type will be used.
Warning: KiotaBuilder OpenAPI warning: #/components/schemas/microsoft.graph.managedTenants.aggregatedPolicyCompliance/allOf/1/properties/policyModifiedDateTime - The format date-time is not supported by Kiota for the type Null, String and the string type will be used.
Warning: KiotaBuilder OpenAPI warning: #/components/schemas/microsoft.graph.managedTenants.appPerformance/allOf/1/properties/lastUpdatedDateTime - The format date-time is not supported by Kiota for the type Null, String and the string type will be used.
Warning: KiotaBuilder OpenAPI warning: #/components/schemas/microsoft.graph.managedTenants.appPerformance/allOf/1/properties/meanTimeToFailureInMinutes - The format int32 is not supported by Kiota for the type Null, Number and the string type will be used.
Warning: KiotaBuilder OpenAPI warning: #/components/schemas/microsoft.graph.managedTenants.appPerformance/allOf/1/properties/totalActiveDeviceCount - The format int32 is not supported by Kiota for the type Null, Number and the string type will be used.
Warning: KiotaBuilder OpenAPI warning: #/components/schemas/microsoft.graph.managedTenants.appPerformance/allOf/1/properties/totalAppCrashCount - The format int32 is not supported by Kiota for the type Null, Number and the string type will be used.
Warning: KiotaBuilder OpenAPI warning: #/components/schemas/microsoft.graph.managedTenants.appPerformance/allOf/1/properties/totalAppFreezeCount - The format int32 is not supported by Kiota for the type Null, Number and the string type will be used.
Warning: KiotaBuilder OpenAPI warning: #/components/schemas/microsoft.graph.managedTenants.auditEvent/allOf/1/properties/activityDateTime - The format date-time is not supported by Kiota for the type Null, String and the string type will be used.
Warning: KiotaBuilder OpenAPI warning: #/components/schemas/microsoft.graph.managedTenants.cloudPcConnection/allOf/1/properties/lastRefreshedDateTime - The format date-time is not supported by Kiota for the type Null, String and the string type will be used.
Warning: KiotaBuilder OpenAPI warning: #/components/schemas/microsoft.graph.managedTenants.cloudPcDevice/allOf/1/properties/lastRefreshedDateTime - The format date-time is not supported by Kiota for the type Null, String and the string type will be used.
Warning: KiotaBuilder OpenAPI warning: #/components/schemas/microsoft.graph.managedTenants.cloudPcOverview/allOf/1/properties/frontlineLicensesCount - The format int32 is not supported by Kiota for the type Null, Number and the string type will be used.
Warning: KiotaBuilder OpenAPI warning: #/components/schemas/microsoft.graph.managedTenants.cloudPcOverview/allOf/1/properties/lastRefreshedDateTime - The format date-time is not supported by Kiota for the type Null, String and the string type will be used.
Warning: KiotaBuilder OpenAPI warning: #/components/schemas/microsoft.graph.managedTenants.cloudPcOverview/allOf/1/properties/numberOfCloudPcConnectionStatusFailed - The format int32 is not supported by Kiota for the type Null, Number and the string type will be used.
Warning: KiotaBuilder OpenAPI warning: #/components/schemas/microsoft.graph.managedTenants.cloudPcOverview/allOf/1/properties/numberOfCloudPcConnectionStatusPassed - The format int32 is not supported by Kiota for the type Null, Number and the string type will be used.
Warning: KiotaBuilder OpenAPI warning: #/components/schemas/microsoft.graph.managedTenants.cloudPcOverview/allOf/1/properties/numberOfCloudPcConnectionStatusPending - The format int32 is not supported by Kiota for the type Null, Number and the string type will be used.
Warning: KiotaBuilder OpenAPI warning: #/components/schemas/microsoft.graph.managedTenants.cloudPcOverview/allOf/1/properties/numberOfCloudPcConnectionStatusRunning - The format int32 is not supported by Kiota for the type Null, Number and the string type will be used.
Warning: KiotaBuilder OpenAPI warning: #/components/schemas/microsoft.graph.managedTenants.cloudPcOverview/allOf/1/properties/numberOfCloudPcConnectionStatusUnkownFutureValue - The format int32 is not supported by Kiota for the type Null, Number and the string type will be used.
Warning: KiotaBuilder OpenAPI warning: #/components/schemas/microsoft.graph.managedTenants.cloudPcOverview/allOf/1/properties/numberOfCloudPcStatusDeprovisioning - The format int32 is not supported by Kiota for the type Null, Number and the string type will be used.
Warning: KiotaBuilder OpenAPI warning: #/components/schemas/microsoft.graph.managedTenants.cloudPcOverview/allOf/1/properties/numberOfCloudPcStatusFailed - The format int32 is not supported by Kiota for the type Null, Number and the string type will be used.
Warning: KiotaBuilder OpenAPI warning: #/components/schemas/microsoft.graph.managedTenants.cloudPcOverview/allOf/1/properties/numberOfCloudPcStatusInGracePeriod - The format int32 is not supported by Kiota for the type Null, Number and the string type will be used.
Warning: KiotaBuilder OpenAPI warning: #/components/schemas/microsoft.graph.managedTenants.cloudPcOverview/allOf/1/properties/numberOfCloudPcStatusNotProvisioned - The format int32 is not supported by Kiota for the type Null, Number and the string type will be used.
Warning: KiotaBuilder OpenAPI warning: #/components/schemas/microsoft.graph.managedTenants.cloudPcOverview/allOf/1/properties/numberOfCloudPcStatusProvisioned - The format int32 is not supported by Kiota for the type Null, Number and the string type will be used.
Warning: KiotaBuilder OpenAPI warning: #/components/schemas/microsoft.graph.managedTenants.cloudPcOverview/allOf/1/properties/numberOfCloudPcStatusProvisioning - The format int32 is not supported by Kiota for the type Null, Number and the string type will be used.
Warning: KiotaBuilder OpenAPI warning: #/components/schemas/microsoft.graph.managedTenants.cloudPcOverview/allOf/1/properties/numberOfCloudPcStatusUnknown - The format int32 is not supported by Kiota for the type Null, Number and the string type will be used.
Warning: KiotaBuilder OpenAPI warning: #/components/schemas/microsoft.graph.managedTenants.cloudPcOverview/allOf/1/properties/numberOfCloudPcStatusUpgrading - The format int32 is not supported by Kiota for the type Null, Number and the string type will be used.
Warning: KiotaBuilder OpenAPI warning: #/components/schemas/microsoft.graph.managedTenants.cloudPcOverview/allOf/1/properties/totalBusinessLicenses - The format int32 is not supported by Kiota for the type Null, Number and the string type will be used.
Warning: KiotaBuilder OpenAPI warning: #/components/schemas/microsoft.graph.managedTenants.cloudPcOverview/allOf/1/properties/totalCloudPcConnectionStatus - The format int32 is not supported by Kiota for the type Null, Number and the string type will be used.
Warning: KiotaBuilder OpenAPI warning: #/components/schemas/microsoft.graph.managedTenants.cloudPcOverview/allOf/1/properties/totalCloudPcStatus - The format int32 is not supported by Kiota for the type Null, Number and the string type will be used.
Warning: KiotaBuilder OpenAPI warning: #/components/schemas/microsoft.graph.managedTenants.cloudPcOverview/allOf/1/properties/totalEnterpriseLicenses - The format int32 is not supported by Kiota for the type Null, Number and the string type will be used.
Warning: KiotaBuilder OpenAPI warning: #/components/schemas/microsoft.graph.managedTenants.conditionalAccessPolicyCoverage/allOf/1/properties/latestPolicyModifiedDateTime - The format date-time is not supported by Kiota for the type Null, String and the string type will be used.
Warning: KiotaBuilder OpenAPI warning: #/components/schemas/microsoft.graph.managedTenants.credentialUserRegistrationsSummary/allOf/1/properties/lastRefreshedDateTime - The format date-time is not supported by Kiota for the type Null, String and the string type will be used.
Warning: KiotaBuilder OpenAPI warning: #/components/schemas/microsoft.graph.managedTenants.credentialUserRegistrationsSummary/allOf/1/properties/mfaAndSsprCapableUserCount - The format int32 is not supported by Kiota for the type Null, Number and the string type will be used.
Warning: KiotaBuilder OpenAPI warning: #/components/schemas/microsoft.graph.managedTenants.credentialUserRegistrationsSummary/allOf/1/properties/mfaExcludedUserCount - The format int32 is not supported by Kiota for the type Null, Number and the string type will be used.
Warning: KiotaBuilder OpenAPI warning: #/components/schemas/microsoft.graph.managedTenants.credentialUserRegistrationsSummary/allOf/1/properties/mfaRegisteredUserCount - The format int32 is not supported by Kiota for the type Null, Number and the string type will be used.
Warning: KiotaBuilder OpenAPI warning: #/components/schemas/microsoft.graph.managedTenants.credentialUserRegistrationsSummary/allOf/1/properties/ssprEnabledUserCount - The format int32 is not supported by Kiota for the type Null, Number and the string type will be used.
Warning: KiotaBuilder OpenAPI warning: #/components/schemas/microsoft.graph.managedTenants.credentialUserRegistrationsSummary/allOf/1/properties/ssprRegisteredUserCount - The format int32 is not supported by Kiota for the type Null, Number and the string type will be used.
Warning: KiotaBuilder OpenAPI warning: #/components/schemas/microsoft.graph.managedTenants.credentialUserRegistrationsSummary/allOf/1/properties/totalUserCount - The format int32 is not supported by Kiota for the type Null, Number and the string type will be used.
Warning: KiotaBuilder OpenAPI warning: #/components/schemas/microsoft.graph.managedTenants.deviceAppPerformance/allOf/1/properties/isLatestUsedVersion - The format int32 is not supported by Kiota for the type Null, Number and the string type will be used.
Warning: KiotaBuilder OpenAPI warning: #/components/schemas/microsoft.graph.managedTenants.deviceAppPerformance/allOf/1/properties/isMostUsedVersion - The format int32 is not supported by Kiota for the type Null, Number and the string type will be used.
Warning: KiotaBuilder OpenAPI warning: #/components/schemas/microsoft.graph.managedTenants.deviceAppPerformance/allOf/1/properties/lastUpdatedDateTime - The format date-time is not supported by Kiota for the type Null, String and the string type will be used.
Warning: KiotaBuilder OpenAPI warning: #/components/schemas/microsoft.graph.managedTenants.deviceAppPerformance/allOf/1/properties/totalAppCrashCount - The format int32 is not supported by Kiota for the type Null, Number and the string type will be used.
Warning: KiotaBuilder OpenAPI warning: #/components/schemas/microsoft.graph.managedTenants.deviceAppPerformance/allOf/1/properties/totalAppFreezeCount - The format int32 is not supported by Kiota for the type Null, Number and the string type will be used.
Warning: KiotaBuilder OpenAPI warning: #/components/schemas/microsoft.graph.managedTenants.deviceCompliancePolicySettingStateSummary/allOf/1/properties/conflictDeviceCount - The format int32 is not supported by Kiota for the type Null, Number and the string type will be used.
Warning: KiotaBuilder OpenAPI warning: #/components/schemas/microsoft.graph.managedTenants.deviceCompliancePolicySettingStateSummary/allOf/1/properties/errorDeviceCount - The format int32 is not supported by Kiota for the type Null, Number and the string type will be used.
Warning: KiotaBuilder OpenAPI warning: #/components/schemas/microsoft.graph.managedTenants.deviceCompliancePolicySettingStateSummary/allOf/1/properties/failedDeviceCount - The format int32 is not supported by Kiota for the type Null, Number and the string type will be used.
Warning: KiotaBuilder OpenAPI warning: #/components/schemas/microsoft.graph.managedTenants.deviceCompliancePolicySettingStateSummary/allOf/1/properties/lastRefreshedDateTime - The format date-time is not supported by Kiota for the type Null, String and the string type will be used.
Warning: KiotaBuilder OpenAPI warning: #/components/schemas/microsoft.graph.managedTenants.deviceCompliancePolicySettingStateSummary/allOf/1/properties/notApplicableDeviceCount - The format int32 is not supported by Kiota for the type Null, Number and the string type will be used.
Warning: KiotaBuilder OpenAPI warning: #/components/schemas/microsoft.graph.managedTenants.deviceCompliancePolicySettingStateSummary/allOf/1/properties/pendingDeviceCount - The format int32 is not supported by Kiota for the type Null, Number and the string type will be used.
Warning: KiotaBuilder OpenAPI warning: #/components/schemas/microsoft.graph.managedTenants.deviceCompliancePolicySettingStateSummary/allOf/1/properties/succeededDeviceCount - The format int32 is not supported by Kiota for the type Null, Number and the string type will be used.
Warning: KiotaBuilder OpenAPI warning: #/components/schemas/microsoft.graph.managedTenants.deviceHealthStatus/allOf/1/properties/blueScreenCount - The format int32 is not supported by Kiota for the type Null, Number and the string type will be used.
Warning: KiotaBuilder OpenAPI warning: #/components/schemas/microsoft.graph.managedTenants.deviceHealthStatus/allOf/1/properties/bootTotalDurationInSeconds/oneOf/0 - The format double is not supported by Kiota for the type Null, Number and the string type will be used.
Warning: KiotaBuilder OpenAPI warning: #/components/schemas/microsoft.graph.managedTenants.deviceHealthStatus/allOf/1/properties/lastUpdatedDateTime - The format date-time is not supported by Kiota for the type Null, String and the string type will be used.
Warning: KiotaBuilder OpenAPI warning: #/components/schemas/microsoft.graph.managedTenants.deviceHealthStatus/allOf/1/properties/restartCount - The format int32 is not supported by Kiota for the type Null, Number and the string type will be used.
Warning: KiotaBuilder OpenAPI warning: #/components/schemas/microsoft.graph.managedTenants.deviceHealthStatus/allOf/1/properties/startupPerformanceScore/oneOf/0 - The format double is not supported by Kiota for the type Null, Number and the string type will be used.
Warning: KiotaBuilder OpenAPI warning: #/components/schemas/microsoft.graph.managedTenants.managedDeviceCompliance/allOf/1/properties/inGracePeriodUntilDateTime - The format date-time is not supported by Kiota for the type Null, String and the string type will be used.
Warning: KiotaBuilder OpenAPI warning: #/components/schemas/microsoft.graph.managedTenants.managedDeviceCompliance/allOf/1/properties/lastRefreshedDateTime - The format date-time is not supported by Kiota for the type Null, String and the string type will be used.
Warning: KiotaBuilder OpenAPI warning: #/components/schemas/microsoft.graph.managedTenants.managedDeviceCompliance/allOf/1/properties/lastSyncDateTime - The format date-time is not supported by Kiota for the type Null, String and the string type will be used.
Warning: KiotaBuilder OpenAPI warning: #/components/schemas/microsoft.graph.managedTenants.managedDeviceComplianceTrend/allOf/1/properties/compliantDeviceCount - The format int32 is not supported by Kiota for the type Null, Number and the string type will be used.
Warning: KiotaBuilder OpenAPI warning: #/components/schemas/microsoft.graph.managedTenants.managedDeviceComplianceTrend/allOf/1/properties/configManagerDeviceCount - The format int32 is not supported by Kiota for the type Null, Number and the string type will be used.
Warning: KiotaBuilder OpenAPI warning: #/components/schemas/microsoft.graph.managedTenants.managedDeviceComplianceTrend/allOf/1/properties/errorDeviceCount - The format int32 is not supported by Kiota for the type Null, Number and the string type will be used.
Warning: KiotaBuilder OpenAPI warning: #/components/schemas/microsoft.graph.managedTenants.managedDeviceComplianceTrend/allOf/1/properties/inGracePeriodDeviceCount - The format int32 is not supported by Kiota for the type Null, Number and the string type will be used.
Warning: KiotaBuilder OpenAPI warning: #/components/schemas/microsoft.graph.managedTenants.managedDeviceComplianceTrend/allOf/1/properties/noncompliantDeviceCount - The format int32 is not supported by Kiota for the type Null, Number and the string type will be used.
Warning: KiotaBuilder OpenAPI warning: #/components/schemas/microsoft.graph.managedTenants.managedDeviceComplianceTrend/allOf/1/properties/unknownDeviceCount - The format int32 is not supported by Kiota for the type Null, Number and the string type will be used.
Warning: KiotaBuilder OpenAPI warning: #/components/schemas/microsoft.graph.managedTenants.managedTenantAlert/allOf/1/properties/correlationCount - The format int32 is not supported by Kiota for the type Null, Number and the string type will be used.
Warning: KiotaBuilder OpenAPI warning: #/components/schemas/microsoft.graph.managedTenants.managedTenantAlert/allOf/1/properties/createdDateTime - The format date-time is not supported by Kiota for the type Null, String and the string type will be used.
Warning: KiotaBuilder OpenAPI warning: #/components/schemas/microsoft.graph.managedTenants.managedTenantAlert/allOf/1/properties/lastActionDateTime - The format date-time is not supported by Kiota for the type Null, String and the string type will be used.
Warning: KiotaBuilder OpenAPI warning: #/components/schemas/microsoft.graph.managedTenants.managedTenantAlertLog/allOf/1/properties/createdDateTime - The format date-time is not supported by Kiota for the type Null, String and the string type will be used.
Warning: KiotaBuilder OpenAPI warning: #/components/schemas/microsoft.graph.managedTenants.managedTenantAlertLog/allOf/1/properties/lastActionDateTime - The format date-time is not supported by Kiota for the type Null, String and the string type will be used.
Warning: KiotaBuilder OpenAPI warning: #/components/schemas/microsoft.graph.managedTenants.managedTenantAlertRule/allOf/1/properties/alertTTL - The format int32 is not supported by Kiota for the type Null, Number and the string type will be used.
Warning: KiotaBuilder OpenAPI warning: #/components/schemas/microsoft.graph.managedTenants.managedTenantAlertRule/allOf/1/properties/createdDateTime - The format date-time is not supported by Kiota for the type Null, String and the string type will be used.
Warning: KiotaBuilder OpenAPI warning: #/components/schemas/microsoft.graph.managedTenants.managedTenantAlertRule/allOf/1/properties/lastActionDateTime - The format date-time is not supported by Kiota for the type Null, String and the string type will be used.
Warning: KiotaBuilder OpenAPI warning: #/components/schemas/microsoft.graph.managedTenants.managedTenantAlertRule/allOf/1/properties/lastRunDateTime - The format date-time is not supported by Kiota for the type Null, String and the string type will be used.
Warning: KiotaBuilder OpenAPI warning: #/components/schemas/microsoft.graph.managedTenants.managedTenantAlertRuleDefinition/allOf/1/properties/createdDateTime - The format date-time is not supported by Kiota for the type Null, String and the string type will be used.
Warning: KiotaBuilder OpenAPI warning: #/components/schemas/microsoft.graph.managedTenants.managedTenantAlertRuleDefinition/allOf/1/properties/lastActionDateTime - The format date-time is not supported by Kiota for the type Null, String and the string type will be used.
Warning: KiotaBuilder OpenAPI warning: #/components/schemas/microsoft.graph.managedTenants.managedTenantApiNotification/allOf/1/properties/createdDateTime - The format date-time is not supported by Kiota for the type Null, String and the string type will be used.
Warning: KiotaBuilder OpenAPI warning: #/components/schemas/microsoft.graph.managedTenants.managedTenantApiNotification/allOf/1/properties/lastActionDateTime - The format date-time is not supported by Kiota for the type Null, String and the string type will be used.
Warning: KiotaBuilder OpenAPI warning: #/components/schemas/microsoft.graph.managedTenants.managedTenantEmailNotification/allOf/1/properties/createdDateTime - The format date-time is not supported by Kiota for the type Null, String and the string type will be used.
Warning: KiotaBuilder OpenAPI warning: #/components/schemas/microsoft.graph.managedTenants.managedTenantEmailNotification/allOf/1/properties/lastActionDateTime - The format date-time is not supported by Kiota for the type Null, String and the string type will be used.
Warning: KiotaBuilder OpenAPI warning: #/components/schemas/microsoft.graph.managedTenants.managedTenantTicketingEndpoint/allOf/1/properties/createdDateTime - The format date-time is not supported by Kiota for the type Null, String and the string type will be used.
Warning: KiotaBuilder OpenAPI warning: #/components/schemas/microsoft.graph.managedTenants.managedTenantTicketingEndpoint/allOf/1/properties/lastActionDateTime - The format date-time is not supported by Kiota for the type Null, String and the string type will be used.
Warning: KiotaBuilder OpenAPI warning: #/components/schemas/microsoft.graph.managedTenants.managementTemplate/allOf/1/properties/createdDateTime - The format date-time is not supported by Kiota for the type Null, String and the string type will be used.
Warning: KiotaBuilder OpenAPI warning: #/components/schemas/microsoft.graph.managedTenants.managementTemplate/allOf/1/properties/lastActionDateTime - The format date-time is not supported by Kiota for the type Null, String and the string type will be used.
Warning: KiotaBuilder OpenAPI warning: #/components/schemas/microsoft.graph.managedTenants.managementTemplate/allOf/1/properties/version - The format int32 is not supported by Kiota for the type Null, Number and the string type will be used.
Warning: KiotaBuilder OpenAPI warning: #/components/schemas/microsoft.graph.managedTenants.managementTemplateCollection/allOf/1/properties/createdDateTime - The format date-time is not supported by Kiota for the type Null, String and the string type will be used.
Warning: KiotaBuilder OpenAPI warning: #/components/schemas/microsoft.graph.managedTenants.managementTemplateCollection/allOf/1/properties/lastActionDateTime - The format date-time is not supported by Kiota for the type Null, String and the string type will be used.
Warning: KiotaBuilder OpenAPI warning: #/components/schemas/microsoft.graph.managedTenants.managementTemplateCollectionTenantSummary/allOf/1/properties/completeStepsCount - The format int32 is not supported by Kiota for the type Null, Number and the string type will be used.
Warning: KiotaBuilder OpenAPI warning: #/components/schemas/microsoft.graph.managedTenants.managementTemplateCollectionTenantSummary/allOf/1/properties/completeUsersCount - The format int32 is not supported by Kiota for the type Null, Number and the string type will be used.
Warning: KiotaBuilder OpenAPI warning: #/components/schemas/microsoft.graph.managedTenants.managementTemplateCollectionTenantSummary/allOf/1/properties/createdDateTime - The format date-time is not supported by Kiota for the type Null, String and the string type will be used.
Warning: KiotaBuilder OpenAPI warning: #/components/schemas/microsoft.graph.managedTenants.managementTemplateCollectionTenantSummary/allOf/1/properties/dismissedStepsCount - The format int32 is not supported by Kiota for the type Null, Number and the string type will be used.
Warning: KiotaBuilder OpenAPI warning: #/components/schemas/microsoft.graph.managedTenants.managementTemplateCollectionTenantSummary/allOf/1/properties/excludedUsersCount - The format int32 is not supported by Kiota for the type Null, Number and the string type will be used.
Warning: KiotaBuilder OpenAPI warning: #/components/schemas/microsoft.graph.managedTenants.managementTemplateCollectionTenantSummary/allOf/1/properties/excludedUsersDistinctCount - The format int32 is not supported by Kiota for the type Null, Number and the string type will be used.
Warning: KiotaBuilder OpenAPI warning: #/components/schemas/microsoft.graph.managedTenants.managementTemplateCollectionTenantSummary/allOf/1/properties/incompleteStepsCount - The format int32 is not supported by Kiota for the type Null, Number and the string type will be used.
Warning: KiotaBuilder OpenAPI warning: #/components/schemas/microsoft.graph.managedTenants.managementTemplateCollectionTenantSummary/allOf/1/properties/incompleteUsersCount - The format int32 is not supported by Kiota for the type Null, Number and the string type will be used.
Warning: KiotaBuilder OpenAPI warning: #/components/schemas/microsoft.graph.managedTenants.managementTemplateCollectionTenantSummary/allOf/1/properties/ineligibleStepsCount - The format int32 is not supported by Kiota for the type Null, Number and the string type will be used.
Warning: KiotaBuilder OpenAPI warning: #/components/schemas/microsoft.graph.managedTenants.managementTemplateCollectionTenantSummary/allOf/1/properties/lastActionDateTime - The format date-time is not supported by Kiota for the type Null, String and the string type will be used.
Warning: KiotaBuilder OpenAPI warning: #/components/schemas/microsoft.graph.managedTenants.managementTemplateCollectionTenantSummary/allOf/1/properties/regressedStepsCount - The format int32 is not supported by Kiota for the type Null, Number and the string type will be used.
Warning: KiotaBuilder OpenAPI warning: #/components/schemas/microsoft.graph.managedTenants.managementTemplateCollectionTenantSummary/allOf/1/properties/regressedUsersCount - The format int32 is not supported by Kiota for the type Null, Number and the string type will be used.
Warning: KiotaBuilder OpenAPI warning: #/components/schemas/microsoft.graph.managedTenants.managementTemplateCollectionTenantSummary/allOf/1/properties/unlicensedUsersCount - The format int32 is not supported by Kiota for the type Null, Number and the string type will be used.
Warning: KiotaBuilder OpenAPI warning: #/components/schemas/microsoft.graph.managedTenants.managementTemplateStep/allOf/1/properties/createdDateTime - The format date-time is not supported by Kiota for the type Null, String and the string type will be used.
Warning: KiotaBuilder OpenAPI warning: #/components/schemas/microsoft.graph.managedTenants.managementTemplateStep/allOf/1/properties/lastActionDateTime - The format date-time is not supported by Kiota for the type Null, String and the string type will be used.
Warning: KiotaBuilder OpenAPI warning: #/components/schemas/microsoft.graph.managedTenants.managementTemplateStep/allOf/1/properties/priority - The format int32 is not supported by Kiota for the type Null, Number and the string type will be used.
Warning: KiotaBuilder OpenAPI warning: #/components/schemas/microsoft.graph.managedTenants.managementTemplateStepDeployment/allOf/1/properties/createdDateTime - The format date-time is not supported by Kiota for the type Null, String and the string type will be used.
Warning: KiotaBuilder OpenAPI warning: #/components/schemas/microsoft.graph.managedTenants.managementTemplateStepDeployment/allOf/1/properties/lastActionDateTime - The format date-time is not supported by Kiota for the type Null, String and the string type will be used.
Warning: KiotaBuilder OpenAPI warning: #/components/schemas/microsoft.graph.managedTenants.managementTemplateStepTenantSummary/allOf/1/properties/assignedTenantsCount - The format int32 is not supported by Kiota for the type Null, Number and the string type will be used.
Warning: KiotaBuilder OpenAPI warning: #/components/schemas/microsoft.graph.managedTenants.managementTemplateStepTenantSummary/allOf/1/properties/compliantTenantsCount - The format int32 is not supported by Kiota for the type Null, Number and the string type will be used.
Warning: KiotaBuilder OpenAPI warning: #/components/schemas/microsoft.graph.managedTenants.managementTemplateStepTenantSummary/allOf/1/properties/createdDateTime - The format date-time is not supported by Kiota for the type Null, String and the string type will be used.
Warning: KiotaBuilder OpenAPI warning: #/components/schemas/microsoft.graph.managedTenants.managementTemplateStepTenantSummary/allOf/1/properties/dismissedTenantsCount - The format int32 is not supported by Kiota for the type Null, Number and the string type will be used.
Warning: KiotaBuilder OpenAPI warning: #/components/schemas/microsoft.graph.managedTenants.managementTemplateStepTenantSummary/allOf/1/properties/ineligibleTenantsCount - The format int32 is not supported by Kiota for the type Null, Number and the string type will be used.
Warning: KiotaBuilder OpenAPI warning: #/components/schemas/microsoft.graph.managedTenants.managementTemplateStepTenantSummary/allOf/1/properties/lastActionDateTime - The format date-time is not supported by Kiota for the type Null, String and the string type will be used.
Warning: KiotaBuilder OpenAPI warning: #/components/schemas/microsoft.graph.managedTenants.managementTemplateStepTenantSummary/allOf/1/properties/notCompliantTenantsCount - The format int32 is not supported by Kiota for the type Null, Number and the string type will be used.
Warning: KiotaBuilder OpenAPI warning: #/components/schemas/microsoft.graph.managedTenants.managementTemplateStepVersion/allOf/1/properties/createdDateTime - The format date-time is not supported by Kiota for the type Null, String and the string type will be used.
Warning: KiotaBuilder OpenAPI warning: #/components/schemas/microsoft.graph.managedTenants.managementTemplateStepVersion/allOf/1/properties/lastActionDateTime - The format date-time is not supported by Kiota for the type Null, String and the string type will be used.
Warning: KiotaBuilder OpenAPI warning: #/components/schemas/microsoft.graph.managedTenants.managementTemplateStepVersion/allOf/1/properties/version - The format int32 is not supported by Kiota for the type Null, Number and the string type will be used.
Warning: KiotaBuilder OpenAPI warning: #/components/schemas/microsoft.graph.managedTenants.tenant/allOf/1/properties/createdDateTime - The format date-time is not supported by Kiota for the type Null, String and the string type will be used.
Warning: KiotaBuilder OpenAPI warning: #/components/schemas/microsoft.graph.managedTenants.tenant/allOf/1/properties/lastUpdatedDateTime - The format date-time is not supported by Kiota for the type Null, String and the string type will be used.
Warning: KiotaBuilder OpenAPI warning: #/components/schemas/microsoft.graph.managedTenants.tenantCustomizedInformation/allOf/1/properties/noteLastModifiedDateTime - The format date-time is not supported by Kiota for the type Null, String and the string type will be used.
Warning: KiotaBuilder OpenAPI warning: #/components/schemas/microsoft.graph.managedTenants.tenantTag/allOf/1/properties/createdDateTime - The format date-time is not supported by Kiota for the type Null, String and the string type will be used.
Warning: KiotaBuilder OpenAPI warning: #/components/schemas/microsoft.graph.managedTenants.tenantTag/allOf/1/properties/deletedDateTime - The format date-time is not supported by Kiota for the type Null, String and the string type will be used.
Warning: KiotaBuilder OpenAPI warning: #/components/schemas/microsoft.graph.managedTenants.tenantTag/allOf/1/properties/lastActionDateTime - The format date-time is not supported by Kiota for the type Null, String and the string type will be used.
Warning: KiotaBuilder OpenAPI warning: #/components/schemas/microsoft.graph.managedTenants.windowsDeviceMalwareState/allOf/1/properties/detectionCount - The format int32 is not supported by Kiota for the type Null, Number and the string type will be used.
Warning: KiotaBuilder OpenAPI warning: #/components/schemas/microsoft.graph.managedTenants.windowsDeviceMalwareState/allOf/1/properties/initialDetectionDateTime - The format date-time is not supported by Kiota for the type Null, String and the string type will be used.
Warning: KiotaBuilder OpenAPI warning: #/components/schemas/microsoft.graph.managedTenants.windowsDeviceMalwareState/allOf/1/properties/lastRefreshedDateTime - The format date-time is not supported by Kiota for the type Null, String and the string type will be used.
Warning: KiotaBuilder OpenAPI warning: #/components/schemas/microsoft.graph.managedTenants.windowsDeviceMalwareState/allOf/1/properties/lastStateChangeDateTime - The format date-time is not supported by Kiota for the type Null, String and the string type will be used.
Warning: KiotaBuilder OpenAPI warning: #/components/schemas/microsoft.graph.managedTenants.windowsProtectionState/allOf/1/properties/devicePropertyRefreshDateTime - The format date-time is not supported by Kiota for the type Null, String and the string type will be used.
Warning: KiotaBuilder OpenAPI warning: #/components/schemas/microsoft.graph.managedTenants.windowsProtectionState/allOf/1/properties/lastFullScanDateTime - The format date-time is not supported by Kiota for the type Null, String and the string type will be used.
Warning: KiotaBuilder OpenAPI warning: #/components/schemas/microsoft.graph.managedTenants.windowsProtectionState/allOf/1/properties/lastQuickScanDateTime - The format date-time is not supported by Kiota for the type Null, String and the string type will be used.
Warning: KiotaBuilder OpenAPI warning: #/components/schemas/microsoft.graph.managedTenants.windowsProtectionState/allOf/1/properties/lastRefreshedDateTime - The format date-time is not supported by Kiota for the type Null, String and the string type will be used.
Warning: KiotaBuilder OpenAPI warning: #/components/schemas/microsoft.graph.managedTenants.windowsProtectionState/allOf/1/properties/lastReportedDateTime - The format date-time is not supported by Kiota for the type Null, String and the string type will be used.
Warning: KiotaBuilder OpenAPI warning: #/components/schemas/microsoft.graph.managedTenants.tenantContract/properties/contractType - The format int32 is not supported by Kiota for the type Null, Number and the string type will be used.
Warning: KiotaBuilder OpenAPI warning: #/components/schemas/microsoft.graph.managedTenants.tenantStatusInformation/properties/lastDelegatedPrivilegeRefreshDateTime - The format date-time is not supported by Kiota for the type Null, String and the string type will be used.
Warning: KiotaBuilder OpenAPI warning: #/components/schemas/microsoft.graph.managedTenants.tenantStatusInformation/properties/offboardedDateTime - The format date-time is not supported by Kiota for the type Null, String and the string type will be used.
Warning: KiotaBuilder OpenAPI warning: #/components/schemas/microsoft.graph.managedTenants.tenantStatusInformation/properties/onboardedDateTime - The format date-time is not supported by Kiota for the type Null, String and the string type will be used.
Warning: KiotaBuilder OpenAPI warning: #/components/schemas/microsoft.graph.managedTenants.workloadActionDeploymentStatus/properties/lastDeploymentDateTime - The format date-time is not supported by Kiota for the type Null, String and the string type will be used.
Warning: KiotaBuilder OpenAPI warning: #/components/schemas/microsoft.graph.managedTenants.workloadStatus/properties/offboardedDateTime - The format date-time is not supported by Kiota for the type Null, String and the string type will be used.
Warning: KiotaBuilder OpenAPI warning: #/components/schemas/microsoft.graph.managedTenants.workloadStatus/properties/onboardedDateTime - The format date-time is not supported by Kiota for the type Null, String and the string type will be used.
Warning: KiotaBuilder OpenAPI warning: #/components/schemas/microsoft.graph.networkaccess.branchSite/allOf/1/properties/bandwidthCapacity - The format int64 is not supported by Kiota for the type Null, Number and the string type will be used.
Warning: KiotaBuilder OpenAPI warning: #/components/schemas/microsoft.graph.networkaccess.networkAccessTraffic/properties/destinationPort - The format int32 is not supported by Kiota for the type Null, Number and the string type will be used.
Warning: KiotaBuilder OpenAPI warning: #/components/schemas/microsoft.graph.networkaccess.networkAccessTraffic/properties/receivedBytes - The format int64 is not supported by Kiota for the type Null, Number and the string type will be used.
Warning: KiotaBuilder OpenAPI warning: #/components/schemas/microsoft.graph.networkaccess.networkAccessTraffic/properties/responseCode - The format int32 is not supported by Kiota for the type Null, Number and the string type will be used.
Warning: KiotaBuilder OpenAPI warning: #/components/schemas/microsoft.graph.networkaccess.networkAccessTraffic/properties/sentBytes - The format int64 is not supported by Kiota for the type Null, Number and the string type will be used.
Warning: KiotaBuilder OpenAPI warning: #/components/schemas/microsoft.graph.networkaccess.networkAccessTraffic/properties/sourcePort - The format int32 is not supported by Kiota for the type Null, Number and the string type will be used.
Warning: KiotaBuilder OpenAPI warning: #/components/schemas/microsoft.graph.networkaccess.remoteNetworkHealthEvent/allOf/1/properties/bgpRoutesAdvertisedCount - The format int32 is not supported by Kiota for the type Null, Number and the string type will be used.
Warning: KiotaBuilder OpenAPI warning: #/components/schemas/microsoft.graph.networkaccess.remoteNetworkHealthEvent/allOf/1/properties/receivedBytes - The format int64 is not supported by Kiota for the type Null, Number and the string type will be used.
Warning: KiotaBuilder OpenAPI warning: #/components/schemas/microsoft.graph.networkaccess.remoteNetworkHealthEvent/allOf/1/properties/sentBytes - The format int64 is not supported by Kiota for the type Null, Number and the string type will be used.
Warning: KiotaBuilder OpenAPI warning: #/components/schemas/microsoft.graph.networkaccess.relatedFile/allOf/1/properties/sizeInBytes - The format int64 is not supported by Kiota for the type Null, Number and the string type will be used.
Warning: KiotaBuilder OpenAPI warning: #/components/schemas/microsoft.graph.networkaccess.thirdPartyTokenDetails/properties/issuedAtDateTime - The format date-time is not supported by Kiota for the type Null, String and the string type will be used.
Warning: KiotaBuilder OpenAPI warning: #/components/schemas/microsoft.graph.partner.security.partnerSecurityAlert/allOf/1/properties/firstObservedDateTime - The format date-time is not supported by Kiota for the type Null, String and the string type will be used.
Warning: KiotaBuilder OpenAPI warning: #/components/schemas/microsoft.graph.partner.security.partnerSecurityAlert/allOf/1/properties/lastObservedDateTime - The format date-time is not supported by Kiota for the type Null, String and the string type will be used.
Warning: KiotaBuilder OpenAPI warning: #/components/schemas/microsoft.graph.partner.security.partnerSecurityAlert/allOf/1/properties/resolvedOnDateTime - The format date-time is not supported by Kiota for the type Null, String and the string type will be used.
Warning: KiotaBuilder OpenAPI warning: #/components/schemas/microsoft.graph.partner.security.partnerSecurityScore/allOf/1/properties/currentScore/oneOf/0 - The format float is not supported by Kiota for the type Null, Number and the string type will be used.
Warning: KiotaBuilder OpenAPI warning: #/components/schemas/microsoft.graph.partner.security.partnerSecurityScore/allOf/1/properties/maxScore/oneOf/0 - The format float is not supported by Kiota for the type Null, Number and the string type will be used.
Warning: KiotaBuilder OpenAPI warning: #/components/schemas/microsoft.graph.partner.security.responseTimeSecurityRequirement/allOf/1/properties/averageResponseTimeInHours/oneOf/0 - The format float is not supported by Kiota for the type Null, Number and the string type will be used.
Warning: KiotaBuilder OpenAPI warning: #/components/schemas/microsoft.graph.partner.security.securityScoreHistory/allOf/1/properties/score/oneOf/0 - The format float is not supported by Kiota for the type Null, Number and the string type will be used.
Warning: KiotaBuilder OpenAPI warning: #/components/schemas/microsoft.graph.search.bookmark/allOf/1/properties/availabilityEndDateTime - The format date-time is not supported by Kiota for the type Null, String and the string type will be used.
Warning: KiotaBuilder OpenAPI warning: #/components/schemas/microsoft.graph.search.bookmark/allOf/1/properties/availabilityStartDateTime - The format date-time is not supported by Kiota for the type Null, String and the string type will be used.
Warning: KiotaBuilder OpenAPI warning: #/components/schemas/microsoft.graph.search.qna/allOf/1/properties/availabilityEndDateTime - The format date-time is not supported by Kiota for the type Null, String and the string type will be used.
Warning: KiotaBuilder OpenAPI warning: #/components/schemas/microsoft.graph.search.qna/allOf/1/properties/availabilityStartDateTime - The format date-time is not supported by Kiota for the type Null, String and the string type will be used.
Warning: KiotaBuilder OpenAPI warning: #/components/schemas/microsoft.graph.search.searchAnswer/allOf/1/properties/lastModifiedDateTime - The format date-time is not supported by Kiota for the type Null, String and the string type will be used.
Warning: KiotaBuilder OpenAPI warning: #/components/schemas/microsoft.graph.security.alert/allOf/1/properties/createdDateTime - The format date-time is not supported by Kiota for the type Null, String and the string type will be used.
Warning: KiotaBuilder OpenAPI warning: #/components/schemas/microsoft.graph.security.alert/allOf/1/properties/firstActivityDateTime - The format date-time is not supported by Kiota for the type Null, String and the string type will be used.
Warning: KiotaBuilder OpenAPI warning: #/components/schemas/microsoft.graph.security.alert/allOf/1/properties/lastActivityDateTime - The format date-time is not supported by Kiota for the type Null, String and the string type will be used.
Warning: KiotaBuilder OpenAPI warning: #/components/schemas/microsoft.graph.security.alert/allOf/1/properties/lastUpdateDateTime - The format date-time is not supported by Kiota for the type Null, String and the string type will be used.
Warning: KiotaBuilder OpenAPI warning: #/components/schemas/microsoft.graph.security.alert/allOf/1/properties/resolvedDateTime - The format date-time is not supported by Kiota for the type Null, String and the string type will be used.
Warning: KiotaBuilder OpenAPI warning: #/components/schemas/microsoft.graph.security.analyzedEmail/allOf/1/properties/loggedDateTime - The format date-time is not supported by Kiota for the type Null, String and the string type will be used.
Warning: KiotaBuilder OpenAPI warning: #/components/schemas/microsoft.graph.security.analyzedEmail/allOf/1/properties/sizeInBytes - The format int32 is not supported by Kiota for the type Null, Number and the string type will be used.
Warning: KiotaBuilder OpenAPI warning: #/components/schemas/microsoft.graph.security.auditLogQuery/allOf/1/properties/filterEndDateTime - The format date-time is not supported by Kiota for the type Null, String and the string type will be used.
Warning: KiotaBuilder OpenAPI warning: #/components/schemas/microsoft.graph.security.auditLogQuery/allOf/1/properties/filterStartDateTime - The format date-time is not supported by Kiota for the type Null, String and the string type will be used.
Warning: KiotaBuilder OpenAPI warning: #/components/schemas/microsoft.graph.security.auditLogRecord/allOf/1/properties/createdDateTime - The format date-time is not supported by Kiota for the type Null, String and the string type will be used.
Warning: KiotaBuilder OpenAPI warning: #/components/schemas/microsoft.graph.security.case/allOf/1/properties/createdDateTime - The format date-time is not supported by Kiota for the type Null, String and the string type will be used.
Warning: KiotaBuilder OpenAPI warning: #/components/schemas/microsoft.graph.security.case/allOf/1/properties/lastModifiedDateTime - The format date-time is not supported by Kiota for the type Null, String and the string type will be used.
Warning: KiotaBuilder OpenAPI warning: #/components/schemas/microsoft.graph.security.caseOperation/allOf/1/properties/completedDateTime - The format date-time is not supported by Kiota for the type Null, String and the string type will be used.
Warning: KiotaBuilder OpenAPI warning: #/components/schemas/microsoft.graph.security.caseOperation/allOf/1/properties/createdDateTime - The format date-time is not supported by Kiota for the type Null, String and the string type will be used.
Warning: KiotaBuilder OpenAPI warning: #/components/schemas/microsoft.graph.security.caseOperation/allOf/1/properties/percentProgress - The format int32 is not supported by Kiota for the type Null, Number and the string type will be used.
Warning: KiotaBuilder OpenAPI warning: #/components/schemas/microsoft.graph.security.cloudAppDiscoveryReport/allOf/1/properties/lastDataReceivedDateTime - The format date-time is not supported by Kiota for the type Null, String and the string type will be used.
Warning: KiotaBuilder OpenAPI warning: #/components/schemas/microsoft.graph.security.cloudAppDiscoveryReport/allOf/1/properties/logFileCount - The format int32 is not supported by Kiota for the type Null, Number and the string type will be used.
Warning: KiotaBuilder OpenAPI warning: #/components/schemas/microsoft.graph.security.dataSet/allOf/1/properties/createdDateTime - The format date-time is not supported by Kiota for the type Null, String and the string type will be used.
Warning: KiotaBuilder OpenAPI warning: #/components/schemas/microsoft.graph.security.dataSource/allOf/1/properties/createdDateTime - The format date-time is not supported by Kiota for the type Null, String and the string type will be used.
Warning: KiotaBuilder OpenAPI warning: #/components/schemas/microsoft.graph.security.dataSourceContainer/allOf/1/properties/createdDateTime - The format date-time is not supported by Kiota for the type Null, String and the string type will be used.
Warning: KiotaBuilder OpenAPI warning: #/components/schemas/microsoft.graph.security.dataSourceContainer/allOf/1/properties/lastModifiedDateTime - The format date-time is not supported by Kiota for the type Null, String and the string type will be used.
Warning: KiotaBuilder OpenAPI warning: #/components/schemas/microsoft.graph.security.dataSourceContainer/allOf/1/properties/releasedDateTime - The format date-time is not supported by Kiota for the type Null, String and the string type will be used.
Warning: KiotaBuilder OpenAPI warning: #/components/schemas/microsoft.graph.security.discoveredCloudAppDetail/allOf/1/properties/riskScore - The format int64 is not supported by Kiota for the type Null, Number and the string type will be used.
Warning: KiotaBuilder OpenAPI warning: #/components/schemas/microsoft.graph.security.discoveredCloudAppInfo/allOf/1/properties/domainRegistrationDateTime - The format date-time is not supported by Kiota for the type Null, String and the string type will be used.
Warning: KiotaBuilder OpenAPI warning: #/components/schemas/microsoft.graph.security.discoveredCloudAppInfo/allOf/1/properties/latestBreachDateTime - The format date-time is not supported by Kiota for the type Null, String and the string type will be used.
Warning: KiotaBuilder OpenAPI warning: #/components/schemas/microsoft.graph.security.ediscoveryCase/allOf/1/properties/closedDateTime - The format date-time is not supported by Kiota for the type Null, String and the string type will be used.
Warning: KiotaBuilder OpenAPI warning: #/components/schemas/microsoft.graph.security.ediscoveryCustodian/allOf/1/properties/acknowledgedDateTime - The format date-time is not supported by Kiota for the type Null, String and the string type will be used.
Warning: KiotaBuilder OpenAPI warning: #/components/schemas/microsoft.graph.security.ediscoveryEstimateOperation/allOf/1/properties/indexedItemCount - The format int64 is not supported by Kiota for the type Null, Number and the string type will be used.
Warning: KiotaBuilder OpenAPI warning: #/components/schemas/microsoft.graph.security.ediscoveryEstimateOperation/allOf/1/properties/indexedItemsSize - The format int64 is not supported by Kiota for the type Null, Number and the string type will be used.
Warning: KiotaBuilder OpenAPI warning: #/components/schemas/microsoft.graph.security.ediscoveryEstimateOperation/allOf/1/properties/mailboxCount - The format int32 is not supported by Kiota for the type Null, Number and the string type will be used.
Warning: KiotaBuilder OpenAPI warning: #/components/schemas/microsoft.graph.security.ediscoveryEstimateOperation/allOf/1/properties/siteCount - The format int32 is not supported by Kiota for the type Null, Number and the string type will be used.
Warning: KiotaBuilder OpenAPI warning: #/components/schemas/microsoft.graph.security.ediscoveryEstimateOperation/allOf/1/properties/unindexedItemCount - The format int64 is not supported by Kiota for the type Null, Number and the string type will be used.
Warning: KiotaBuilder OpenAPI warning: #/components/schemas/microsoft.graph.security.ediscoveryEstimateOperation/allOf/1/properties/unindexedItemsSize - The format int64 is not supported by Kiota for the type Null, Number and the string type will be used.
Warning: KiotaBuilder OpenAPI warning: #/components/schemas/microsoft.graph.security.emailThreatSubmission/allOf/1/properties/receivedDateTime - The format date-time is not supported by Kiota for the type Null, String and the string type will be used.
Warning: KiotaBuilder OpenAPI warning: #/components/schemas/microsoft.graph.security.file/allOf/1/properties/content - The format base64url is not supported by Kiota for the type Null, String and the string type will be used.
Warning: KiotaBuilder OpenAPI warning: #/components/schemas/microsoft.graph.security.file/allOf/1/properties/dateTime - The format date-time is not supported by Kiota for the type Null, String and the string type will be used.
Warning: KiotaBuilder OpenAPI warning: #/components/schemas/microsoft.graph.security.file/allOf/1/properties/extractedTextContent - The format base64url is not supported by Kiota for the type Null, String and the string type will be used.
Warning: KiotaBuilder OpenAPI warning: #/components/schemas/microsoft.graph.security.file/allOf/1/properties/size - The format int64 is not supported by Kiota for the type Null, Number and the string type will be used.
Warning: KiotaBuilder OpenAPI warning: #/components/schemas/microsoft.graph.security.filePlanDescriptorTemplate/allOf/1/properties/createdDateTime - The format date-time is not supported by Kiota for the type Null, String and the string type will be used.
Warning: KiotaBuilder OpenAPI warning: #/components/schemas/microsoft.graph.security.host/allOf/1/properties/firstSeenDateTime - The format date-time is not supported by Kiota for the type Null, String and the string type will be used.
Warning: KiotaBuilder OpenAPI warning: #/components/schemas/microsoft.graph.security.host/allOf/1/properties/lastSeenDateTime - The format date-time is not supported by Kiota for the type Null, String and the string type will be used.
Warning: KiotaBuilder OpenAPI warning: #/components/schemas/microsoft.graph.security.hostPair/allOf/1/properties/firstSeenDateTime - The format date-time is not supported by Kiota for the type Null, String and the string type will be used.
Warning: KiotaBuilder OpenAPI warning: #/components/schemas/microsoft.graph.security.hostPair/allOf/1/properties/lastSeenDateTime - The format date-time is not supported by Kiota for the type Null, String and the string type will be used.
Warning: KiotaBuilder OpenAPI warning: #/components/schemas/microsoft.graph.security.hostPort/allOf/1/properties/firstSeenDateTime - The format date-time is not supported by Kiota for the type Null, String and the string type will be used.
Warning: KiotaBuilder OpenAPI warning: #/components/schemas/microsoft.graph.security.hostPort/allOf/1/properties/lastScanDateTime - The format date-time is not supported by Kiota for the type Null, String and the string type will be used.
Warning: KiotaBuilder OpenAPI warning: #/components/schemas/microsoft.graph.security.hostPort/allOf/1/properties/lastSeenDateTime - The format date-time is not supported by Kiota for the type Null, String and the string type will be used.
Warning: KiotaBuilder OpenAPI warning: #/components/schemas/microsoft.graph.security.hostPort/allOf/1/properties/timesObserved - The format int32 is not supported by Kiota for the type Null, Number and the string type will be used.
Warning: KiotaBuilder OpenAPI warning: #/components/schemas/microsoft.graph.security.hostSslCertificate/allOf/1/properties/firstSeenDateTime - The format date-time is not supported by Kiota for the type Null, String and the string type will be used.
Warning: KiotaBuilder OpenAPI warning: #/components/schemas/microsoft.graph.security.hostSslCertificate/allOf/1/properties/lastSeenDateTime - The format date-time is not supported by Kiota for the type Null, String and the string type will be used.
Warning: KiotaBuilder OpenAPI warning: #/components/schemas/microsoft.graph.security.intelligenceProfileIndicator/allOf/1/properties/lastSeenDateTime - The format date-time is not supported by Kiota for the type Null, String and the string type will be used.
Warning: KiotaBuilder OpenAPI warning: #/components/schemas/microsoft.graph.security.policyBase/allOf/1/properties/createdDateTime - The format date-time is not supported by Kiota for the type Null, String and the string type will be used.
Warning: KiotaBuilder OpenAPI warning: #/components/schemas/microsoft.graph.security.policyBase/allOf/1/properties/lastModifiedDateTime - The format date-time is not supported by Kiota for the type Null, String and the string type will be used.
Warning: KiotaBuilder OpenAPI warning: #/components/schemas/microsoft.graph.security.retentionEvent/allOf/1/properties/createdDateTime - The format date-time is not supported by Kiota for the type Null, String and the string type will be used.
Warning: KiotaBuilder OpenAPI warning: #/components/schemas/microsoft.graph.security.retentionEvent/allOf/1/properties/eventTriggerDateTime - The format date-time is not supported by Kiota for the type Null, String and the string type will be used.
Warning: KiotaBuilder OpenAPI warning: #/components/schemas/microsoft.graph.security.retentionEvent/allOf/1/properties/lastModifiedDateTime - The format date-time is not supported by Kiota for the type Null, String and the string type will be used.
Warning: KiotaBuilder OpenAPI warning: #/components/schemas/microsoft.graph.security.retentionEvent/allOf/1/properties/lastStatusUpdateDateTime - The format date-time is not supported by Kiota for the type Null, String and the string type will be used.
Warning: KiotaBuilder OpenAPI warning: #/components/schemas/microsoft.graph.security.retentionEventType/allOf/1/properties/createdDateTime - The format date-time is not supported by Kiota for the type Null, String and the string type will be used.
Warning: KiotaBuilder OpenAPI warning: #/components/schemas/microsoft.graph.security.retentionEventType/allOf/1/properties/lastModifiedDateTime - The format date-time is not supported by Kiota for the type Null, String and the string type will be used.
Warning: KiotaBuilder OpenAPI warning: #/components/schemas/microsoft.graph.security.retentionLabel/allOf/1/properties/createdDateTime - The format date-time is not supported by Kiota for the type Null, String and the string type will be used.
Warning: KiotaBuilder OpenAPI warning: #/components/schemas/microsoft.graph.security.retentionLabel/allOf/1/properties/lastModifiedDateTime - The format date-time is not supported by Kiota for the type Null, String and the string type will be used.
Warning: KiotaBuilder OpenAPI warning: #/components/schemas/microsoft.graph.security.search/allOf/1/properties/createdDateTime - The format date-time is not supported by Kiota for the type Null, String and the string type will be used.
Warning: KiotaBuilder OpenAPI warning: #/components/schemas/microsoft.graph.security.search/allOf/1/properties/lastModifiedDateTime - The format date-time is not supported by Kiota for the type Null, String and the string type will be used.
Warning: KiotaBuilder OpenAPI warning: #/components/schemas/microsoft.graph.security.sslCertificate/allOf/1/properties/expirationDateTime - The format date-time is not supported by Kiota for the type Null, String and the string type will be used.
Warning: KiotaBuilder OpenAPI warning: #/components/schemas/microsoft.graph.security.sslCertificate/allOf/1/properties/firstSeenDateTime - The format date-time is not supported by Kiota for the type Null, String and the string type will be used.
Warning: KiotaBuilder OpenAPI warning: #/components/schemas/microsoft.graph.security.sslCertificate/allOf/1/properties/issueDateTime - The format date-time is not supported by Kiota for the type Null, String and the string type will be used.
Warning: KiotaBuilder OpenAPI warning: #/components/schemas/microsoft.graph.security.sslCertificate/allOf/1/properties/lastSeenDateTime - The format date-time is not supported by Kiota for the type Null, String and the string type will be used.
Warning: KiotaBuilder OpenAPI warning: #/components/schemas/microsoft.graph.security.subdomain/allOf/1/properties/firstSeenDateTime - The format date-time is not supported by Kiota for the type Null, String and the string type will be used.
Warning: KiotaBuilder OpenAPI warning: #/components/schemas/microsoft.graph.security.tag/allOf/1/properties/lastModifiedDateTime - The format date-time is not supported by Kiota for the type Null, String and the string type will be used.
Warning: KiotaBuilder OpenAPI warning: #/components/schemas/microsoft.graph.security.threatSubmission/allOf/1/properties/createdDateTime - The format date-time is not supported by Kiota for the type Null, String and the string type will be used.
Warning: KiotaBuilder OpenAPI warning: #/components/schemas/microsoft.graph.security.whoisBaseRecord/allOf/1/properties/expirationDateTime - The format date-time is not supported by Kiota for the type Null, String and the string type will be used.
Warning: KiotaBuilder OpenAPI warning: #/components/schemas/microsoft.graph.security.whoisBaseRecord/allOf/1/properties/firstSeenDateTime - The format date-time is not supported by Kiota for the type Null, String and the string type will be used.
Warning: KiotaBuilder OpenAPI warning: #/components/schemas/microsoft.graph.security.whoisBaseRecord/allOf/1/properties/lastSeenDateTime - The format date-time is not supported by Kiota for the type Null, String and the string type will be used.
Warning: KiotaBuilder OpenAPI warning: #/components/schemas/microsoft.graph.security.whoisBaseRecord/allOf/1/properties/lastUpdateDateTime - The format date-time is not supported by Kiota for the type Null, String and the string type will be used.
Warning: KiotaBuilder OpenAPI warning: #/components/schemas/microsoft.graph.security.whoisBaseRecord/allOf/1/properties/registrationDateTime - The format date-time is not supported by Kiota for the type Null, String and the string type will be used.
Warning: KiotaBuilder OpenAPI warning: #/components/schemas/microsoft.graph.security.analyzedEmailAttachment/properties/fileSize - The format int32 is not supported by Kiota for the type Null, Number and the string type will be used.
Warning: KiotaBuilder OpenAPI warning: #/components/schemas/microsoft.graph.security.analyzedEmailSenderDetail/properties/domainCreationDateTime - The format date-time is not supported by Kiota for the type Null, String and the string type will be used.
Warning: KiotaBuilder OpenAPI warning: #/components/schemas/microsoft.graph.security.analyzedMessageEvidence/allOf/1/properties/attachmentsCount - The format int64 is not supported by Kiota for the type Null, Number and the string type will be used.
Warning: KiotaBuilder OpenAPI warning: #/components/schemas/microsoft.graph.security.analyzedMessageEvidence/allOf/1/properties/receivedDateTime - The format date-time is not supported by Kiota for the type Null, String and the string type will be used.
Warning: KiotaBuilder OpenAPI warning: #/components/schemas/microsoft.graph.security.analyzedMessageEvidence/allOf/1/properties/urlCount - The format int64 is not supported by Kiota for the type Null, Number and the string type will be used.
Warning: KiotaBuilder OpenAPI warning: #/components/schemas/microsoft.graph.security.attackSimulationInfo/properties/attackSimDateTime - The format date-time is not supported by Kiota for the type Null, String and the string type will be used.
Warning: KiotaBuilder OpenAPI warning: #/components/schemas/microsoft.graph.security.attackSimulationInfo/properties/attackSimDurationTime - The format duration is not supported by Kiota for the type Null, String and the string type will be used.
Warning: KiotaBuilder OpenAPI warning: #/components/schemas/microsoft.graph.security.attackSimulationInfo/properties/attackSimId - The format uuid is not supported by Kiota for the type Null, String and the string type will be used.
Warning: KiotaBuilder OpenAPI warning: #/components/schemas/microsoft.graph.security.bufferDecryptionResult/properties/decryptedBuffer - The format base64url is not supported by Kiota for the type Null, String and the string type will be used.
Warning: KiotaBuilder OpenAPI warning: #/components/schemas/microsoft.graph.security.bufferEncryptionResult/properties/encryptedBuffer - The format base64url is not supported by Kiota for the type Null, String and the string type will be used.
Warning: KiotaBuilder OpenAPI warning: #/components/schemas/microsoft.graph.security.bufferEncryptionResult/properties/publishingLicense - The format base64url is not supported by Kiota for the type Null, String and the string type will be used.
Warning: KiotaBuilder OpenAPI warning: #/components/schemas/microsoft.graph.security.cloudApplicationEvidence/allOf/1/properties/appId - The format int64 is not supported by Kiota for the type Null, Number and the string type will be used.
Warning: KiotaBuilder OpenAPI warning: #/components/schemas/microsoft.graph.security.cloudApplicationEvidence/allOf/1/properties/instanceId - The format int64 is not supported by Kiota for the type Null, Number and the string type will be used.
Warning: KiotaBuilder OpenAPI warning: #/components/schemas/microsoft.graph.security.cloudApplicationEvidence/allOf/1/properties/saasAppId - The format int64 is not supported by Kiota for the type Null, Number and the string type will be used.
Warning: KiotaBuilder OpenAPI warning: #/components/schemas/microsoft.graph.security.cloudLogonSessionEvidence/allOf/1/properties/previousLogonDateTime - The format date-time is not supported by Kiota for the type Null, String and the string type will be used.
Warning: KiotaBuilder OpenAPI warning: #/components/schemas/microsoft.graph.security.cloudLogonSessionEvidence/allOf/1/properties/startUtcDateTime - The format date-time is not supported by Kiota for the type Null, String and the string type will be used.
Warning: KiotaBuilder OpenAPI warning: #/components/schemas/microsoft.graph.security.contentLabel/properties/createdDateTime - The format date-time is not supported by Kiota for the type Null, String and the string type will be used.
Warning: KiotaBuilder OpenAPI warning: #/components/schemas/microsoft.graph.security.cvssSummary/properties/score/oneOf/0 - The format double is not supported by Kiota for the type Null, Number and the string type will be used.
Warning: KiotaBuilder OpenAPI warning: #/components/schemas/microsoft.graph.security.detonationBehaviourDetails/properties/eventDateTime - The format date-time is not supported by Kiota for the type Null, String and the string type will be used.
Warning: KiotaBuilder OpenAPI warning: #/components/schemas/microsoft.graph.security.detonationDetails/properties/analysisDateTime - The format date-time is not supported by Kiota for the type Null, String and the string type will be used.
Warning: KiotaBuilder OpenAPI warning: #/components/schemas/microsoft.graph.security.deviceEvidence/allOf/1/properties/firstSeenDateTime - The format date-time is not supported by Kiota for the type Null, String and the string type will be used.
Warning: KiotaBuilder OpenAPI warning: #/components/schemas/microsoft.graph.security.deviceEvidence/allOf/1/properties/osBuild - The format int64 is not supported by Kiota for the type Null, Number and the string type will be used.
Warning: KiotaBuilder OpenAPI warning: #/components/schemas/microsoft.graph.security.deviceEvidence/allOf/1/properties/rbacGroupId - The format int32 is not supported by Kiota for the type Null, Number and the string type will be used.
Warning: KiotaBuilder OpenAPI warning: #/components/schemas/microsoft.graph.security.exportFileMetadata/properties/size - The format int64 is not supported by Kiota for the type Null, Number and the string type will be used.
Warning: KiotaBuilder OpenAPI warning: #/components/schemas/microsoft.graph.security.fileDetails/properties/fileSize - The format int64 is not supported by Kiota for the type Null, Number and the string type will be used.
Warning: KiotaBuilder OpenAPI warning: #/components/schemas/microsoft.graph.security.geoLocation/properties/latitude/oneOf/0 - The format double is not supported by Kiota for the type Null, Number and the string type will be used.
Warning: KiotaBuilder OpenAPI warning: #/components/schemas/microsoft.graph.security.geoLocation/properties/longitude/oneOf/0 - The format double is not supported by Kiota for the type Null, Number and the string type will be used.
Warning: KiotaBuilder OpenAPI warning: #/components/schemas/microsoft.graph.security.googleCloudResourceEvidence/allOf/1/properties/projectNumber - The format int64 is not supported by Kiota for the type Null, Number and the string type will be used.
Warning: KiotaBuilder OpenAPI warning: #/components/schemas/microsoft.graph.security.hostLogonSessionEvidence/allOf/1/properties/endUtcDateTime - The format date-time is not supported by Kiota for the type Null, String and the string type will be used.
Warning: KiotaBuilder OpenAPI warning: #/components/schemas/microsoft.graph.security.hostLogonSessionEvidence/allOf/1/properties/startUtcDateTime - The format date-time is not supported by Kiota for the type Null, String and the string type will be used.
Warning: KiotaBuilder OpenAPI warning: #/components/schemas/microsoft.graph.security.hostPortBanner/properties/firstSeenDateTime - The format date-time is not supported by Kiota for the type Null, String and the string type will be used.
Warning: KiotaBuilder OpenAPI warning: #/components/schemas/microsoft.graph.security.hostPortBanner/properties/lastSeenDateTime - The format date-time is not supported by Kiota for the type Null, String and the string type will be used.
Warning: KiotaBuilder OpenAPI warning: #/components/schemas/microsoft.graph.security.hostPortBanner/properties/timesObserved - The format int32 is not supported by Kiota for the type Null, Number and the string type will be used.
Warning: KiotaBuilder OpenAPI warning: #/components/schemas/microsoft.graph.security.hostPortComponent/properties/firstSeenDateTime - The format date-time is not supported by Kiota for the type Null, String and the string type will be used.
Warning: KiotaBuilder OpenAPI warning: #/components/schemas/microsoft.graph.security.hostPortComponent/properties/lastSeenDateTime - The format date-time is not supported by Kiota for the type Null, String and the string type will be used.
Warning: KiotaBuilder OpenAPI warning: #/components/schemas/microsoft.graph.security.hostSslCertificatePort/properties/firstSeenDateTime - The format date-time is not supported by Kiota for the type Null, String and the string type will be used.
Warning: KiotaBuilder OpenAPI warning: #/components/schemas/microsoft.graph.security.hostSslCertificatePort/properties/lastSeenDateTime - The format date-time is not supported by Kiota for the type Null, String and the string type will be used.
Warning: KiotaBuilder OpenAPI warning: #/components/schemas/microsoft.graph.security.hostSslCertificatePort/properties/port - The format int32 is not supported by Kiota for the type Null, Number and the string type will be used.
Warning: KiotaBuilder OpenAPI warning: #/components/schemas/microsoft.graph.security.mailboxConfigurationEvidence/allOf/1/properties/externalDirectoryObjectId - The format uuid is not supported by Kiota for the type Null, String and the string type will be used.
Warning: KiotaBuilder OpenAPI warning: #/components/schemas/microsoft.graph.security.mailClusterEvidence/allOf/1/properties/emailCount - The format int64 is not supported by Kiota for the type Null, Number and the string type will be used.
Warning: KiotaBuilder OpenAPI warning: #/components/schemas/microsoft.graph.security.networkConnectionEvidence/allOf/1/properties/destinationPort - The format int32 is not supported by Kiota for the type Null, Number and the string type will be used.
Warning: KiotaBuilder OpenAPI warning: #/components/schemas/microsoft.graph.security.networkConnectionEvidence/allOf/1/properties/sourcePort - The format int32 is not supported by Kiota for the type Null, Number and the string type will be used.
Warning: KiotaBuilder OpenAPI warning: #/components/schemas/microsoft.graph.security.ocrSettings/properties/maxImageSize - The format int32 is not supported by Kiota for the type Null, Number and the string type will be used.
Warning: KiotaBuilder OpenAPI warning: #/components/schemas/microsoft.graph.security.ocrSettings/properties/timeout - The format duration is not supported by Kiota for the type Null, String and the string type will be used.
Warning: KiotaBuilder OpenAPI warning: #/components/schemas/microsoft.graph.security.processEvidence/allOf/1/properties/parentProcessCreationDateTime - The format date-time is not supported by Kiota for the type Null, String and the string type will be used.
Warning: KiotaBuilder OpenAPI warning: #/components/schemas/microsoft.graph.security.processEvidence/allOf/1/properties/parentProcessId - The format int64 is not supported by Kiota for the type Null, Number and the string type will be used.
Warning: KiotaBuilder OpenAPI warning: #/components/schemas/microsoft.graph.security.processEvidence/allOf/1/properties/processCreationDateTime - The format date-time is not supported by Kiota for the type Null, String and the string type will be used.
Warning: KiotaBuilder OpenAPI warning: #/components/schemas/microsoft.graph.security.processEvidence/allOf/1/properties/processId - The format int64 is not supported by Kiota for the type Null, Number and the string type will be used.
Warning: KiotaBuilder OpenAPI warning: #/components/schemas/microsoft.graph.security.queryCondition/properties/lastModifiedDateTime - The format date-time is not supported by Kiota for the type Null, String and the string type will be used.
Warning: KiotaBuilder OpenAPI warning: #/components/schemas/microsoft.graph.security.redundancyDetectionSettings/properties/maxWords - The format int32 is not supported by Kiota for the type Null, Number and the string type will be used.
Warning: KiotaBuilder OpenAPI warning: #/components/schemas/microsoft.graph.security.redundancyDetectionSettings/properties/minWords - The format int32 is not supported by Kiota for the type Null, Number and the string type will be used.
Warning: KiotaBuilder OpenAPI warning: #/components/schemas/microsoft.graph.security.redundancyDetectionSettings/properties/similarityThreshold - The format int32 is not supported by Kiota for the type Null, Number and the string type will be used.
Warning: KiotaBuilder OpenAPI warning: #/components/schemas/microsoft.graph.security.retentionDurationInDays/allOf/1/properties/days - The format int32 is not supported by Kiota for the type Null, Number and the string type will be used.
Warning: KiotaBuilder OpenAPI warning: #/components/schemas/microsoft.graph.security.ruleSchedule/properties/nextRunDateTime - The format date-time is not supported by Kiota for the type Null, String and the string type will be used.
Warning: KiotaBuilder OpenAPI warning: #/components/schemas/microsoft.graph.security.runDetails/properties/lastRunDateTime - The format date-time is not supported by Kiota for the type Null, String and the string type will be used.
Warning: KiotaBuilder OpenAPI warning: #/components/schemas/microsoft.graph.security.sasTokenEvidence/allOf/1/properties/expiryDateTime - The format date-time is not supported by Kiota for the type Null, String and the string type will be used.
Warning: KiotaBuilder OpenAPI warning: #/components/schemas/microsoft.graph.security.sasTokenEvidence/allOf/1/properties/startDateTime - The format date-time is not supported by Kiota for the type Null, String and the string type will be used.
Warning: KiotaBuilder OpenAPI warning: #/components/schemas/microsoft.graph.security.signingResult/properties/signature - The format base64url is not supported by Kiota for the type Null, String and the string type will be used.
Warning: KiotaBuilder OpenAPI warning: #/components/schemas/microsoft.graph.security.submissionAdminReview/properties/reviewDateTime - The format date-time is not supported by Kiota for the type Null, String and the string type will be used.
Warning: KiotaBuilder OpenAPI warning: #/components/schemas/microsoft.graph.security.submissionMailEvidence/allOf/1/properties/submissionDateTime - The format date-time is not supported by Kiota for the type Null, String and the string type will be used.
Warning: KiotaBuilder OpenAPI warning: #/components/schemas/microsoft.graph.security.tenantAllowBlockListEntryResult/properties/expirationDateTime - The format date-time is not supported by Kiota for the type Null, String and the string type will be used.
Warning: KiotaBuilder OpenAPI warning: #/components/schemas/microsoft.graph.security.tenantAllowOrBlockListAction/properties/expirationDateTime - The format date-time is not supported by Kiota for the type Null, String and the string type will be used.
Warning: KiotaBuilder OpenAPI warning: #/components/schemas/microsoft.graph.security.timelineEvent/properties/eventDateTime - The format date-time is not supported by Kiota for the type Null, String and the string type will be used.
Warning: KiotaBuilder OpenAPI warning: #/components/schemas/microsoft.graph.security.topicModelingSettings/properties/topicCount - The format int32 is not supported by Kiota for the type Null, Number and the string type will be used.
Warning: KiotaBuilder OpenAPI warning: #/components/schemas/microsoft.graph.security.whoisNameserver/properties/firstSeenDateTime - The format date-time is not supported by Kiota for the type Null, String and the string type will be used.
Warning: KiotaBuilder OpenAPI warning: #/components/schemas/microsoft.graph.security.whoisNameserver/properties/lastSeenDateTime - The format date-time is not supported by Kiota for the type Null, String and the string type will be used.
Warning: KiotaBuilder OpenAPI warning: #/components/schemas/microsoft.graph.termStore.group/allOf/1/properties/createdDateTime - The format date-time is not supported by Kiota for the type Null, String and the string type will be used.
Warning: KiotaBuilder OpenAPI warning: #/components/schemas/microsoft.graph.termStore.set/allOf/1/properties/createdDateTime - The format date-time is not supported by Kiota for the type Null, String and the string type will be used.
Warning: KiotaBuilder OpenAPI warning: #/components/schemas/microsoft.graph.termStore.term/allOf/1/properties/createdDateTime - The format date-time is not supported by Kiota for the type Null, String and the string type will be used.
Warning: KiotaBuilder OpenAPI warning: #/components/schemas/microsoft.graph.termStore.term/allOf/1/properties/lastModifiedDateTime - The format date-time is not supported by Kiota for the type Null, String and the string type will be used.
Warning: KiotaBuilder OpenAPI warning: #/components/schemas/microsoft.graph.windowsUpdates.catalogEntry/allOf/1/properties/deployableUntilDateTime - The format date-time is not supported by Kiota for the type Null, String and the string type will be used.
Warning: KiotaBuilder OpenAPI warning: #/components/schemas/microsoft.graph.windowsUpdates.complianceChange/allOf/1/properties/createdDateTime - The format date-time is not supported by Kiota for the type Null, String and the string type will be used.
Warning: KiotaBuilder OpenAPI warning: #/components/schemas/microsoft.graph.windowsUpdates.complianceChange/allOf/1/properties/revokedDateTime - The format date-time is not supported by Kiota for the type Null, String and the string type will be used.
Warning: KiotaBuilder OpenAPI warning: #/components/schemas/microsoft.graph.windowsUpdates.driverUpdateCatalogEntry/allOf/1/properties/versionDateTime - The format date-time is not supported by Kiota for the type Null, String and the string type will be used.
Warning: KiotaBuilder OpenAPI warning: #/components/schemas/microsoft.graph.windowsUpdates.knownIssue/allOf/1/properties/resolvedDateTime - The format date-time is not supported by Kiota for the type Null, String and the string type will be used.
Warning: KiotaBuilder OpenAPI warning: #/components/schemas/microsoft.graph.windowsUpdates.updatePolicy/allOf/1/properties/createdDateTime - The format date-time is not supported by Kiota for the type Null, String and the string type will be used.
Warning: KiotaBuilder OpenAPI warning: #/components/schemas/microsoft.graph.windowsUpdates.complianceChangeRule/properties/createdDateTime - The format date-time is not supported by Kiota for the type Null, String and the string type will be used.
Warning: KiotaBuilder OpenAPI warning: #/components/schemas/microsoft.graph.windowsUpdates.complianceChangeRule/properties/lastEvaluatedDateTime - The format date-time is not supported by Kiota for the type Null, String and the string type will be used.
Warning: KiotaBuilder OpenAPI warning: #/components/schemas/microsoft.graph.windowsUpdates.complianceChangeRule/properties/lastModifiedDateTime - The format date-time is not supported by Kiota for the type Null, String and the string type will be used.
Warning: KiotaBuilder OpenAPI warning: #/components/schemas/microsoft.graph.windowsUpdates.contentApprovalRule/allOf/1/properties/durationBeforeDeploymentStart - The format duration is not supported by Kiota for the type Null, String and the string type will be used.
Warning: KiotaBuilder OpenAPI warning: #/components/schemas/microsoft.graph.windowsUpdates.gradualRolloutSettings/properties/durationBetweenOffers - The format duration is not supported by Kiota for the type Null, String and the string type will be used.
Warning: KiotaBuilder OpenAPI warning: #/components/schemas/microsoft.graph.windowsUpdates.monitoringRule/properties/threshold - The format int32 is not supported by Kiota for the type Null, Number and the string type will be used.
Warning: KiotaBuilder OpenAPI warning: #/components/schemas/microsoft.graph.windowsUpdates.qualityUpdateCveSeverityInformation/properties/maxBaseScore/oneOf/0 - The format double is not supported by Kiota for the type Null, Number and the string type will be used.
Warning: KiotaBuilder OpenAPI warning: #/components/schemas/microsoft.graph.windowsUpdates.scheduleSettings/properties/startDateTime - The format date-time is not supported by Kiota for the type Null, String and the string type will be used.
Warning: KiotaBuilder OpenAPI warning: #/components/schemas/microsoft.graph.windowsUpdates.updateCategoryEnrollmentInformation/properties/lastModifiedDateTime - The format date-time is not supported by Kiota for the type Null, String and the string type will be used.
Warning: KiotaBuilder OpenAPI warning: #/components/schemas/microsoft.graph.windowsUpdates.userExperienceSettings/properties/daysUntilForcedReboot - The format int32 is not supported by Kiota for the type Null, Number and the string type will be used.
Warning: KiotaBuilder OpenAPI warning: #/components/schemas/microsoft.graph.ODataErrors.InnerError/properties/date - The format date-time is not supported by Kiota for the type Null, String and the string type will be used.
Warning: KiotaBuilder OpenAPI warning: #/components/schemas/BaseCollectionPaginationCountResponse/properties/@odata.count - The format int64 is not supported by Kiota for the type Null, Integer and the string type will be used.
Warning: KiotaBuilder OpenAPI warning: #/components/requestBodies/findMeetingTimesRequestBody/content/application~1json/schema/properties/meetingDuration - The format duration is not supported by Kiota for the type Null, String and the string type will be used.
Warning: KiotaBuilder OpenAPI warning: #/components/requestBodies/findMeetingTimesRequestBody/content/application~1json/schema/properties/maxCandidates - The format int32 is not supported by Kiota for the type Null, Number and the string type will be used.
Warning: KiotaBuilder OpenAPI warning: #/components/requestBodies/findMeetingTimesRequestBody/content/application~1json/schema/properties/minimumAttendeePercentage/oneOf/0 - The format double is not supported by Kiota for the type Null, Number and the string type will be used.
